{"noiseKey":{"private":{"type":"Buffer","data":"SKz9kitBSWB0wFAYGm57ZgEWzuj6G9v2YjtGdKHtjF4="},"public":{"type":"Buffer","data":"XGrl2ViOKwJO1d25cmCZP5zCNbLhrmj5mBaDfnbulSM="}},"pairingEphemeralKeyPair":{"private":{"type":"Buffer","data":"sFOdO+eBoxR7F1/hnWaWZSYW/7TBE0IJTRQxPsmZyUM="},"public":{"type":"Buffer","data":"I639yRJHuczVkACtO5FG1OqoJYri/CoCZZ9IsyMJVXM="}},"signedIdentityKey":{"private":{"type":"Buffer","data":"kGHqqGyYT5GGsGNi6S9CxHiuxA41lpxl/RVl3bv4s1g="},"public":{"type":"Buffer","data":"fPXmweu+ScE7LLLiMsEreV81yMH+Psg1mtN+UMnhJlc="}},"signedPreKey":{"keyPair":{"private":{"type":"Buffer","data":"INImEoLlkemekeipUlk63ERrxA8hrilmgf9qZP82rH0="},"public":{"type":"Buffer","data":"fp1S0lUoGOc0dEJplydqNcPyPmRj4h0H5/8zgXoKkAw="}},"signature":{"type":"Buffer","data":"T7O2ofaDrMAusEV+HPYjBcmg81fYdkyrBecaklhby8H4+2tRemDw/ixDmhLGU7d/DgVgW4enmB/eXbDOb+hzjQ=="},"keyId":1},"registrationId":231,"advSecretKey":"nwl2ObS+ptUx2cTDs1qgNZHmrkVDr7k7HxZNJh1rWhc=","processedHistoryMessages":[{"key":{"remoteJid":"393935731102@s.whatsapp.net","fromMe":true,"id":"F2D2BBC3A7BA27B3EFC4ACD82E5637DB"},"messageTimestamp":1747613010},{"key":{"remoteJid":"393935731102@s.whatsapp.net","fromMe":true,"id":"B4997167C5D1A3DDC111B7AA1F849DF5"},"messageTimestamp":1747613013},{"key":{"remoteJid":"393935731102@s.whatsapp.net","fromMe":true,"id":"BC9DD6E367C7368C4751610B3DEC8938"},"messageTimestamp":1747613031},{"key":{"remoteJid":"393935731102@s.whatsapp.net","fromMe":true,"id":"9396D92D770710994D76718A7812C4F1"},"messageTimestamp":1747613100},{"key":{"remoteJid":"393935731102@s.whatsapp.net","fromMe":true,"id":"2400866D687F8DABDE27F764DEC323B1"},"messageTimestamp":1747613108},{"key":{"remoteJid":"393935731102@s.whatsapp.net","fromMe":true,"id":"B5BF4B0A03CD638B4535ACE2639ABC8C"},"messageTimestamp":1747613166},{"key":{"remoteJid":"393935731102@s.whatsapp.net","fromMe":true,"id":"CD43214B1E999F28DD570D5EDFE95A79"},"messageTimestamp":1747613166},{"key":{"remoteJid":"393935731102@s.whatsapp.net","fromMe":true,"id":"39DC63D04999A4F93DD6C21D1BF37F5F"},"messageTimestamp":1747613166},{"key":{"remoteJid":"393935731102@s.whatsapp.net","fromMe":true,"id":"B1875FEF4BC17ED4E967B8402806C7C0"},"messageTimestamp":1747613166},{"key":{"remoteJid":"393935731102@s.whatsapp.net","fromMe":true,"id":"3512DDB3D17E53053C0C3AA8C4538910"},"messageTimestamp":1747613166},{"key":{"remoteJid":"393935731102@s.whatsapp.net","fromMe":true,"id":"1A41FAFBA5357221A6ED3D7B3662AFB7"},"messageTimestamp":1747613170},{"key":{"remoteJid":"393935731102@s.whatsapp.net","fromMe":true,"id":"5DDCB00FC537789E1FB519FDBAB98149"},"messageTimestamp":1747613170},{"key":{"remoteJid":"393935731102@s.whatsapp.net","fromMe":true,"id":"E20B889032E1B5B1B67DE66F942E4D36"},"messageTimestamp":1747613175},{"key":{"remoteJid":"393935731102@s.whatsapp.net","fromMe":true,"id":"AD14961B608A94880393CFDFDF0A2A04"},"messageTimestamp":1747613176},{"key":{"remoteJid":"393935731102@s.whatsapp.net","fromMe":true,"id":"00E0B4E3BE451BA08D695D2F7FC9BA3C"},"messageTimestamp":1747613251},{"key":{"remoteJid":"393935731102@s.whatsapp.net","fromMe":true,"id":"B6F9880F5085F018285ACC81CD07F807"},"messageTimestamp":1747613266},{"key":{"remoteJid":"393935731102@s.whatsapp.net","fromMe":true,"id":"C775C4AAF37F3C6A4B92CDDD75873340"},"messageTimestamp":1747613282},{"key":{"remoteJid":"393935731102@s.whatsapp.net","fromMe":true,"id":"ACA6AA533706A186F87D388FDA4F62D0"},"messageTimestamp":1747613291},{"key":{"remoteJid":"393935731102@s.whatsapp.net","fromMe":true,"id":"9B5A5BD817E3E5B2C415CDC70A8EEB2E"},"messageTimestamp":1747613315},{"key":{"remoteJid":"393935731102@s.whatsapp.net","fromMe":true,"id":"7702F2766ED9A6211E089F7FEA78E788"},"messageTimestamp":1747613328},{"key":{"remoteJid":"393935731102@s.whatsapp.net","fromMe":true,"id":"0940A00D7039DF70F3DDF259B6B51287"},"messageTimestamp":1747613422},{"key":{"remoteJid":"393935731102@s.whatsapp.net","fromMe":true,"id":"8EBACE5C22B97CFB52F1CA3C24DF3C61"},"messageTimestamp":1747613462},{"key":{"remoteJid":"393935731102@s.whatsapp.net","fromMe":true,"id":"1F45C40317FC8066AA0AD7F1766B5A8B"},"messageTimestamp":1747613494},{"key":{"remoteJid":"393935731102@s.whatsapp.net","fromMe":true,"id":"AB38281645B424747194FED0FED4BC80"},"messageTimestamp":1747613516},{"key":{"remoteJid":"393935731102@s.whatsapp.net","fromMe":true,"id":"E07E53AC74C6C3BFC4603040366CCBA9"},"messageTimestamp":1747613523},{"key":{"remoteJid":"393935731102@s.whatsapp.net","fromMe":true,"id":"39CF09B5240B684F4BB2167ADD9E569A"},"messageTimestamp":1747613559},{"key":{"remoteJid":"393935731102@s.whatsapp.net","fromMe":true,"id":"0D7294A2BDFF53B672AE755695DE1512"},"messageTimestamp":1747613568},{"key":{"remoteJid":"393935731102@s.whatsapp.net","fromMe":true,"id":"3B1C51249E4A1184F8A7B4A04818990E"},"messageTimestamp":1747613572},{"key":{"remoteJid":"393935731102@s.whatsapp.net","fromMe":true,"id":"2508094CBC77E5D6C8140F648D0B9BB2"},"messageTimestamp":1747613606},{"key":{"remoteJid":"393935731102@s.whatsapp.net","fromMe":true,"id":"C658B81073C54CACB4A1EA73774649B7"},"messageTimestamp":1747613612},{"key":{"remoteJid":"393935731102@s.whatsapp.net","fromMe":true,"id":"B783BEC1403C095449B6B44A8B0E9D99"},"messageTimestamp":1747613704},{"key":{"remoteJid":"393935731102@s.whatsapp.net","fromMe":true,"id":"C229F10E8ABC500DAEE61A44CC95F7F7"},"messageTimestamp":1747613705},{"key":{"remoteJid":"393935731102@s.whatsapp.net","fromMe":true,"id":"0A29616692B20518BE5EB0E74590DED4"},"messageTimestamp":1747613713},{"key":{"remoteJid":"393935731102@s.whatsapp.net","fromMe":true,"id":"A9A12618DB9AF9B5B9DDB9D124E73EBB"},"messageTimestamp":1747613717},{"key":{"remoteJid":"393935731102@s.whatsapp.net","fromMe":true,"id":"D81D9B1CCFEF65095C739C3100811F86"},"messageTimestamp":1747616670},{"key":{"remoteJid":"393935731102@s.whatsapp.net","fromMe":true,"id":"FC95E1F2A4BCAAF03BFA7F339A09BD6A"},"messageTimestamp":1747616687},{"key":{"remoteJid":"393935731102@s.whatsapp.net","fromMe":true,"id":"772184587ED25E8E639B5C81550E7257"},"messageTimestamp":1747616690}],"nextPreKeyId":17656,"firstUnuploadedPreKeyId":17656,"accountSyncCounter":1,"accountSettings":{"unarchiveChats":false},"registered":false,"lastPropHash":"3R9Z39","routingInfo":{"type":"Buffer","data":"CAMIBQ=="},"account":{"details":"CIjhxKwGEMfqqcEGGBsgACgA","accountSignatureKey":"L27HOAu8MXW1JnCbT+7OlmxywfsQn5DjLkidQpZ7Yms=","accountSignature":"L4PAYfEfapTg5fnxb97YXOww/TPh8LNu5yozNrYW4jekhYkzsnNMpoy0LceyXOc4Pb4jZ14soVfHqwvYZD6+DA==","deviceSignature":"rRXeikRPqRhHN9u3+R4r5+8GOXE+DfwkUwagsitKAwGPjKAtSwRjvmMqKLsFAv9fJPvy9LU5wJLEsF9ziDtIiQ=="},"me":{"id":"393935731102:46@s.whatsapp.net","name":"kinderino","jid":"393935731102@s.whatsapp.net","lid":"233019776434264:46@lid"},"signalIdentities":[{"identifier":{"name":"393935731102:46@s.whatsapp.net","deviceId":0},"identifierKey":{"type":"Buffer","data":"BS9uxzgLvDF1tSZwm0/uzpZscsH7EJ+Q4y5InUKWe2Jr"}}],"platform":"smba","lastAccountSyncTimestamp":1748722875,"myAppStateKeyId":"AAAAALfP"}