{"393515895478@s.whatsapp.net":true,"393385837892@s.whatsapp.net":true,"393518654487@s.whatsapp.net":true,"393512771768@s.whatsapp.net":true,"212781260476@s.whatsapp.net":true,"393792288663@s.whatsapp.net":true,"393510067490@s.whatsapp.net":true,"393775773590@s.whatsapp.net":true,"393383334546@s.whatsapp.net":true,"393202415006@s.whatsapp.net":true,"393492677786@s.whatsapp.net":true,"3636884001@s.whatsapp.net":true,"393757879628@s.whatsapp.net":true,"27840219476@s.whatsapp.net":true,"393402906632@s.whatsapp.net":true,"212766741791@s.whatsapp.net":true,"201055325062@s.whatsapp.net":true,"4915215624629@s.whatsapp.net":true,"393756408292@s.whatsapp.net":true,"393500136540@s.whatsapp.net":true,"393427644080@s.whatsapp.net":true,"393887589805@s.whatsapp.net":true,"639611049606@s.whatsapp.net":true,"639611049606:1@s.whatsapp.net":true,"393755616475@s.whatsapp.net":true,"19734461292@s.whatsapp.net":true,"19734461292:4@s.whatsapp.net":true,"393501044255@s.whatsapp.net":true,"393516749517@s.whatsapp.net":true,"27842653795@s.whatsapp.net":true,"18156166414@s.whatsapp.net":true,"393271569220@s.whatsapp.net":true,"393780837823@s.whatsapp.net":true,"212764485144@s.whatsapp.net":true,"393518264797@s.whatsapp.net":true,"393513233916@s.whatsapp.net":true,"393513233916:12@s.whatsapp.net":true,"393780899957@s.whatsapp.net":true,"13189361080@s.whatsapp.net":true,"639127056237@s.whatsapp.net":true,"393497423672@s.whatsapp.net":true,"393518831437@s.whatsapp.net":true,"393518322680@s.whatsapp.net":true,"393518322680:5@s.whatsapp.net":true,"447488507495@s.whatsapp.net":true,"393458511844@s.whatsapp.net":true,"380661264341@s.whatsapp.net":true,"393757880716@s.whatsapp.net":true,"27653846527@s.whatsapp.net":true,"393384886123@s.whatsapp.net":true,"393294793862@s.whatsapp.net":true,"393890248338@s.whatsapp.net":true,"393890248338:23@s.whatsapp.net":true,"393425246289@s.whatsapp.net":true,"393279382837@s.whatsapp.net":true,"6281223213835@s.whatsapp.net":true,"6281223213835:2@s.whatsapp.net":true,"5217779800511@s.whatsapp.net":true,"393762262300@s.whatsapp.net":true,"393891666758@s.whatsapp.net":true,"41795683813@s.whatsapp.net":true,"639517906845@s.whatsapp.net":true,"393662538989@s.whatsapp.net":true,"393662538989:7@s.whatsapp.net":true,"393493002007@s.whatsapp.net":true,"393515886989@s.whatsapp.net":true,"393891192599@s.whatsapp.net":true,"393770424619@s.whatsapp.net":true,"393274849036@s.whatsapp.net":true,"35679608211@s.whatsapp.net":true,"639519058517@s.whatsapp.net":true,"18092185403@s.whatsapp.net":true,"393517232625@s.whatsapp.net":true,"393275583607@s.whatsapp.net":true,"393420411896@s.whatsapp.net":true,"393297835117@s.whatsapp.net":true,"393297835117:15@s.whatsapp.net":true,"355683491697@s.whatsapp.net":true,"393501217790@s.whatsapp.net":true,"393893135418@s.whatsapp.net":true,"393468461514@s.whatsapp.net":true,"393770820480@s.whatsapp.net":true,"393315326808@s.whatsapp.net":true,"48732105309@s.whatsapp.net":true,"48732105309:1@s.whatsapp.net":true,"393204495711@s.whatsapp.net":true,"393204495711:17@s.whatsapp.net":true,"393204495711:18@s.whatsapp.net":true,"393444628590@s.whatsapp.net":true,"393806589469@s.whatsapp.net":true,"393511186531@s.whatsapp.net":true,"393511186531:1@s.whatsapp.net":true,"393314692117@s.whatsapp.net":true,"393534390115@s.whatsapp.net":true,"971521486378@s.whatsapp.net":true,"393209194763@s.whatsapp.net":true,"393791166225@s.whatsapp.net":true,"393791166225:18@s.whatsapp.net":true,"393927593814@s.whatsapp.net":true,"639630074227@s.whatsapp.net":true,"393792384637@s.whatsapp.net":true,"393270807137@s.whatsapp.net":true,"393270807137:16@s.whatsapp.net":true,"393516612216@s.whatsapp.net":true,"6281252542368@s.whatsapp.net":true,"393312367052@s.whatsapp.net":true,"393893133714@s.whatsapp.net":true,"66917481468@s.whatsapp.net":true,"393806378635@s.whatsapp.net":true,"639635112925@s.whatsapp.net":true,"393518178875@s.whatsapp.net":true,"393273566300@s.whatsapp.net":true,"393273566300:22@s.whatsapp.net":true,"447795215542@s.whatsapp.net":true,"447795215542:1@s.whatsapp.net":true,"393770813475@s.whatsapp.net":true,"393716203421@s.whatsapp.net":true,"393295348083@s.whatsapp.net":true,"393517718540@s.whatsapp.net":true,"447796079157@s.whatsapp.net":true,"393663428071@s.whatsapp.net":true,"27624135751@s.whatsapp.net":true,"27624135751:1@s.whatsapp.net":true,"393298247891@s.whatsapp.net":true,"393298247891:93@s.whatsapp.net":true,"393517713358@s.whatsapp.net":true,"14192639722@s.whatsapp.net":true,"393294029206@s.whatsapp.net":true,"66962173699@s.whatsapp.net":true,"66962173699:1@s.whatsapp.net":true,"46766929678@s.whatsapp.net":true,"393703138675@s.whatsapp.net":true,"393273773436@s.whatsapp.net":true,"447587083810@s.whatsapp.net":true,"393703762858@s.whatsapp.net":true,"393703762858:20@s.whatsapp.net":true,"393703762858:21@s.whatsapp.net":true,"639383024394@s.whatsapp.net":true,"393701330693@s.whatsapp.net":true,"393290112421@s.whatsapp.net":true,"393290112421:49@s.whatsapp.net":true,"393290112421:50@s.whatsapp.net":true,"393481796184@s.whatsapp.net":true,"393513405091@s.whatsapp.net":true,"393516525213@s.whatsapp.net":true,"393463061160@s.whatsapp.net":true,"393757879663@s.whatsapp.net":true,"393715983481@s.whatsapp.net":true,"393715983481:1@s.whatsapp.net":true,"393715983481:2@s.whatsapp.net":true,"393715983481:3@s.whatsapp.net":true,"393715983481:4@s.whatsapp.net":true,"393773852416@s.whatsapp.net":true,"639099376460@s.whatsapp.net":true,"393516135509@s.whatsapp.net":true,"393668777765@s.whatsapp.net":true,"393509492563@s.whatsapp.net":true,"393791727945@s.whatsapp.net":true,"393713655022@s.whatsapp.net":true,"393342363299@s.whatsapp.net":true,"393922322692@s.whatsapp.net":true,"393922322692:17@s.whatsapp.net":true,"393791193684@s.whatsapp.net":true,"393791600963@s.whatsapp.net":true,"393516270913@s.whatsapp.net":true,"48577603405@s.whatsapp.net":true,"393500597094@s.whatsapp.net":true,"393500597094:7@s.whatsapp.net":true,"393501763608@s.whatsapp.net":true,"6283128765024@s.whatsapp.net":true,"393501846576@s.whatsapp.net":true,"381677102995@s.whatsapp.net":true,"393929535025@s.whatsapp.net":true,"393929535025:1@s.whatsapp.net":true,"212778627264@s.whatsapp.net":true,"393773570424@s.whatsapp.net":true,"393773570424:1@s.whatsapp.net":true,"393759243805@s.whatsapp.net":true,"67078862177@s.whatsapp.net":true,"27748440688@s.whatsapp.net":true,"393492133949@s.whatsapp.net":true,"393294556512@s.whatsapp.net":true,"639485251875@s.whatsapp.net":true,"393290811520@s.whatsapp.net":true,"393802138379@s.whatsapp.net":true,"393802138379:14@s.whatsapp.net":true,"393501383373@s.whatsapp.net":true,"393773279399@s.whatsapp.net":true,"4915218563407@s.whatsapp.net":true,"4915218563407:3@s.whatsapp.net":true,"393282742998@s.whatsapp.net":true,"393519633310@s.whatsapp.net":true,"393935731102@s.whatsapp.net":true,"393935731102:42@s.whatsapp.net":true,"393935731102:45@s.whatsapp.net":true,"393476806659@s.whatsapp.net":true,"447878634844@s.whatsapp.net":true,"393792299776@s.whatsapp.net":true,"66645165098@s.whatsapp.net":true,"447365589428@s.whatsapp.net":true,"393921474082@s.whatsapp.net":true,"393713476892@s.whatsapp.net":true,"61489987682@s.whatsapp.net":true,"393664425401@s.whatsapp.net":true,"393285369333@s.whatsapp.net":true,"393285369333:12@s.whatsapp.net":true,"393284016123@s.whatsapp.net":true,"393201378140@s.whatsapp.net":true,"393477450511@s.whatsapp.net":true,"393477450511:5@s.whatsapp.net":true,"393477450511:6@s.whatsapp.net":true,"37258137943@s.whatsapp.net":true,"393664700740@s.whatsapp.net":true,"393338963520@s.whatsapp.net":true,"380931605629@s.whatsapp.net":true,"380931605629:1@s.whatsapp.net":true,"6283892850117@s.whatsapp.net":true,"393518640471@s.whatsapp.net":true,"393717686406@s.whatsapp.net":true,"393273524411@s.whatsapp.net":true,"37258121498@s.whatsapp.net":true,"393281824703@s.whatsapp.net":true,"393717588356@s.whatsapp.net":true,"393792874870@s.whatsapp.net":true,"393517950360@s.whatsapp.net":true,"66963091097@s.whatsapp.net":true,"18132140158@s.whatsapp.net":true,"5521981338884@s.whatsapp.net":true,"393334194511@s.whatsapp.net":true,"393669008960@s.whatsapp.net":true,"393762839189@s.whatsapp.net":true,"393273426946@s.whatsapp.net":true,"393757882002@s.whatsapp.net":true,"212607583992@s.whatsapp.net":true,"393515992322@s.whatsapp.net":true,"393661081596@s.whatsapp.net":true,"393661081596:29@s.whatsapp.net":true,"393518776075@s.whatsapp.net":true,"393510566898@s.whatsapp.net":true,"254772907178@s.whatsapp.net":true,"393775997212@s.whatsapp.net":true,"393421420821@s.whatsapp.net":true,"556293144167@s.whatsapp.net":true,"393703092307@s.whatsapp.net":true,"393703092307:74@s.whatsapp.net":true,"393703092307:78@s.whatsapp.net":true,"393513983251@s.whatsapp.net":true,"393294559958@s.whatsapp.net":true,"393519317944@s.whatsapp.net":true,"48699510023@s.whatsapp.net":true,"48699510023:11@s.whatsapp.net":true,"393805884329@s.whatsapp.net":true,"27651799674@s.whatsapp.net":true,"393341921270@s.whatsapp.net":true,"212631693120@s.whatsapp.net":true,"6283856179572@s.whatsapp.net":true,"393519873019@s.whatsapp.net":true,"393509368693@s.whatsapp.net":true,"393775744570@s.whatsapp.net":true,"393791983667@s.whatsapp.net":true,"393791983667:1@s.whatsapp.net":true,"393513524562@s.whatsapp.net":true,"393401413402@s.whatsapp.net":true,"393480039047@s.whatsapp.net":true,"393480039047:37@s.whatsapp.net":true,"393405168514@s.whatsapp.net":true,"393884769557@s.whatsapp.net":true,"393519427866@s.whatsapp.net":true,"393511674791@s.whatsapp.net":true,"393511674791:2@s.whatsapp.net":true,"38638888014@s.whatsapp.net":true,"393888125368@s.whatsapp.net":true,"48732105812@s.whatsapp.net":true,"393791401337@s.whatsapp.net":true,"639381921491@s.whatsapp.net":true,"393202396704@s.whatsapp.net":true,"393896188775@s.whatsapp.net":true,"393896188775:44@s.whatsapp.net":true,"393896188775:45@s.whatsapp.net":true,"393270239425@s.whatsapp.net":true,"393270239425:15@s.whatsapp.net":true,"27643342590@s.whatsapp.net":true,"393515420232@s.whatsapp.net":true,"639460389964@s.whatsapp.net":true,"639460389964:3@s.whatsapp.net":true,"393277776453@s.whatsapp.net":true,"639317549417@s.whatsapp.net":true,"393888565075@s.whatsapp.net":true,"393298258808@s.whatsapp.net":true,"393514869625@s.whatsapp.net":true,"393886229412@s.whatsapp.net":true,"393935755126@s.whatsapp.net":true,"393534781623@s.whatsapp.net":true,"393208084020@s.whatsapp.net":true,"393208084020:12@s.whatsapp.net":true,"393208084020:13@s.whatsapp.net":true,"393513138745@s.whatsapp.net":true,"393513138745:15@s.whatsapp.net":true,"393717689320@s.whatsapp.net":true,"393717689320:6@s.whatsapp.net":true,"27641668359@s.whatsapp.net":true,"66961730342@s.whatsapp.net":true,"393894411109@s.whatsapp.net":true,"393894411109:4@s.whatsapp.net":true,"393770910211@s.whatsapp.net":true,"393281662176@s.whatsapp.net":true,"393281662176:11@s.whatsapp.net":true,"393663890169@s.whatsapp.net":true,"27624780468@s.whatsapp.net":true,"393891035873@s.whatsapp.net":true,"393334939990@s.whatsapp.net":true,"393517111788@s.whatsapp.net":true,"393486430349@s.whatsapp.net":true}