[{"senderKeyId":1117323482,"senderChainKey":{"iteration":16,"seed":"7MPSGGy6kxGCW510rhEvgXHUmiZh8zGT0g9bUaxaYa8="},"senderSigningKey":{"public":"BdGYxVsl5coqO3VyW6BtnH2vSNzMOTA6bIzMAkfFPFkf"}},{"senderKeyId":1117323482,"senderChainKey":{"iteration":5,"seed":"lo8lcTcXv9qL2TRLh7bl1hxuTKK2CzpKcdb8DMMUkkM="},"senderSigningKey":{"public":"BdGYxVsl5coqO3VyW6BtnH2vSNzMOTA6bIzMAkfFPFkf"}},{"senderKeyId":1117323482,"senderChainKey":{"iteration":5,"seed":"lo8lcTcXv9qL2TRLh7bl1hxuTKK2CzpKcdb8DMMUkkM="},"senderSigningKey":{"public":"BdGYxVsl5coqO3VyW6BtnH2vSNzMOTA6bIzMAkfFPFkf"}}]