[{"senderKeyId":1438201121,"senderChainKey":{"iteration":19,"seed":"Un7ZNeX65HdcZwqf7NTeqJw9kLyyYOoguJ5Ts+guYc0="},"senderSigningKey":{"public":"BQrX852RAMbqvVaghhMJKE4pL3QI4RkPYB1JgsMbyAt+","private":"QN0XXLXpVZSee2o7o+4yruYAvJ+yeNv+56TOIMErWX0="},"senderMessageKeys":[{"iteration":1,"seed":"0HVO0uROW7eTQ3vE9ZPyptaDM8wOB4pUnA8/xzeEppI="},{"iteration":3,"seed":"LsJfYBpZG6425NeOl18ZbHHJTXMRbIL66GCv8sLejjg="},{"iteration":5,"seed":"0wRSVt2olirjqIfK/Dhsb5jLPp2Icr9TQE+JgfXZqdY="},{"iteration":7,"seed":"X1IR229Fvi953afGYtu9EAr31naTmOh8xRiEmsCKGV0="},{"iteration":9,"seed":"C9tEddx4GEo2YqcaYHL3QQ9CqIQjbEQ486BdcRsFeCY="},{"iteration":11,"seed":"7a+DRcz7Ml3KV5Kf63tI19ZMhAx4MIIvKkOr1FbDE1E="},{"iteration":13,"seed":"4BgmSSZTY2ECBfaY/BXIlG72A5aKpguii2HXbBCJ6GY="},{"iteration":15,"seed":"lzMwOHuQ91nlonpcTsTx8G4UCfClAkbUIAxlrVCWcB8="},{"iteration":17,"seed":"ceFM1GVaUpISw8NhuZiJS/dxy1JxGQ/6BiBRefuhnIo="}]}]