{"393715569729@s.whatsapp.net":true,"393714801590@s.whatsapp.net":true,"393715316486@s.whatsapp.net":true,"393534529601@s.whatsapp.net":true,"393533834140@s.whatsapp.net":true,"393515111112@s.whatsapp.net":true,"393515553723@s.whatsapp.net":true,"393881121893@s.whatsapp.net":true,"393917033542@s.whatsapp.net":true,"393343343246@s.whatsapp.net":true,"393884230814@s.whatsapp.net":true,"393803458655@s.whatsapp.net":true,"393485569647@s.whatsapp.net":true,"393288697369@s.whatsapp.net":true,"393511843201@s.whatsapp.net":true,"393317353103@s.whatsapp.net":true,"393899242291@s.whatsapp.net":true,"393899242291:5@s.whatsapp.net":true,"393331217502@s.whatsapp.net":true,"393516333298@s.whatsapp.net":true,"393791099174@s.whatsapp.net":true,"393926030037@s.whatsapp.net":true,"393926030037:7@s.whatsapp.net":true,"393926030037:8@s.whatsapp.net":true,"393534296380@s.whatsapp.net":true,"393383312546@s.whatsapp.net":true,"393383312546:73@s.whatsapp.net":true,"393932673657@s.whatsapp.net":true,"393711877482@s.whatsapp.net":true,"393791691506@s.whatsapp.net":true,"393665224066@s.whatsapp.net":true,"393500193919@s.whatsapp.net":true,"393911709563@s.whatsapp.net":true,"393516918354@s.whatsapp.net":true,"393516918354:26@s.whatsapp.net":true,"393667273298@s.whatsapp.net":true,"393667273298:8@s.whatsapp.net":true,"393773415339@s.whatsapp.net":true,"393513866286@s.whatsapp.net":true,"393245475419@s.whatsapp.net":true,"393278391575@s.whatsapp.net":true,"393345700472@s.whatsapp.net":true,"393293895376@s.whatsapp.net":true,"393480141753@s.whatsapp.net":true,"393487153540@s.whatsapp.net":true,"393917596872@s.whatsapp.net":true,"393917596872:1@s.whatsapp.net":true,"393505321187@s.whatsapp.net":true,"393505321187:3@s.whatsapp.net":true,"393505321187:4@s.whatsapp.net":true,"393792539239@s.whatsapp.net":true,"393534112034@s.whatsapp.net":true,"393892508267@s.whatsapp.net":true,"393338757387@s.whatsapp.net":true,"393338757387:7@s.whatsapp.net":true,"393516667296@s.whatsapp.net":true,"393273865944@s.whatsapp.net":true,"393714945085@s.whatsapp.net":true,"393518430279@s.whatsapp.net":true,"393773879801@s.whatsapp.net":true,"393278662942@s.whatsapp.net":true,"393278662942:34@s.whatsapp.net":true,"393492438010@s.whatsapp.net":true,"393517825297@s.whatsapp.net":true,"393517825297:38@s.whatsapp.net":true,"393512526137@s.whatsapp.net":true,"393512526137:16@s.whatsapp.net":true,"393512526137:23@s.whatsapp.net":true,"393458370035@s.whatsapp.net":true,"393509050260@s.whatsapp.net":true,"393534066822@s.whatsapp.net":true,"393317123879@s.whatsapp.net":true,"393388723001@s.whatsapp.net":true,"393760964341@s.whatsapp.net":true,"393333829675@s.whatsapp.net":true,"393895493203@s.whatsapp.net":true,"393895493203:14@s.whatsapp.net":true,"393895493203:15@s.whatsapp.net":true,"393668954298@s.whatsapp.net":true,"393662314438@s.whatsapp.net":true,"393662314438:13@s.whatsapp.net":true,"393515791062@s.whatsapp.net":true,"393518101946@s.whatsapp.net":true,"393518101946:41@s.whatsapp.net":true,"393762038745@s.whatsapp.net":true,"393756569602@s.whatsapp.net":true,"393932801008@s.whatsapp.net":true,"393932801008:23@s.whatsapp.net":true,"393932801008:24@s.whatsapp.net":true,"393755415752@s.whatsapp.net":true,"393755415752:1@s.whatsapp.net":true,"393518232701@s.whatsapp.net":true,"393756450625@s.whatsapp.net":true,"393713214021@s.whatsapp.net":true,"393713214021:9@s.whatsapp.net":true,"393464097588@s.whatsapp.net":true,"393339215601@s.whatsapp.net":true,"393339215601:10@s.whatsapp.net":true,"393477175925@s.whatsapp.net":true,"393518683987@s.whatsapp.net":true,"393703152129@s.whatsapp.net":true,"393246381264@s.whatsapp.net":true,"393292230084@s.whatsapp.net":true,"393292230084:6@s.whatsapp.net":true,"393807519789@s.whatsapp.net":true,"393279204400@s.whatsapp.net":true,"393791144852@s.whatsapp.net":true,"393791144852:12@s.whatsapp.net":true,"393516348832@s.whatsapp.net":true,"393514653181@s.whatsapp.net":true,"393791911404@s.whatsapp.net":true,"393208880371@s.whatsapp.net":true,"393208880371:12@s.whatsapp.net":true,"393802474204@s.whatsapp.net":true,"393447629155@s.whatsapp.net":true,"393271917162@s.whatsapp.net":true,"393532027624@s.whatsapp.net":true,"393532027624:5@s.whatsapp.net":true,"393792960780@s.whatsapp.net":true,"393802165513@s.whatsapp.net":true,"393935731102@s.whatsapp.net":true,"393935731102:42@s.whatsapp.net":true,"393935731102:45@s.whatsapp.net":true,"393516896031@s.whatsapp.net":true,"393516896031:17@s.whatsapp.net":true,"393921947768@s.whatsapp.net":true,"393921947768:17@s.whatsapp.net":true,"393921947768:18@s.whatsapp.net":true,"393519009490@s.whatsapp.net":true,"393496813080@s.whatsapp.net":true,"393453514418@s.whatsapp.net":true,"393519030020@s.whatsapp.net":true,"393519030020:8@s.whatsapp.net":true,"393278855479@s.whatsapp.net":true,"393518050136@s.whatsapp.net":true,"393518050136:10@s.whatsapp.net":true,"393279392179@s.whatsapp.net":true,"393279392179:32@s.whatsapp.net":true,"393666729811@s.whatsapp.net":true,"393276317288@s.whatsapp.net":true,"393276317288:6@s.whatsapp.net":true,"393505325403@s.whatsapp.net":true,"393391279199@s.whatsapp.net":true,"393391279199:50@s.whatsapp.net":true,"393391279199:51@s.whatsapp.net":true,"393391279199:52@s.whatsapp.net":true,"393714475282@s.whatsapp.net":true,"393714475282:5@s.whatsapp.net":true,"393512787908@s.whatsapp.net":true,"393336022958@s.whatsapp.net":true,"393715368530@s.whatsapp.net":true,"393294289466@s.whatsapp.net":true,"393715779139@s.whatsapp.net":true,"393347103734@s.whatsapp.net":true,"393248723958@s.whatsapp.net":true,"393297059748@s.whatsapp.net":true,"393517810102@s.whatsapp.net":true,"393517810102:1@s.whatsapp.net":true,"393791660093@s.whatsapp.net":true,"393516975103@s.whatsapp.net":true,"393883060258@s.whatsapp.net":true,"393802176656@s.whatsapp.net":true,"393802176656:25@s.whatsapp.net":true,"393802176656:26@s.whatsapp.net":true,"393517170061@s.whatsapp.net":true,"393341943320@s.whatsapp.net":true,"393516661243@s.whatsapp.net":true,"393791331519@s.whatsapp.net":true,"393393337767@s.whatsapp.net":true,"393534184417@s.whatsapp.net":true,"393792601316@s.whatsapp.net":true,"393291245417@s.whatsapp.net":true,"393291245417:7@s.whatsapp.net":true,"393513124550@s.whatsapp.net":true,"393806368179@s.whatsapp.net":true,"393792229598@s.whatsapp.net":true,"393792229598:21@s.whatsapp.net":true,"393792229598:22@s.whatsapp.net":true,"393715983481@s.whatsapp.net":true,"393715983481:1@s.whatsapp.net":true,"393715983481:2@s.whatsapp.net":true,"393715983481:3@s.whatsapp.net":true,"393715983481:4@s.whatsapp.net":true,"393273716249@s.whatsapp.net":true,"393273716249:23@s.whatsapp.net":true,"393714898054@s.whatsapp.net":true,"393714898054:13@s.whatsapp.net":true,"393791030005@s.whatsapp.net":true,"393288950840@s.whatsapp.net":true,"393519767974@s.whatsapp.net":true,"393291123032@s.whatsapp.net":true,"393291123032:24@s.whatsapp.net":true,"393896424661@s.whatsapp.net":true,"393662904930@s.whatsapp.net":true,"393500312119@s.whatsapp.net":true,"393289580638@s.whatsapp.net":true,"393922690037@s.whatsapp.net":true,"393922690037:12@s.whatsapp.net":true,"393922690037:13@s.whatsapp.net":true,"393922690037:14@s.whatsapp.net":true,"393516095619@s.whatsapp.net":true,"393516095619:12@s.whatsapp.net":true,"393516095619:13@s.whatsapp.net":true,"393516095619:14@s.whatsapp.net":true,"393757308150@s.whatsapp.net":true,"393757308150:5@s.whatsapp.net":true,"393758311944@s.whatsapp.net":true,"393758311944:1@s.whatsapp.net":true,"393714730064@s.whatsapp.net":true,"393881888523@s.whatsapp.net":true,"393485839042@s.whatsapp.net":true,"393473986642@s.whatsapp.net":true,"393473986642:9@s.whatsapp.net":true,"393938745805@s.whatsapp.net":true,"393500368411@s.whatsapp.net":true,"393921779704@s.whatsapp.net":true,"393714540981@s.whatsapp.net":true,"393714540981:2@s.whatsapp.net":true,"393516918801@s.whatsapp.net":true,"393500815974@s.whatsapp.net":true,"393534511046@s.whatsapp.net":true,"393500672405@s.whatsapp.net":true,"393801380123@s.whatsapp.net":true,"393515350927@s.whatsapp.net":true,"393343135250@s.whatsapp.net":true,"393343135250:24@s.whatsapp.net":true,"393343135250:25@s.whatsapp.net":true,"393514978047@s.whatsapp.net":true,"393802148855@s.whatsapp.net":true,"393802148855:12@s.whatsapp.net":true,"393514052018@s.whatsapp.net":true,"393486820081@s.whatsapp.net":true,"393285908604@s.whatsapp.net":true,"393516976438@s.whatsapp.net":true,"393756286693@s.whatsapp.net":true,"393388059180@s.whatsapp.net":true,"393388059180:4@s.whatsapp.net":true,"393509165856@s.whatsapp.net":true,"393533257706@s.whatsapp.net":true,"393533257706:3@s.whatsapp.net":true,"393791552531@s.whatsapp.net":true,"393318255085@s.whatsapp.net":true,"393318255085:6@s.whatsapp.net":true,"393318255085:8@s.whatsapp.net":true,"393318255085:9@s.whatsapp.net":true,"393758238807@s.whatsapp.net":true,"393758640167@s.whatsapp.net":true,"393421264790@s.whatsapp.net":true,"393421264790:14@s.whatsapp.net":true,"393501708350@s.whatsapp.net":true,"393347153889@s.whatsapp.net":true,"393384753454@s.whatsapp.net":true,"393384753454:6@s.whatsapp.net":true,"393762571651@s.whatsapp.net":true,"393762571651:1@s.whatsapp.net":true,"393501252745@s.whatsapp.net":true,"393283665508@s.whatsapp.net":true,"393275971218@s.whatsapp.net":true,"393275971218:17@s.whatsapp.net":true,"393517628783@s.whatsapp.net":true,"393517795497@s.whatsapp.net":true,"393476193932@s.whatsapp.net":true,"393275976830@s.whatsapp.net":true,"393334725027@s.whatsapp.net":true,"393334725027:9@s.whatsapp.net":true,"393497464171@s.whatsapp.net":true,"393517628738@s.whatsapp.net":true,"393511430402@s.whatsapp.net":true,"393474090237@s.whatsapp.net":true,"393514839980@s.whatsapp.net":true,"393516649677@s.whatsapp.net":true,"393516649677:9@s.whatsapp.net":true,"393533734878@s.whatsapp.net":true,"393533734878:48@s.whatsapp.net":true,"393898498689@s.whatsapp.net":true,"393898498689:11@s.whatsapp.net":true,"393898498689:12@s.whatsapp.net":true,"393898498689:13@s.whatsapp.net":true,"393459375919@s.whatsapp.net":true,"393920840040@s.whatsapp.net":true,"393762371464@s.whatsapp.net":true,"393500406383@s.whatsapp.net":true,"393533612105@s.whatsapp.net":true,"393703075548@s.whatsapp.net":true,"393703075548:20@s.whatsapp.net":true,"393703075548:21@s.whatsapp.net":true,"393713988659@s.whatsapp.net":true,"393713988659:1@s.whatsapp.net":true,"393283825686@s.whatsapp.net":true,"393792104402@s.whatsapp.net":true,"393792104402:2@s.whatsapp.net":true,"393534115490@s.whatsapp.net":true,"393401377335@s.whatsapp.net":true,"393401377335:1@s.whatsapp.net":true,"393475301995@s.whatsapp.net":true,"393881536453@s.whatsapp.net":true,"393517533910@s.whatsapp.net":true,"393512589342@s.whatsapp.net":true,"393518488763@s.whatsapp.net":true,"393518488763:4@s.whatsapp.net":true,"393517287757@s.whatsapp.net":true,"393513764433@s.whatsapp.net":true,"393513391554@s.whatsapp.net":true,"393513391554:6@s.whatsapp.net":true,"393513391554:7@s.whatsapp.net":true,"393511186531@s.whatsapp.net":true,"393511186531:1@s.whatsapp.net":true,"393459779125@s.whatsapp.net":true,"393492493022@s.whatsapp.net":true,"393519944421@s.whatsapp.net":true,"393519944421:59@s.whatsapp.net":true,"393519944421:67@s.whatsapp.net":true,"393286688696@s.whatsapp.net":true,"393770950403@s.whatsapp.net":true,"393203528188@s.whatsapp.net":true,"393894393817@s.whatsapp.net":true,"393894393817:20@s.whatsapp.net":true,"393519690574@s.whatsapp.net":true,"393895668793@s.whatsapp.net":true,"393886536800@s.whatsapp.net":true,"393517122591@s.whatsapp.net":true,"393517122591:52@s.whatsapp.net":true,"393517122591:55@s.whatsapp.net":true,"393519668102@s.whatsapp.net":true,"393891353450@s.whatsapp.net":true,"393452315031@s.whatsapp.net":true,"393515975760@s.whatsapp.net":true,"393791600206@s.whatsapp.net":true,"393791600206:30@s.whatsapp.net":true,"393497815961@s.whatsapp.net":true,"393517579085@s.whatsapp.net":true,"393517579085:1@s.whatsapp.net":true,"393703369978@s.whatsapp.net":true,"393703369978:8@s.whatsapp.net":true,"393935900400@s.whatsapp.net":true,"393892680031@s.whatsapp.net":true,"393534741230@s.whatsapp.net":true,"393890914855@s.whatsapp.net":true,"393928683486@s.whatsapp.net":true,"393205599896@s.whatsapp.net":true,"393205599896:6@s.whatsapp.net":true,"393920140325@s.whatsapp.net":true,"393756198954@s.whatsapp.net":true,"393475763239@s.whatsapp.net":true,"393791085354@s.whatsapp.net":true,"393791085354:10@s.whatsapp.net":true,"393791559591@s.whatsapp.net":true,"393275756039@s.whatsapp.net":true,"393275756039:14@s.whatsapp.net":true,"393701302157@s.whatsapp.net":true,"393286374949@s.whatsapp.net":true,"393665234466@s.whatsapp.net":true,"393514754011@s.whatsapp.net":true,"393518508915@s.whatsapp.net":true,"393517255954@s.whatsapp.net":true,"393517255954:37@s.whatsapp.net":true,"393515480342@s.whatsapp.net":true,"393881846345@s.whatsapp.net":true,"393335608801@s.whatsapp.net":true,"393406403634@s.whatsapp.net":true,"393406403634:19@s.whatsapp.net":true,"393406403634:22@s.whatsapp.net":true,"393249205341@s.whatsapp.net":true,"393249205341:8@s.whatsapp.net":true,"393517200976@s.whatsapp.net":true,"393762705336@s.whatsapp.net":true,"393476293936@s.whatsapp.net":true,"393715648887@s.whatsapp.net":true,"393505172923@s.whatsapp.net":true,"393761743398@s.whatsapp.net":true,"393455178104@s.whatsapp.net":true,"393703091346@s.whatsapp.net":true,"393312213852@s.whatsapp.net":true,"393289378553@s.whatsapp.net":true,"393289378553:10@s.whatsapp.net":true,"393808927711@s.whatsapp.net":true,"393534426004@s.whatsapp.net":true,"393774821658@s.whatsapp.net":true,"393773135553@s.whatsapp.net":true,"393792537838@s.whatsapp.net":true,"393883509500@s.whatsapp.net":true,"393883509500:32@s.whatsapp.net":true,"393883509500:33@s.whatsapp.net":true,"393518822513@s.whatsapp.net":true,"393890195560@s.whatsapp.net":true,"393292427206@s.whatsapp.net":true,"393770860928@s.whatsapp.net":true,"447490570225@s.whatsapp.net":true,"393501813001@s.whatsapp.net":true,"393385987323@s.whatsapp.net":true,"393516035395@s.whatsapp.net":true,"393516035395:1@s.whatsapp.net":true,"393669936760@s.whatsapp.net":true,"393669936760:15@s.whatsapp.net":true,"393669936760:16@s.whatsapp.net":true,"393486980304@s.whatsapp.net":true,"393661265092@s.whatsapp.net":true,"393791688727@s.whatsapp.net":true,"393534342485@s.whatsapp.net":true,"393791742600@s.whatsapp.net":true,"393791742600:41@s.whatsapp.net":true,"393881566143@s.whatsapp.net":true,"393755140624@s.whatsapp.net":true,"393755140624:28@s.whatsapp.net":true,"393517833022@s.whatsapp.net":true,"393713160384@s.whatsapp.net":true,"393477556440@s.whatsapp.net":true,"393514008734@s.whatsapp.net":true,"393514008734:9@s.whatsapp.net":true,"393514008734:15@s.whatsapp.net":true,"393519316866@s.whatsapp.net":true,"393277613288@s.whatsapp.net":true,"393277613288:8@s.whatsapp.net":true,"393792593186@s.whatsapp.net":true}