{"_sessions":{"BfrYyohfwutTK/00/jyhuO5EJssqHum/A5Rrv2bknykq":{"registrationId":374253155,"currentRatchet":{"ephemeralKeyPair":{"pubKey":"BTm2O1MGpEZKVFp46S3GuZ5Bsb2y7+9IWy8Nf2WY2wEU","privKey":"+LdEwxf5SIgeP0df7phCyyob2FPHqMzCRLDm/Kfk23M="},"lastRemoteEphemeralKey":"BTW0UmxWPzGcnwvtNQgkqqGOzn4WjABKfqeChoIP665o","previousCounter":0,"rootKey":"Pk9dPomyo9w+pufH24tvi5adBQE1FfcPhZ3zdhoQ80A="},"indexInfo":{"baseKey":"BfrYyohfwutTK/00/jyhuO5EJssqHum/A5Rrv2bknykq","baseKeyType":1,"closed":-1,"used":1748739258068,"created":1748739258068,"remoteIdentityKey":"BbK+bZRrcqAapmZfX9eaX/Df7C3hCkdRVG5O8C5N8P0+"},"_chains":{"BTm2O1MGpEZKVFp46S3GuZ5Bsb2y7+9IWy8Nf2WY2wEU":{"chainKey":{"counter":0,"key":"FkZqJETiq0Jh+Y1bdrkvBBYwLFho7lSQH2jPTqBJv4A="},"chainType":1,"messageKeys":{}}},"pendingPreKey":{"signedKeyId":0,"baseKey":"BfrYyohfwutTK/00/jyhuO5EJssqHum/A5Rrv2bknykq","preKeyId":11729887}}},"version":"v1"}