{"_sessions":{"Be4KJEw8gyGIN1l5WM46sNBe9Zq81kSKpexoH8gNsxte":{"registrationId":49882349,"currentRatchet":{"ephemeralKeyPair":{"pubKey":"Bejhkdd5lWsC7XRBSMO5rDUio87xwtlO+YK1nOUdSz9K","privKey":"8Oj0CQML6EhbIIDLK0Ea4CgR/WWKZiSHVS+2OdazQE0="},"lastRemoteEphemeralKey":"BV3dWuxGp/4qsrNccJg+D5h0PquVs6dF0+7b0olScqhl","previousCounter":0,"rootKey":"2WuFeoFT+eCR3tt7RWQH0iuMExYEzmYMH0Z3kkJNaLg="},"indexInfo":{"baseKey":"Be4KJEw8gyGIN1l5WM46sNBe9Zq81kSKpexoH8gNsxte","baseKeyType":1,"closed":-1,"used":1748739256213,"created":1748739256213,"remoteIdentityKey":"BWmsurbVCbmeNK4VIZCz7uWpO1l/iPobANzTEUuqXF9S"},"_chains":{"Bejhkdd5lWsC7XRBSMO5rDUio87xwtlO+YK1nOUdSz9K":{"chainKey":{"counter":0,"key":"DIiAIucb68LzrqgbfN5kKdtMSq2DlS00qQxE8NiAt1w="},"chainType":1,"messageKeys":{}}},"pendingPreKey":{"signedKeyId":10517753,"baseKey":"Be4KJEw8gyGIN1l5WM46sNBe9Zq81kSKpexoH8gNsxte","preKeyId":308}}},"version":"v1"}