{"_sessions":{"BZMFLVVRgcMzwH+tN4eGF8V928jDFXYfhxzs6P+yTL8T":{"registrationId":1463945436,"currentRatchet":{"ephemeralKeyPair":{"pubKey":"BWAWhJ3IubNEOomTj6ymLkMXs1hKQIfq0W4Qrw8I4Yx+","privKey":"WD+IT4dFbheI7FJt5vTVqiAvscLHBVyGQQedx4yjUHI="},"lastRemoteEphemeralKey":"BQtowTepayqiY+xEIe1c7Noh+d7spcYmBh1u6fJmGUVr","previousCounter":0,"rootKey":"Q2c7TnTtshYjHw5oK2KCr6+gv1W6XxkMRctsr9ofDHA="},"indexInfo":{"baseKey":"BZMFLVVRgcMzwH+tN4eGF8V928jDFXYfhxzs6P+yTL8T","baseKeyType":1,"closed":-1,"used":1748739258091,"created":1748739258091,"remoteIdentityKey":"BVEHnri28tA5sznPi4C2aSN14k8MbjH2jD/xXePrjhlk"},"_chains":{"BWAWhJ3IubNEOomTj6ymLkMXs1hKQIfq0W4Qrw8I4Yx+":{"chainKey":{"counter":0,"key":"IAX9J1xAOcXw8jLIk4kvyfpG6n9vSonN95E4k2SDzOo="},"chainType":1,"messageKeys":{}}},"pendingPreKey":{"signedKeyId":11034951,"baseKey":"BZMFLVVRgcMzwH+tN4eGF8V928jDFXYfhxzs6P+yTL8T","preKeyId":2183}}},"version":"v1"}