{"_sessions":{"BeRnsrMGi86oxZsXFOpArHCOw59WY8Wlm/hUFh3ZzeEJ":{"registrationId":764223031,"currentRatchet":{"ephemeralKeyPair":{"pubKey":"BcYe7ofvBce9I4oaMijlsAeUcyhoK6NVCeCRR3WohBAM","privKey":"2NEyIGqWNRhTg10dphIEPYnxOUcuUrnWco00etZIZnU="},"lastRemoteEphemeralKey":"BYh5fFPepMnThgsL4qji0Ta5eD+QZS8e3aqjcbF/m4ki","previousCounter":0,"rootKey":"oM9zWxTSdnLmEmPxN06dBd1xaa5Wa/on8iI+vunAGtQ="},"indexInfo":{"baseKey":"BeRnsrMGi86oxZsXFOpArHCOw59WY8Wlm/hUFh3ZzeEJ","baseKeyType":1,"closed":-1,"used":1748739258185,"created":1748739258185,"remoteIdentityKey":"BW2Bfo6GljUnwvBn7CA5xOeam0selX58t4IoLcD3DG9S"},"_chains":{"BcYe7ofvBce9I4oaMijlsAeUcyhoK6NVCeCRR3WohBAM":{"chainKey":{"counter":0,"key":"tHlRsaN6g4YoysGwPOtW5D5jmiX74CAl6fAUDPSEKno="},"chainType":1,"messageKeys":{}}},"pendingPreKey":{"signedKeyId":13918502,"baseKey":"BeRnsrMGi86oxZsXFOpArHCOw59WY8Wlm/hUFh3ZzeEJ"}}},"version":"v1"}