{"_sessions":{"BUBWOnI08rI2o/PrgZdvm84Hdtp7JRkeOnap87tqDxsM":{"registrationId":753160554,"currentRatchet":{"ephemeralKeyPair":{"pubKey":"BRmfz9+AR9Sn1rlIAJ7GqNe6sbtE1V+OCmZGx/j3PusJ","privKey":"yK1K825rBxWpt1pZZowUO0Hkzc5+NzGluS3zwjxwJUA="},"lastRemoteEphemeralKey":"Bemu7En5a8TGId9f9ul5pUg1gnKJvi0Ihjwqu60x9Qtf","previousCounter":0,"rootKey":"s1is4QjB06Vg6qQk7gsBGi/Cwy7PoUU11NokD4Omi60="},"indexInfo":{"baseKey":"BUBWOnI08rI2o/PrgZdvm84Hdtp7JRkeOnap87tqDxsM","baseKeyType":1,"closed":-1,"used":1748739260153,"created":1748739260153,"remoteIdentityKey":"BSFI4VXwUE1zb78obZa/2SBxWuQaDaIK7NZ/JqZroktJ"},"_chains":{"BRmfz9+AR9Sn1rlIAJ7GqNe6sbtE1V+OCmZGx/j3PusJ":{"chainKey":{"counter":0,"key":"BDunISAOiBBFJCOxiF+EUUGxs+WCDbU567Gp7H51BrM="},"chainType":1,"messageKeys":{}}},"pendingPreKey":{"signedKeyId":31,"baseKey":"BUBWOnI08rI2o/PrgZdvm84Hdtp7JRkeOnap87tqDxsM","preKeyId":7146699}}},"version":"v1"}