{"_sessions":{"BfGqVFblvGDQXbwi88sh1OAIiSEUUIlmnMc6rwKC5yoC":{"registrationId":1010108816,"currentRatchet":{"ephemeralKeyPair":{"pubKey":"Bc0xHd18u833AhFzikrfuOaNdyVqoxaLysVZHu6W65Q4","privKey":"WGtpv5UiJgOKflITNWuJSK8aHIIHzjBukcijPFdPRVU="},"lastRemoteEphemeralKey":"Bc0Gd1Or3Z3UQ3So0Id3eyAsS+34kYHzc2omyd00m8QT","previousCounter":0,"rootKey":"KtJKoG/z4DaiQbomtf3LxjrQDg+tFXMTlSeNw80RfYM="},"indexInfo":{"baseKey":"BfGqVFblvGDQXbwi88sh1OAIiSEUUIlmnMc6rwKC5yoC","baseKeyType":1,"closed":-1,"used":1748739258107,"created":1748739258107,"remoteIdentityKey":"BbbjwOSUBjEBEN7Ji6MnRNOQe9gBdRFwv3FICUG7ec9r"},"_chains":{"Bc0xHd18u833AhFzikrfuOaNdyVqoxaLysVZHu6W65Q4":{"chainKey":{"counter":0,"key":"Do8VymdYSCI0wySNZXS5NCEmeI8HjqDX2TZ1Qy8lCBg="},"chainType":1,"messageKeys":{}}},"pendingPreKey":{"signedKeyId":11,"baseKey":"BfGqVFblvGDQXbwi88sh1OAIiSEUUIlmnMc6rwKC5yoC","preKeyId":1554053}}},"version":"v1"}