{"_sessions":{"BTUr/Hr8oI2+cMdIyFmGJwdDMXDLXDMt6S46wt3jhQ8t":{"registrationId":2074856920,"currentRatchet":{"ephemeralKeyPair":{"pubKey":"BSTrxtoz/OYc7ymNjDVW4A7/YeCHT89z4BAcN8eOHdhG","privKey":"yBUNK3ydpqr8Rh5t/gElZAOHq4RcM3W1JbQSuQ9gJW8="},"lastRemoteEphemeralKey":"BYpG4GTrgp16Aa/sLTuHaq7vZqnPYo1kUej3KSjf9Y82","previousCounter":0,"rootKey":"h7zV/6zFYaYqrjUeCOrDt+QmYJniS3gx3o48uiAaRNo="},"indexInfo":{"baseKey":"BTUr/Hr8oI2+cMdIyFmGJwdDMXDLXDMt6S46wt3jhQ8t","baseKeyType":1,"closed":-1,"used":1748739258084,"created":1748739258084,"remoteIdentityKey":"BSaG0U5KQV9nZCUCSupObwE3S3Rf3E2FsRKYknNm/3Yb"},"_chains":{"BSTrxtoz/OYc7ymNjDVW4A7/YeCHT89z4BAcN8eOHdhG":{"chainKey":{"counter":0,"key":"VXt8GOOB2lPadbSBBHLVO/8QN4TTypQ3tEBjbDM+bhI="},"chainType":1,"messageKeys":{}}},"pendingPreKey":{"signedKeyId":1,"baseKey":"BTUr/Hr8oI2+cMdIyFmGJwdDMXDLXDMt6S46wt3jhQ8t","preKeyId":6810201}}},"version":"v1"}