{"_sessions":{"BdFR9gVBLL5zxRKaG54FrSJQ3AwH/hUXdV5tXeIHl5cs":{"registrationId":2076990822,"currentRatchet":{"ephemeralKeyPair":{"pubKey":"BVqqwmAMecUGB59X/8g8hwmMaFw7rAwxu2eEZjtPL6gw","privKey":"qMglV05F6m1CuQFtw+C26jPwnMvO5PqbLKBFDiWNemo="},"lastRemoteEphemeralKey":"BbspKDqXr8kKtHr1O2D4JFCT6V8iVnccHAjybA0BiQlN","previousCounter":0,"rootKey":"9FEo6Zq2cHFdBQkDbSIZXLZHX6KNz6bI29EFye9TQA4="},"indexInfo":{"baseKey":"BdFR9gVBLL5zxRKaG54FrSJQ3AwH/hUXdV5tXeIHl5cs","baseKeyType":1,"closed":-1,"used":1748739258187,"created":1748739258187,"remoteIdentityKey":"BZvZq8moZxtiSW8yhwsjX57ampwxuN+h/cKSx0ihIrtj"},"_chains":{"BVqqwmAMecUGB59X/8g8hwmMaFw7rAwxu2eEZjtPL6gw":{"chainKey":{"counter":0,"key":"p5Kt9mu5XZOlLm+nMuZRoqgZHJ1BkoK6cz8T0NiJkSI="},"chainType":1,"messageKeys":{}}},"pendingPreKey":{"signedKeyId":8562838,"baseKey":"BdFR9gVBLL5zxRKaG54FrSJQ3AwH/hUXdV5tXeIHl5cs","preKeyId":4149}}},"version":"v1"}