{"_sessions":{"BX9cnbz8uKMKdSWYDtqE6q6a61GKK3qplIkoYrysytok":{"registrationId":599222907,"currentRatchet":{"ephemeralKeyPair":{"pubKey":"BcSodpo/roqukpBTP8QbSrMp12uwchZLI0SGUdbWuKQI","privKey":"IDxpGZc06Ra2gV0pSYVdor+BKLX7L2Yzym1Qj6VRzFE="},"lastRemoteEphemeralKey":"BUALLJ05U86Om2J82jbFso9eIf/9S8qYGJiseCiDFGsJ","previousCounter":0,"rootKey":"+5quN6Rl7ZHQocPcuFXjnS/PhydAw3Tzqs9XS1NcdIU="},"indexInfo":{"baseKey":"BX9cnbz8uKMKdSWYDtqE6q6a61GKK3qplIkoYrysytok","baseKeyType":1,"closed":-1,"used":1748739258242,"created":1748739258242,"remoteIdentityKey":"BZ88oVwEF3QDtb0IT56jC6/aaW4vqlaZU9dWHEIfzOIC"},"_chains":{"BcSodpo/roqukpBTP8QbSrMp12uwchZLI0SGUdbWuKQI":{"chainKey":{"counter":0,"key":"VOVv9jSAAcMzyXZyP6zvRL8vI+2oL6RodtSeNWODZmo="},"chainType":1,"messageKeys":{}}},"pendingPreKey":{"signedKeyId":1,"baseKey":"BX9cnbz8uKMKdSWYDtqE6q6a61GKK3qplIkoYrysytok","preKeyId":3396979}}},"version":"v1"}