{"_sessions":{"BWVFDADNHzCtelxlwtU5j/ce8D5LmBJM2Kjih93GAd9k":{"registrationId":1851313229,"currentRatchet":{"ephemeralKeyPair":{"pubKey":"BYlxuSFIL98ksqd9+XE44IpdSHk6byXVgyn4UPtnN1cK","privKey":"ABafPBFY9/lhKVi0gOH2rU8eVlQiakuWN2g3wqSBL2Q="},"lastRemoteEphemeralKey":"BYLEv0ruiw2StEUk4lVUVpG2+1kmftnqQzUm/aC0CIhH","previousCounter":0,"rootKey":"ktx37WSl4hNKPVNTI4FqgO7d+0mrx5CMv7UzzGRQF/E="},"indexInfo":{"baseKey":"BWVFDADNHzCtelxlwtU5j/ce8D5LmBJM2Kjih93GAd9k","baseKeyType":1,"closed":-1,"used":1748739260165,"created":1748739260165,"remoteIdentityKey":"BXU7L6SyFFxdGD9AXjFyaVGYHopPvICL0nC1BLgsb0wK"},"_chains":{"BYlxuSFIL98ksqd9+XE44IpdSHk6byXVgyn4UPtnN1cK":{"chainKey":{"counter":0,"key":"PZJlmXH6msbT71otnQIhS4HFe128zbERkmFXol1p+ks="},"chainType":1,"messageKeys":{}}},"pendingPreKey":{"signedKeyId":0,"baseKey":"BWVFDADNHzCtelxlwtU5j/ce8D5LmBJM2Kjih93GAd9k","preKeyId":15022475}}},"version":"v1"}