{"_sessions":{"BRJpQ2LE0493XTse21frkvtVi6lSwGR/vy5IQJ54ml1u":{"registrationId":152386178,"currentRatchet":{"ephemeralKeyPair":{"pubKey":"BaAQ6rnKkQ8JJzHvdHeqMYm/t5+bWyiuGbmCP0vHttAz","privKey":"6LUpm1EDr/aDQwGxzpmZzr5cHjMmHQxYEjLgfuG6EHE="},"lastRemoteEphemeralKey":"BcPp8oPsUD3Sfb1wFKl7cQtPbEsZSslyxEPLQEKo+xJ4","previousCounter":0,"rootKey":"MVrTPqJeDT21jpbAlolcFSazVUvwIiHocAu8pKQc4hk="},"indexInfo":{"baseKey":"BRJpQ2LE0493XTse21frkvtVi6lSwGR/vy5IQJ54ml1u","baseKeyType":1,"closed":-1,"used":1748739256270,"created":1748739256270,"remoteIdentityKey":"BbWwmLwn3lvxUJ1/jQLGrNR4/0/yx/Dq6Wfx45HW5wpL"},"_chains":{"BaAQ6rnKkQ8JJzHvdHeqMYm/t5+bWyiuGbmCP0vHttAz":{"chainKey":{"counter":0,"key":"PYHRoZYd1pB/N4FHK5u7CTaPQ1QOGkvQB2wpLiljvTs="},"chainType":1,"messageKeys":{}}},"pendingPreKey":{"signedKeyId":3,"baseKey":"BRJpQ2LE0493XTse21frkvtVi6lSwGR/vy5IQJ54ml1u","preKeyId":5325785}}},"version":"v1"}