{"_sessions":{"BcoSzyn9FIUcG2EdbCAmNl5uny9B5SfyVihqnRnyuFgk":{"registrationId":59,"currentRatchet":{"ephemeralKeyPair":{"pubKey":"BWvmIFbHHWlFGRiUAndTm0XjMUlVUhazx0eDSCoHtgBO","privKey":"IAGUpkI46nSG8pyE/9BYFU6h6nTCoA964kLL6T834kQ="},"lastRemoteEphemeralKey":"Bedp/n0iZju7E8iC9bAUb7HYUfp2CqlVRhSjsDQkz4Rs","previousCounter":0,"rootKey":"x3yVK4ZRWqEfYNaFpEKCiUE0tJ6tVaDmWagCwg6XD8U="},"indexInfo":{"baseKey":"BcoSzyn9FIUcG2EdbCAmNl5uny9B5SfyVihqnRnyuFgk","baseKeyType":1,"closed":-1,"used":1748739256072,"created":1748739256072,"remoteIdentityKey":"BTe2/K/j/exP1d7s1PhHc4FNzaiQfWaHoCCVjAyCdtwm"},"_chains":{"BWvmIFbHHWlFGRiUAndTm0XjMUlVUhazx0eDSCoHtgBO":{"chainKey":{"counter":0,"key":"qJ++HVtUkmfBLaCSiRo+5rRCfu7Xcy2BBheKEa4Z5xI="},"chainType":1,"messageKeys":{}}},"pendingPreKey":{"signedKeyId":1,"baseKey":"BcoSzyn9FIUcG2EdbCAmNl5uny9B5SfyVihqnRnyuFgk"}}},"version":"v1"}