{"_sessions":{"Bbx4ik4RDNRKTBtlzlEf38iDrk2Nl1I9S/smAI4+ah9p":{"registrationId":1577428892,"currentRatchet":{"ephemeralKeyPair":{"pubKey":"BST1W8JLpCwuTAipEDi53b9xpjyIPGh/pz1t8MPlMMJC","privKey":"uJme0qa7h5bd8QLvyvWUsiS8OH0dIYm2+jJWk4QJW3Q="},"lastRemoteEphemeralKey":"BXWoejXeD4Yj0Xqh9Kmp7j92suPUkYcG2hnAjl5EraEp","previousCounter":0,"rootKey":"U0YrwdxIanhQON3sEk3dfxT+nNihUMV93yYU00Ih5UA="},"indexInfo":{"baseKey":"Bbx4ik4RDNRKTBtlzlEf38iDrk2Nl1I9S/smAI4+ah9p","baseKeyType":1,"closed":-1,"used":1748739260210,"created":1748739260210,"remoteIdentityKey":"BecjziYPkMFkPxJPkM5pBFOvpZKfGUlbZdFWAmL6mwp6"},"_chains":{"BST1W8JLpCwuTAipEDi53b9xpjyIPGh/pz1t8MPlMMJC":{"chainKey":{"counter":0,"key":"ucqtGcXKX2hgBM0MlFP9EeJj2CucWePEsGadrZNFk1o="},"chainType":1,"messageKeys":{}}},"pendingPreKey":{"signedKeyId":8248994,"baseKey":"Bbx4ik4RDNRKTBtlzlEf38iDrk2Nl1I9S/smAI4+ah9p","preKeyId":3969}}},"version":"v1"}