{"_sessions":{"BR3IOFv15uIiSyjF7vEmpn6kwwBVN/8VKK47wwekxt5X":{"registrationId":930852986,"currentRatchet":{"ephemeralKeyPair":{"pubKey":"BdCoCm9YxTlnSRoZR9Ytfj5NYgYpVp8fqc32p2N8HjBz","privKey":"yFAX1Eh21Y9i1UwmzGonpg5fOLZSjE/qQoZedzw7OVo="},"lastRemoteEphemeralKey":"BaYjxinui6EoBkLb383hbgohwiB/SXnCz+L07U5oNzZw","previousCounter":0,"rootKey":"IwSNKHuT4xBhotl/o4lKBVQG7tcxvb+nqdZsQKcKJsk="},"indexInfo":{"baseKey":"BR3IOFv15uIiSyjF7vEmpn6kwwBVN/8VKK47wwekxt5X","baseKeyType":1,"closed":-1,"used":1748739258149,"created":1748739258149,"remoteIdentityKey":"BfmwXEPsSthK4EpDtIgIhfwOciQ9ALxKY9mZ/K7YJdhe"},"_chains":{"BdCoCm9YxTlnSRoZR9Ytfj5NYgYpVp8fqc32p2N8HjBz":{"chainKey":{"counter":0,"key":"I2Q53YU35iAcdun4U+xnDT9ys9c4vMAGUxzl2dDT3MQ="},"chainType":1,"messageKeys":{}}},"pendingPreKey":{"signedKeyId":12,"baseKey":"BR3IOFv15uIiSyjF7vEmpn6kwwBVN/8VKK47wwekxt5X","preKeyId":3856211}}},"version":"v1"}