{"_sessions":{"BZOnaKUUdCwHw04pPgSnoV3d8/RqT2yzRJHwmbzepAs/":{"registrationId":968915947,"currentRatchet":{"ephemeralKeyPair":{"pubKey":"BaANayMiYSAl/K+O9VbAQJctswC6FykdO/dkLgnanjMg","privKey":"GCMcm+jCW9UQ9EzS2tmQmAmwbfGlEJjKcVEfJyrrOkk="},"lastRemoteEphemeralKey":"BTGmfrXmD+fTo/zGU9Wh5pCc5FnREIbZtaVpVgMidWUz","previousCounter":0,"rootKey":"xYr1TZhiATFS+y8W5cv/FWmDh2byrvAJfXCfAAShl6o="},"indexInfo":{"baseKey":"BZOnaKUUdCwHw04pPgSnoV3d8/RqT2yzRJHwmbzepAs/","baseKeyType":1,"closed":-1,"used":1748739260612,"created":1748739260612,"remoteIdentityKey":"BfculYynWsGLfrEM8hFoZZNjt5r5za9aKu9TR9gS8Jk5"},"_chains":{"BaANayMiYSAl/K+O9VbAQJctswC6FykdO/dkLgnanjMg":{"chainKey":{"counter":0,"key":"xHNQgGUN0CiF2stJ4f9fOq1xFZKL+EgNUvfK6zdaCq0="},"chainType":1,"messageKeys":{}}},"pendingPreKey":{"signedKeyId":0,"baseKey":"BZOnaKUUdCwHw04pPgSnoV3d8/RqT2yzRJHwmbzepAs/"}}},"version":"v1"}