{"_sessions":{"BfCPeYWUpOc5leRvNNGl6tqamwLS//j+9gfX9DilgW8m":{"registrationId":713640568,"currentRatchet":{"ephemeralKeyPair":{"pubKey":"BSLVQtMIPcSJDy9afVozbGS/4pNj8dRfpmHtUYMRs8Eu","privKey":"6BSXRJlLwiJ7M/VsFyEzhQqeZ5RZ52oCZqlhV2Fk91s="},"lastRemoteEphemeralKey":"BZl1Vb7jZ59cBMz3hTvEptnF3ljIx0UMn3GHy2UPnu12","previousCounter":0,"rootKey":"qaEtEGEBMZkVJwHU9wDh1y0RH5xudyn8lW6Jme5P/54="},"indexInfo":{"baseKey":"BfCPeYWUpOc5leRvNNGl6tqamwLS//j+9gfX9DilgW8m","baseKeyType":1,"closed":-1,"used":1748739260606,"created":1748739260606,"remoteIdentityKey":"BXJzbVSrjrGTMjBvj9Ta0OYnLjkkyFT9jUcOUUtoWENK"},"_chains":{"BSLVQtMIPcSJDy9afVozbGS/4pNj8dRfpmHtUYMRs8Eu":{"chainKey":{"counter":0,"key":"yZJ0p7Kri+B/3Zxm2POrJmxN7IIGmL3VegkAkh8DBHA="},"chainType":1,"messageKeys":{}}},"pendingPreKey":{"signedKeyId":0,"baseKey":"BfCPeYWUpOc5leRvNNGl6tqamwLS//j+9gfX9DilgW8m","preKeyId":3564681}}},"version":"v1"}