{"_sessions":{"BQk8OuiEb6fIOQzzziBFlmeumd8t65zuJ4ph9drFXv8e":{"registrationId":1574294300,"currentRatchet":{"ephemeralKeyPair":{"pubKey":"BSK5LDm5O9l00VhfIhLAd/8Egh26JzdI5V/Oe+fX06R9","privKey":"WJ0EfApa/63F1cCUnMh70QxUxlFz9muw70dB7h9fTlc="},"lastRemoteEphemeralKey":"BXDiR32kf/8YD4/kg+WeFuwKY3uPU8NNG4aAwpdufLpA","previousCounter":0,"rootKey":"6Zl1LekPvT1T47S4SS8sBwk8M5QF8Br1fCzPbVS6agg="},"indexInfo":{"baseKey":"BQk8OuiEb6fIOQzzziBFlmeumd8t65zuJ4ph9drFXv8e","baseKeyType":1,"closed":-1,"used":1748739258059,"created":1748739258059,"remoteIdentityKey":"BZWRFTHsXacqXuIac6Y6uUuvcQAs/gzolIA+qi8yha4d"},"_chains":{"BSK5LDm5O9l00VhfIhLAd/8Egh26JzdI5V/Oe+fX06R9":{"chainKey":{"counter":0,"key":"x76RtAJpyZsxacU264epjhgpSTAxs8QNa3nFghLkupI="},"chainType":1,"messageKeys":{}}},"pendingPreKey":{"signedKeyId":1,"baseKey":"BQk8OuiEb6fIOQzzziBFlmeumd8t65zuJ4ph9drFXv8e","preKeyId":11945860}}},"version":"v1"}