{"_sessions":{"BWSgXjG6XjliskoxvagMnEVHP7gFyEydjiT4AouzhKt+":{"registrationId":14880,"currentRatchet":{"ephemeralKeyPair":{"pubKey":"BaZN02LNXfohHw2vRiFSSiQODGMjHsZ1TQhvTIyU9RMU","privKey":"+NzexcnX8GzU9gNBYqst8qqIAWjfhO3SqmdLEDEc02Y="},"lastRemoteEphemeralKey":"BckMx9B9BkgmV7OOutELET5Q956csQdP014C2WdF3Wtm","previousCounter":0,"rootKey":"9B2ZUTO79H/4zco/a0cOfkqzMSlBXEa/dzcCvjKiFd8="},"indexInfo":{"baseKey":"BWSgXjG6XjliskoxvagMnEVHP7gFyEydjiT4AouzhKt+","baseKeyType":1,"closed":-1,"used":1748739256125,"created":1748739256125,"remoteIdentityKey":"BSLsJXO3hFtLi+m8oGeaBuZwED8XNceA+eI4hHQcFJpO"},"_chains":{"BaZN02LNXfohHw2vRiFSSiQODGMjHsZ1TQhvTIyU9RMU":{"chainKey":{"counter":0,"key":"G/KuYlIIw4YSiZSq/SI5iCAsH8BrEqrBLTMGE2m3Qh0="},"chainType":1,"messageKeys":{}}},"pendingPreKey":{"signedKeyId":1,"baseKey":"BWSgXjG6XjliskoxvagMnEVHP7gFyEydjiT4AouzhKt+"}}},"version":"v1"}