{"_sessions":{"BWbFAuAnD4szkXunlOV05HXDGU+abyF4kRvkfyi4kth6":{"registrationId":1963844197,"currentRatchet":{"ephemeralKeyPair":{"pubKey":"BbvFwE8g1O8ND4GX9pEILwPvJlaUcIztacH9ja5qKB4+","privKey":"OLmFMrvQPLsC7h7k4WQcpQpnN82Z6vVjPE+cfOI8nnU="},"lastRemoteEphemeralKey":"BRiCepTl/6C3n7YFgx6n1gp6Vk8C/fXiUmKzuJ6zhr0b","previousCounter":0,"rootKey":"hjVtnqt2av8WQUN6MERMdH/G/BB96L6xgrghSzi0J48="},"indexInfo":{"baseKey":"BWbFAuAnD4szkXunlOV05HXDGU+abyF4kRvkfyi4kth6","baseKeyType":1,"closed":-1,"used":1748739260231,"created":1748739260231,"remoteIdentityKey":"BWCis4SjLP2UJTZcd1hjCmvwq1MYFltV0gRlGeDL0cxD"},"_chains":{"BbvFwE8g1O8ND4GX9pEILwPvJlaUcIztacH9ja5qKB4+":{"chainKey":{"counter":0,"key":"xrAxqafW1v5wviJVUQ8ORLUapY6WVB2esdf8EWdYwAc="},"chainType":1,"messageKeys":{}}},"pendingPreKey":{"signedKeyId":35,"baseKey":"BWbFAuAnD4szkXunlOV05HXDGU+abyF4kRvkfyi4kth6","preKeyId":8339754}}},"version":"v1"}