{"_sessions":{"BThjuUIm0Jx9rg+IleuOnEDPazbhRES6cRP4AdvRy193":{"registrationId":412820365,"currentRatchet":{"ephemeralKeyPair":{"pubKey":"BQhZhhePzns8oXMJ08krRNt0qXtEHBTNHt8o2xXKl4R6","privKey":"+IVr38dR0rqsovLrD1c/KO01iewDchQZuL1S/dCh6GA="},"lastRemoteEphemeralKey":"BeX2Tn8KqEg/3u+9+i5v9UrQWG7VEKQl77FsR1zUwIkT","previousCounter":0,"rootKey":"J7tcoMLy1gbSho45B8S3AOP2EByUatKzDBVA6DE1+4o="},"indexInfo":{"baseKey":"BThjuUIm0Jx9rg+IleuOnEDPazbhRES6cRP4AdvRy193","baseKeyType":1,"closed":-1,"used":1748739258103,"created":1748739258103,"remoteIdentityKey":"Bb5wCQ9C+KBtv8XFGscAwhKnmDjsA443fKnIEdnn2jMh"},"_chains":{"BQhZhhePzns8oXMJ08krRNt0qXtEHBTNHt8o2xXKl4R6":{"chainKey":{"counter":0,"key":"NN2t/UUZI0wRAj30P+Pcqc+Lwzwuy5E165W0xqEnPB0="},"chainType":1,"messageKeys":{}}},"pendingPreKey":{"signedKeyId":10,"baseKey":"BThjuUIm0Jx9rg+IleuOnEDPazbhRES6cRP4AdvRy193","preKeyId":13553966}}},"version":"v1"}