{"_sessions":{"BVanfSnoYR0AmvXo4w54sJBVLbAS04eqYfUbpkPPIH1B":{"registrationId":1389953327,"currentRatchet":{"ephemeralKeyPair":{"pubKey":"BVec1ARzSNnLSfey4lgPNz5NsSPIVLXIzfdfBNgcUbkV","privKey":"GL4Ok9H1KjVHL/VqsEQmvihi2b4Ax8yyDrZY9MF2E3Y="},"lastRemoteEphemeralKey":"BY4BHFDu1K4OTbf7wtfS2MxMBmBX05+7mUujZJd51dRs","previousCounter":0,"rootKey":"aCyivn8f2ISx3RPiaDDgwY4vQsB2YbiP2HBYWjIJpSc="},"indexInfo":{"baseKey":"BVanfSnoYR0AmvXo4w54sJBVLbAS04eqYfUbpkPPIH1B","baseKeyType":1,"closed":-1,"used":1748739256260,"created":1748739256260,"remoteIdentityKey":"BWyD0vKo7CoasttYUBDwvYZWcBaHLC/zI67KIuM6uVlx"},"_chains":{"BVec1ARzSNnLSfey4lgPNz5NsSPIVLXIzfdfBNgcUbkV":{"chainKey":{"counter":0,"key":"UPsfTwZQpgTUOP/5sEyUn0rv4rIGhuVTL7NvS3Q3UMY="},"chainType":1,"messageKeys":{}}},"pendingPreKey":{"signedKeyId":5449462,"baseKey":"BVanfSnoYR0AmvXo4w54sJBVLbAS04eqYfUbpkPPIH1B","preKeyId":3928}}},"version":"v1"}