{"_sessions":{"BaccdAOV4+1sby/VkRDWTHYDo/EcFFHGuCUZCg6wirMz":{"registrationId":1803521308,"currentRatchet":{"ephemeralKeyPair":{"pubKey":"BVhfrK/OQ3JwPeiZ0g8+P2UFIRvpQVsOfrAA4+uVruJc","privKey":"iC8u8aIGrMuNto4q6fVy5dj1KxbBZenBewVZkQ1tokw="},"lastRemoteEphemeralKey":"BVafVLkMcvQ+aVkOJ1hU0+AIsdeiwIkTT8a6tql3c0Jp","previousCounter":0,"rootKey":"zB5eU1qDCMx56vFZeof5yveSW1sX1fgwueLz7IEKN7E="},"indexInfo":{"baseKey":"BaccdAOV4+1sby/VkRDWTHYDo/EcFFHGuCUZCg6wirMz","baseKeyType":1,"closed":-1,"used":1748739256178,"created":1748739256178,"remoteIdentityKey":"Beq+CO/WIzkHtHav1/Ejq2s/P0RAMEcd1W85RqLtxf0A"},"_chains":{"BVhfrK/OQ3JwPeiZ0g8+P2UFIRvpQVsOfrAA4+uVruJc":{"chainKey":{"counter":0,"key":"/IZ14+HDy5fqskqm3fV2lfGwCCtPduouuRBWCzeeV0c="},"chainType":1,"messageKeys":{}}},"pendingPreKey":{"signedKeyId":6858385,"baseKey":"BaccdAOV4+1sby/VkRDWTHYDo/EcFFHGuCUZCg6wirMz","preKeyId":38446}}},"version":"v1"}