{"_sessions":{"BV2suTkHvAJ6e+8DDugTb+yoEkTPeB+rsziiD2dEFzoG":{"registrationId":1108185493,"currentRatchet":{"ephemeralKeyPair":{"pubKey":"BdVx6gcz8N2KGxA0G5vdIiqzZeK1raY7/Es9E+MFQqFJ","privKey":"cGBViEidgp1F6um5MVNVdr/BWJ8a2JvYsow0GQebD3o="},"lastRemoteEphemeralKey":"BdML4WW2QG3Soc35jWtVZhgFbkc7YNuNCmzV5XuMAW9J","previousCounter":0,"rootKey":"+Wp4YKETyjD4KLOCNhzNRs1DkPPRJog57Dxj0EjWkKM="},"indexInfo":{"baseKey":"BV2suTkHvAJ6e+8DDugTb+yoEkTPeB+rsziiD2dEFzoG","baseKeyType":1,"closed":-1,"used":1748739258213,"created":1748739258213,"remoteIdentityKey":"Bd7wuM6wHCjP0ZtGpbR+UovYHad6C479mzfHZEvh8JFd"},"_chains":{"BdVx6gcz8N2KGxA0G5vdIiqzZeK1raY7/Es9E+MFQqFJ":{"chainKey":{"counter":0,"key":"RUsoDfKXmOFxA9nOhg8TQsbFj4PmbxX7C7LfZjaOjEQ="},"chainType":1,"messageKeys":{}}},"pendingPreKey":{"signedKeyId":2,"baseKey":"BV2suTkHvAJ6e+8DDugTb+yoEkTPeB+rsziiD2dEFzoG","preKeyId":3589193}}},"version":"v1"}