{"_sessions":{"BXZ92v3oi/efGbY8Dlg5SnRccVVxXT8OhDyJXvniUH5z":{"registrationId":372321650,"currentRatchet":{"ephemeralKeyPair":{"pubKey":"BSjgtTH2G6j2cQUHFe/kq71b8vCbiL+nvStAoE4sKxoO","privKey":"8DQpea2/cyIkeuOVuXuY4X1I/Nk2uyT+zFQ2hwEFu28="},"lastRemoteEphemeralKey":"BWT9djyZMi5gil8yMm2PJoAIHlaEnleYmg075lfwhIBl","previousCounter":0,"rootKey":"xzkWKdAPAhBpvjy4ci+nNe+h3Y+l20CZY7ys1je7hYo="},"indexInfo":{"baseKey":"BXZ92v3oi/efGbY8Dlg5SnRccVVxXT8OhDyJXvniUH5z","baseKeyType":1,"closed":-1,"used":1748739260142,"created":1748739260142,"remoteIdentityKey":"BRFrRNvls518uZdM+F1cwt+lxvjHz07Bb9zbNjBuwUQN"},"_chains":{"BSjgtTH2G6j2cQUHFe/kq71b8vCbiL+nvStAoE4sKxoO":{"chainKey":{"counter":0,"key":"TfynhuGTyMEl92dKGXQiZaE3lu67wNGnduSY7ZS1Eu8="},"chainType":1,"messageKeys":{}}},"pendingPreKey":{"signedKeyId":0,"baseKey":"BXZ92v3oi/efGbY8Dlg5SnRccVVxXT8OhDyJXvniUH5z","preKeyId":9605115}}},"version":"v1"}