{"_sessions":{"BfY5Pdr1UMU4MLJoFmjKbo8EX0ffLoYw16smncXQPdRM":{"registrationId":673690317,"currentRatchet":{"ephemeralKeyPair":{"pubKey":"BXis5s+DTEvkSblPtaok/AiFByAS+UlpPU7KhDBr9vVa","privKey":"KDKkU3zoRO5SoVbBlGJ/Qrd3yFLCfv7GqtP5jNP3pEU="},"lastRemoteEphemeralKey":"BRkBpSAvomq5Sh4RyqQrpHiZXiHE5PJA5AkGwb/R8GtP","previousCounter":0,"rootKey":"kYJ5UHNJfpbaIDq8sNWSftwXCJxrDN0M37cVoukh5CQ="},"indexInfo":{"baseKey":"BfY5Pdr1UMU4MLJoFmjKbo8EX0ffLoYw16smncXQPdRM","baseKeyType":1,"closed":-1,"used":1748739256181,"created":1748739256181,"remoteIdentityKey":"BdVI7ZTKwYCk6MegGp0IJLJuTHpfeIg5FqvhRIztmGxl"},"_chains":{"BXis5s+DTEvkSblPtaok/AiFByAS+UlpPU7KhDBr9vVa":{"chainKey":{"counter":0,"key":"ITLSO+QygXimZdOYtysLyEaWRmsZS8jr+u+fZDqf+G8="},"chainType":1,"messageKeys":{}}},"pendingPreKey":{"signedKeyId":16713826,"baseKey":"BfY5Pdr1UMU4MLJoFmjKbo8EX0ffLoYw16smncXQPdRM","preKeyId":9141}}},"version":"v1"}