{"_sessions":{"BZaL1gFA/B8M96z7iNn/RQZ4dtL1tDtk/44feniiDFtM":{"registrationId":1314791345,"currentRatchet":{"ephemeralKeyPair":{"pubKey":"Bcp4A26XpxAKhwye0XOY8myNdUdieCL0qRl/VwAAe9IQ","privKey":"4A0C+tOvZ1fHL7Yue8F4KwhubOEP4soiHWvtrEBTb2I="},"lastRemoteEphemeralKey":"BYHKLAuE0VJnqZTQAj8iY23zAgoo+xUVmvNqSqcOH+c0","previousCounter":0,"rootKey":"CPgjTYThqAesHbMlXQfoanRpKk0I8vVYqBfpspNoxq8="},"indexInfo":{"baseKey":"BZaL1gFA/B8M96z7iNn/RQZ4dtL1tDtk/44feniiDFtM","baseKeyType":1,"closed":-1,"used":1748739260325,"created":1748739260325,"remoteIdentityKey":"BZRDfChr8Kn3TJaddhVtKKzGPuEO/Ov3oygBy0euepIl"},"_chains":{"Bcp4A26XpxAKhwye0XOY8myNdUdieCL0qRl/VwAAe9IQ":{"chainKey":{"counter":0,"key":"3aK/VYybMp302vEkKJerj0IQKQP6vLbAkLBElZp0tAw="},"chainType":1,"messageKeys":{}}},"pendingPreKey":{"signedKeyId":1467798,"baseKey":"BZaL1gFA/B8M96z7iNn/RQZ4dtL1tDtk/44feniiDFtM","preKeyId":16188}}},"version":"v1"}