{"_sessions":{"BZ2rqBVGGFXy1A9m1hp7ELIgkrIQ7f0BIVUjygc2arVw":{"registrationId":1356327261,"currentRatchet":{"ephemeralKeyPair":{"pubKey":"BZi8r4VoZKzwOukTbHWCHvTqMd88h/PIDHz9Eo3mzS83","privKey":"EFLP2eoF4qB5xykIeYRndkrWjsBgtDwBOrGkFNdM12Q="},"lastRemoteEphemeralKey":"BcI9dWG+/UxC1loOvrAUsB4hXJr03W08kkui/yGo5CoD","previousCounter":0,"rootKey":"bBt8qc86AhzAxL83Zrs85Wtjm2RBZKlzG0oSARRy8jM="},"indexInfo":{"baseKey":"BZ2rqBVGGFXy1A9m1hp7ELIgkrIQ7f0BIVUjygc2arVw","baseKeyType":1,"closed":-1,"used":1748739256204,"created":1748739256204,"remoteIdentityKey":"Ba3zPYWYciYz/Tx8g1VgmamH0A8rzj4MRIgSC4dZKPNa"},"_chains":{"BZi8r4VoZKzwOukTbHWCHvTqMd88h/PIDHz9Eo3mzS83":{"chainKey":{"counter":0,"key":"uM0qmXeCKq1duXumDHf//+jyuRoLrFPwn+h4OS/kJv8="},"chainType":1,"messageKeys":{}}},"pendingPreKey":{"signedKeyId":1,"baseKey":"BZ2rqBVGGFXy1A9m1hp7ELIgkrIQ7f0BIVUjygc2arVw","preKeyId":7751172}}},"version":"v1"}