{"_sessions":{"BRmmgP1qEdmiTJ1oCy7geGvcUUY7CtTUZtZg9diMvwUg":{"registrationId":1883701484,"currentRatchet":{"ephemeralKeyPair":{"pubKey":"BalsU/SjK/rqIs28+xFnWOYdSO3EugIO5pvKC8FJh49h","privKey":"8I4x8X1U1E+qlNfKFXOS0taB9Be2+qN1L6Y5ZGt+AW4="},"lastRemoteEphemeralKey":"BXHTeRF2eW3RHCdBbd8Tx9RJHH9uSB39MOIUaoMIQ9Qz","previousCounter":0,"rootKey":"MfwZUckQr5J/Uu+6hKRi51JRSfIBLNXPur7/wQfUX1M="},"indexInfo":{"baseKey":"BRmmgP1qEdmiTJ1oCy7geGvcUUY7CtTUZtZg9diMvwUg","baseKeyType":1,"closed":-1,"used":1748739258265,"created":1748739258265,"remoteIdentityKey":"BRJoOlGKWMG0CjgNRiqqVuEWa00ap1Uq1clbSY+X6Qxr"},"_chains":{"BalsU/SjK/rqIs28+xFnWOYdSO3EugIO5pvKC8FJh49h":{"chainKey":{"counter":0,"key":"HVVuSpbGM041albHCtk8V7cCYtnlW/WSgInS4wpErD8="},"chainType":1,"messageKeys":{}}},"pendingPreKey":{"signedKeyId":34,"baseKey":"BRmmgP1qEdmiTJ1oCy7geGvcUUY7CtTUZtZg9diMvwUg","preKeyId":12558575}}},"version":"v1"}