{"_sessions":{"BVCNt18QC71ekMe2Ls7XO83P4NzNg3geY8p9Q/o4qWtY":{"registrationId":2139837447,"currentRatchet":{"ephemeralKeyPair":{"pubKey":"BQ0mbZCRk4M0R057HVzJ++FpTcfzCNHNxYavudYZ5H9z","privKey":"uI3kY6o69mriouOBj6l5OPYbRVOafXN4lnXyjUQnHGA="},"lastRemoteEphemeralKey":"BYfxLROoxwClZf9mcB//FVUKMDocuYUg9lnykVwxRGQC","previousCounter":0,"rootKey":"r+jnoqavlusBQOhisicQRqMdgagMBWlhwi1OFUYIAus="},"indexInfo":{"baseKey":"BVCNt18QC71ekMe2Ls7XO83P4NzNg3geY8p9Q/o4qWtY","baseKeyType":1,"closed":-1,"used":1748739256216,"created":1748739256216,"remoteIdentityKey":"BZ3V+yBdlhGafJXD/6ZkXDpGi9WKl36OTcQUcFUvkIoU"},"_chains":{"BQ0mbZCRk4M0R057HVzJ++FpTcfzCNHNxYavudYZ5H9z":{"chainKey":{"counter":0,"key":"6gn2lVPUaeI7l/zelGCQx3Hz8/7Jc/9F8qMKk2ebw+0="},"chainType":1,"messageKeys":{}}},"pendingPreKey":{"signedKeyId":12,"baseKey":"BVCNt18QC71ekMe2Ls7XO83P4NzNg3geY8p9Q/o4qWtY","preKeyId":14347394}}},"version":"v1"}