{"_sessions":{"BXFoIITn0G7JRNWE6+0uv8H2gBvbR+44mfekmWQOS0xW":{"registrationId":10687,"currentRatchet":{"ephemeralKeyPair":{"pubKey":"BXNjU5hWJQywrqut6C8CGs4o3TmXZdBtx8tgYB0AAygn","privKey":"iFw0kgZgrZXh14joqvyU3kdEvwRYXQ9OIQtJ06BjslM="},"lastRemoteEphemeralKey":"BVnTNN1RhhcJYnF0rnCTcphLrnrNgDngYDgofdU3gnQU","previousCounter":0,"rootKey":"NyVoC+nYvU/xTWn/cNc/XrOCI7ocez6qG3C8eEOe1rY="},"indexInfo":{"baseKey":"BXFoIITn0G7JRNWE6+0uv8H2gBvbR+44mfekmWQOS0xW","baseKeyType":1,"closed":-1,"used":1748739256084,"created":1748739256084,"remoteIdentityKey":"BVVjw3YAEMvYi5kH1VNhFQBDcGor9dkI5PwO2Q2o5EMj"},"_chains":{"BXNjU5hWJQywrqut6C8CGs4o3TmXZdBtx8tgYB0AAygn":{"chainKey":{"counter":0,"key":"Xjqmlf4sxQFPeinWgqvUQT0/IPFnps/SQHRs6HPfwNw="},"chainType":1,"messageKeys":{}}},"pendingPreKey":{"signedKeyId":1,"baseKey":"BXFoIITn0G7JRNWE6+0uv8H2gBvbR+44mfekmWQOS0xW"}}},"version":"v1"}