{"_sessions":{"BXNiyXm5HKqOPcB+HXXq315r11SwpGPFk/fLKjguL3A+":{"registrationId":12399,"currentRatchet":{"ephemeralKeyPair":{"pubKey":"BfC0yyKduTwb9ItmHRgvkEE9kSi1uKRe9X8WU9wyj/Bd","privKey":"EO7Z+w+7iatBIsl6y6C7GpNIhKePQOl3FFGkMCsbvm0="},"lastRemoteEphemeralKey":"BR0ITfbwfLeL9lUIYc/V5jY1hBh9+1zrVMSsuxjvo4Ii","previousCounter":0,"rootKey":"sMQyxUAGsh1bBABUO/IoC0xrBnqsIfhoi207hpfAFKA="},"indexInfo":{"baseKey":"BXNiyXm5HKqOPcB+HXXq315r11SwpGPFk/fLKjguL3A+","baseKeyType":1,"closed":-1,"used":1748739256121,"created":1748739256121,"remoteIdentityKey":"BSRa4oZYp2QIda2BXiOIA9WglkC7b7skN9Y/5vhrMIxN"},"_chains":{"BfC0yyKduTwb9ItmHRgvkEE9kSi1uKRe9X8WU9wyj/Bd":{"chainKey":{"counter":0,"key":"z0Biw9XgLwGnwqlgXpMZ+j16BG3OhDJxxrrDU40Ms7g="},"chainType":1,"messageKeys":{}}},"pendingPreKey":{"signedKeyId":1,"baseKey":"BXNiyXm5HKqOPcB+HXXq315r11SwpGPFk/fLKjguL3A+"}}},"version":"v1"}