{"_sessions":{"BXJFUVfTSoC8RsnqWnZOiXGpgiCcNn4hEfgWuDHTGDMX":{"registrationId":1057469425,"currentRatchet":{"ephemeralKeyPair":{"pubKey":"BR18MXpLMgY3Z4xpKRC8zC69gODU6RsSP8GLQ4vifswx","privKey":"YLWmOOPasJ0Yrft+N/AxDMJmH3JVZybAj36wFn49inc="},"lastRemoteEphemeralKey":"Ba3+HBi1Fs8BWxJyowIAQOyWCWW2bEMvswasPJrJj4Rz","previousCounter":0,"rootKey":"ESzBmJ5troRQF1rk8toxcTvx3fYp1h5J6X+lFLmeFCc="},"indexInfo":{"baseKey":"BXJFUVfTSoC8RsnqWnZOiXGpgiCcNn4hEfgWuDHTGDMX","baseKeyType":1,"closed":-1,"used":1748739256244,"created":1748739256244,"remoteIdentityKey":"BaJ02kQQJv2hYBALADGFSnObQrIC7Sq1V+XYIND9jpUg"},"_chains":{"BR18MXpLMgY3Z4xpKRC8zC69gODU6RsSP8GLQ4vifswx":{"chainKey":{"counter":0,"key":"AzofYi5kMQgyyPzYwFAY+VDka121k+JRbmuEKvSob5M="},"chainType":1,"messageKeys":{}}},"pendingPreKey":{"signedKeyId":2,"baseKey":"BXJFUVfTSoC8RsnqWnZOiXGpgiCcNn4hEfgWuDHTGDMX","preKeyId":7185670}}},"version":"v1"}