{"_sessions":{"BZk2ZZ6nBNK6kdpbICUoP41jIo0+cnZZhBXK5WS+8mog":{"registrationId":1602290865,"currentRatchet":{"ephemeralKeyPair":{"pubKey":"BaJvP+tRNu39wnMWZYGz8ok1HwZvXzf2+Ck53V1Tw0Fv","privKey":"AFxGLwxrQPotklpWbna490rxvL5Rw142mNHlESBdUng="},"lastRemoteEphemeralKey":"BQSjzd4SrKwCUYAENtH9LxihH1rjBekv7DBKEE5FvqpC","previousCounter":0,"rootKey":"aRvoHlDyDroWwmCMQopurjchZ49JGPhbsSXCMJWw63A="},"indexInfo":{"baseKey":"BZk2ZZ6nBNK6kdpbICUoP41jIo0+cnZZhBXK5WS+8mog","baseKeyType":1,"closed":-1,"used":1748739258232,"created":1748739258232,"remoteIdentityKey":"BXtJyOCZZ0yHDAcqwZT4M4OWnFJTl+0I1F5PkSonFZgP"},"_chains":{"BaJvP+tRNu39wnMWZYGz8ok1HwZvXzf2+Ck53V1Tw0Fv":{"chainKey":{"counter":0,"key":"nCc5hHstVwl5gn/DzIIEfBEzS5Gtw0wo3f8u0l4GMg4="},"chainType":1,"messageKeys":{}}},"pendingPreKey":{"signedKeyId":1097538,"baseKey":"BZk2ZZ6nBNK6kdpbICUoP41jIo0+cnZZhBXK5WS+8mog","preKeyId":12636}}},"version":"v1"}