{"_sessions":{"BaZtyFsuQOyVBA9fKz1rulFG9ayL3AN08EClhxHrYzY1":{"registrationId":13315,"currentRatchet":{"ephemeralKeyPair":{"pubKey":"Bao/IGRixVj+YcqBDhxUTesxn8mJqOS5A+55LyjcDOJW","privKey":"6GcTb7mzqBAWlck7sW9s2xNMx7kpuywRhlPqNLnCJ3k="},"lastRemoteEphemeralKey":"BQuN/aGnZkwnP4B61ExGB8ns7Otv+jKbJvjl7Q+2GX9l","previousCounter":0,"rootKey":"yFwKLmnjJ10RIPipZHeZH4oSpPiEgo93YouQK33birk="},"indexInfo":{"baseKey":"BaZtyFsuQOyVBA9fKz1rulFG9ayL3AN08EClhxHrYzY1","baseKeyType":1,"closed":-1,"used":1748739256147,"created":1748739256147,"remoteIdentityKey":"BUobSdxI5u9QMG86sl9XqfP4zN9suDBSUN70SQpC7PgN"},"_chains":{"Bao/IGRixVj+YcqBDhxUTesxn8mJqOS5A+55LyjcDOJW":{"chainKey":{"counter":0,"key":"5lDj2gFMX07dSYA1z2djZPekDPyD/vtiDlCij4pbCwU="},"chainType":1,"messageKeys":{}}},"pendingPreKey":{"signedKeyId":1,"baseKey":"BaZtyFsuQOyVBA9fKz1rulFG9ayL3AN08EClhxHrYzY1","preKeyId":1144}}},"version":"v1"}