{"_sessions":{"BfeQKmJyGhA9e+hkuMsBftjvOkB6mIAmDrhtCChSR61r":{"registrationId":419505446,"currentRatchet":{"ephemeralKeyPair":{"pubKey":"BVoEabXDAygDokFWH9wYT9Ahh1CKNqftsmWuEHkPG8FU","privKey":"kGJsytX9Wabx668MhkLBjKx/PlTjjJhdXfBh6TFoCXA="},"lastRemoteEphemeralKey":"BYhH4i4Bm9y/oLxuWX/9oOdvJt6CBW54JRT4sq1zMl0U","previousCounter":0,"rootKey":"ZS5hUv7dNlbq2jMii3YPsWby0CaXpzMVmindoOY9zR4="},"indexInfo":{"baseKey":"BfeQKmJyGhA9e+hkuMsBftjvOkB6mIAmDrhtCChSR61r","baseKeyType":1,"closed":-1,"used":1748739258082,"created":1748739258082,"remoteIdentityKey":"BRjqFaN1tqM4zw2kCXVgELCmHjU6dwbEJrk+cT1J8eEL"},"_chains":{"BVoEabXDAygDokFWH9wYT9Ahh1CKNqftsmWuEHkPG8FU":{"chainKey":{"counter":0,"key":"kqiBzVjTMWsfhNbAyBL27PsmimbVATgpgrRmZhl4jcM="},"chainType":1,"messageKeys":{}}},"pendingPreKey":{"signedKeyId":11,"baseKey":"BfeQKmJyGhA9e+hkuMsBftjvOkB6mIAmDrhtCChSR61r"}}},"version":"v1"}