{"_sessions":{"BYTRHelTO7nUtDV4FuIEeAuPCp6UD8SzuyqqypPJ6Dgg":{"registrationId":877721187,"currentRatchet":{"ephemeralKeyPair":{"pubKey":"BbkekSJMXTi4ea1ZngUWgUoGuZyjcCHAYa9iD1Hr7At4","privKey":"0CYkQGQPwPLMBKTnlZldfhddHSSiaJ79H2McfUU/nHY="},"lastRemoteEphemeralKey":"BdUfa0+t/iQ9m3SIG4zitUuhDwS08l2ngZxyux1dJxZ4","previousCounter":0,"rootKey":"uvF3U/UgfOkEcUf3HPb/iYW5rW4TryPFS/XZchxQ0PM="},"indexInfo":{"baseKey":"BYTRHelTO7nUtDV4FuIEeAuPCp6UD8SzuyqqypPJ6Dgg","baseKeyType":1,"closed":-1,"used":1748739258263,"created":1748739258263,"remoteIdentityKey":"Be6G7RJWRuogKQtlf3zD1TuaMfCCTdYpKAAF9WXmT75t"},"_chains":{"BbkekSJMXTi4ea1ZngUWgUoGuZyjcCHAYa9iD1Hr7At4":{"chainKey":{"counter":0,"key":"LFnIYcVLI/1/cVmIl3Ln3W0Tjr/Nwg85oLULkFvyzlQ="},"chainType":1,"messageKeys":{}}},"pendingPreKey":{"signedKeyId":0,"baseKey":"BYTRHelTO7nUtDV4FuIEeAuPCp6UD8SzuyqqypPJ6Dgg","preKeyId":3654162}}},"version":"v1"}