{"_sessions":{"BQuHHLWuC7FyPFOq/3vz2kdsxz2VeARqgBjzUm+07K47":{"registrationId":1649749000,"currentRatchet":{"ephemeralKeyPair":{"pubKey":"BV7Kou6tRKInDQ4c7r3Isgq8STlAbE09YzxAxWpbLYg/","privKey":"EEF6xsRBcBP1dH6nE667uRK/Q8qUGn1yKhzv/dcSV08="},"lastRemoteEphemeralKey":"BR+yTv4i0GkEPvpaWhCSFYv3SVPiaX9LYp+W3esLPPVE","previousCounter":0,"rootKey":"23gQsDlHFR5Gdrp1YSU6JfoWx7gv7tTqW9IPgDI4TE8="},"indexInfo":{"baseKey":"BQuHHLWuC7FyPFOq/3vz2kdsxz2VeARqgBjzUm+07K47","baseKeyType":1,"closed":-1,"used":1748739260236,"created":1748739260236,"remoteIdentityKey":"BZMCBfJ13wycDd/B8PXfl8PHGvbKy3lxkJkEWuZ5UHom"},"_chains":{"BV7Kou6tRKInDQ4c7r3Isgq8STlAbE09YzxAxWpbLYg/":{"chainKey":{"counter":0,"key":"sPqYdwfme5oc2vXPKbY7jMS7xRddGFr5Htg/HUC5y5I="},"chainType":1,"messageKeys":{}}},"pendingPreKey":{"signedKeyId":1,"baseKey":"BQuHHLWuC7FyPFOq/3vz2kdsxz2VeARqgBjzUm+07K47","preKeyId":5075847}}},"version":"v1"}