{"_sessions":{"BVfPMhCNDkarcf38WolQCAFwH9Uw1QTOsqn5l5Y3fcpT":{"registrationId":41964020,"currentRatchet":{"ephemeralKeyPair":{"pubKey":"BXn1BseUfBlW4DOQNtv9+J4SiArOBXMRkh+LWlilOkBH","privKey":"kJwLmXbVLFzULvhR3XBph78PULcoRvcm7RG0UVHYIGo="},"lastRemoteEphemeralKey":"BWsL6hlZ14eDAZXV02qEilp3dmPT+wTIsj3HQtioGkEW","previousCounter":0,"rootKey":"VFL0WLCUno9oyEcaSbkdJt/S1tg64UDeXOim6EeTAgc="},"indexInfo":{"baseKey":"BVfPMhCNDkarcf38WolQCAFwH9Uw1QTOsqn5l5Y3fcpT","baseKeyType":1,"closed":-1,"used":1748739260285,"created":1748739260285,"remoteIdentityKey":"BWeWQwIlDeT/XvFs7zgq8KjY4TxuX0g6ZqSZ5JUe88JD"},"_chains":{"BXn1BseUfBlW4DOQNtv9+J4SiArOBXMRkh+LWlilOkBH":{"chainKey":{"counter":0,"key":"ytLSWrHW2mSyYAFBNrJ7tA7bcQxIZaqJfm+KgYAb3fk="},"chainType":1,"messageKeys":{}}},"pendingPreKey":{"signedKeyId":52,"baseKey":"BVfPMhCNDkarcf38WolQCAFwH9Uw1QTOsqn5l5Y3fcpT","preKeyId":1509204}}},"version":"v1"}