{"_sessions":{"BdFE0YH3Gmy8PW8Y/8wYY0iM6tzmrO7eXZt1bFNJ1rZv":{"registrationId":1688819671,"currentRatchet":{"ephemeralKeyPair":{"pubKey":"BUiLak9YrvRbd7xHEfwP7hy18yB/xCJO69dutL2Qdmt+","privKey":"sKu6qCXq1RIzdjjQ9UnrhDEedjMi4T66O2geYBI7gV8="},"lastRemoteEphemeralKey":"BXtLENutPb15aAK9x2yAYUZwBWWUhWLZajIYyL7OB+U/","previousCounter":0,"rootKey":"TIzaAXJY3ekfLRV8PgtkZ4vnXhnDZPP35Pbry9aHqEA="},"indexInfo":{"baseKey":"BdFE0YH3Gmy8PW8Y/8wYY0iM6tzmrO7eXZt1bFNJ1rZv","baseKeyType":1,"closed":-1,"used":1748739258093,"created":1748739258093,"remoteIdentityKey":"BeiWYK7RzB2l2Hz9PGFUAuBvvaHJdjr0YqKCNQMYXHIh"},"_chains":{"BUiLak9YrvRbd7xHEfwP7hy18yB/xCJO69dutL2Qdmt+":{"chainKey":{"counter":0,"key":"iSOtEk+u6DryoXK+L9Y7//xap9VcpTm3f2bffrnH/lg="},"chainType":1,"messageKeys":{}}},"pendingPreKey":{"signedKeyId":13195967,"baseKey":"BdFE0YH3Gmy8PW8Y/8wYY0iM6tzmrO7eXZt1bFNJ1rZv","preKeyId":7886}}},"version":"v1"}