{"_sessions":{"BUi3g6gDN9cjh+ZLxOcC00hbdKPgg+aP/OHi8YcCvJdF":{"registrationId":1783676842,"currentRatchet":{"ephemeralKeyPair":{"pubKey":"BVoMmd3whrhk9y35oIXXJVCDgc+lT3WKiGRPncSsmvV5","privKey":"UJtw8lIldkzpUcD4F/PONhYboItad8WIaqXkDeHizX4="},"lastRemoteEphemeralKey":"BSm9XuefAW7M+X+Byoq7TfQpNOz3efCyC0Dc7DAvcEwm","previousCounter":0,"rootKey":"Xk0jWMnLZ4JkW7r4rOYoRXNpG3g6mshKyZCl8wMqI5c="},"indexInfo":{"baseKey":"BUi3g6gDN9cjh+ZLxOcC00hbdKPgg+aP/OHi8YcCvJdF","baseKeyType":1,"closed":-1,"used":1748739256100,"created":1748739256100,"remoteIdentityKey":"BSHVHIq9QMIbdwAMiCheEDzE0pUroMYThtbUK45ndXJ3"},"_chains":{"BVoMmd3whrhk9y35oIXXJVCDgc+lT3WKiGRPncSsmvV5":{"chainKey":{"counter":0,"key":"lQqQfKeeWpazZZssdgvu0nKS2YDNt1/vW+hWushRJJk="},"chainType":1,"messageKeys":{}}},"pendingPreKey":{"signedKeyId":17,"baseKey":"BUi3g6gDN9cjh+ZLxOcC00hbdKPgg+aP/OHi8YcCvJdF","preKeyId":2579}}},"version":"v1"}