{"_sessions":{"BZsfbjDHUyJ6zAFOVraR/CDmkVtVc0wf6YGO8yzbvH4l":{"registrationId":5483,"currentRatchet":{"ephemeralKeyPair":{"pubKey":"BfQ3PdH0crrXkpBFLZAv44EOZ/PCDN1V0rqcVYE9cHIf","privKey":"sEG7ccUDUyEHOnKRYx84vXTDrEJ81XIM5/ErG6u+d3g="},"lastRemoteEphemeralKey":"BU3EJgc8N64eycyELXlwsJN2cCC01GE2hnPEXW8K7uRH","previousCounter":0,"rootKey":"Eh/arB3CmhW8f/JVXN7SuyN0FN5cwNPi0d36qx2AGFU="},"indexInfo":{"baseKey":"BZsfbjDHUyJ6zAFOVraR/CDmkVtVc0wf6YGO8yzbvH4l","baseKeyType":1,"closed":-1,"used":1748739256065,"created":1748739256065,"remoteIdentityKey":"BQfEgaZYUvOC/OtQO6jrqn638HzklrIANFqh230PKOZC"},"_chains":{"BfQ3PdH0crrXkpBFLZAv44EOZ/PCDN1V0rqcVYE9cHIf":{"chainKey":{"counter":0,"key":"Ey+hxYQBS8WfbS+BbSG0YDmI7aKyU9jWmP+kxa55l04="},"chainType":1,"messageKeys":{}}},"pendingPreKey":{"signedKeyId":1,"baseKey":"BZsfbjDHUyJ6zAFOVraR/CDmkVtVc0wf6YGO8yzbvH4l"}}},"version":"v1"}