{"_sessions":{"BX8yUw/c0lGji81vR6tzXyH4BLiT9VU1/XqUtNLzjDxD":{"registrationId":837522793,"currentRatchet":{"ephemeralKeyPair":{"pubKey":"BZcsgjMGS66NqekIan5p/lciiTDmMN0y1WcUF3pQt4E0","privKey":"gDwC5HkI1q4N+s9QPMoxu7z8HYq53XcrHaizWBfeoVk="},"lastRemoteEphemeralKey":"BQ4Tndk3/UzmjohJqTwJCHSrL98RoUxBtakwvCw4NGMf","previousCounter":0,"rootKey":"ScuHw/x+HhqwXRnXA5L8BMUDb8z4CC365G4PTdnin1U="},"indexInfo":{"baseKey":"BX8yUw/c0lGji81vR6tzXyH4BLiT9VU1/XqUtNLzjDxD","baseKeyType":1,"closed":-1,"used":1748739258209,"created":1748739258209,"remoteIdentityKey":"BSuO6MXackoPhBo+S0VM7KfEu5NKNMJ9BPnz915uf1BU"},"_chains":{"BZcsgjMGS66NqekIan5p/lciiTDmMN0y1WcUF3pQt4E0":{"chainKey":{"counter":0,"key":"hfm3BmwN0Fnxpm7F9DOPy9rO3elq7Sr1kR5LQm7O0mU="},"chainType":1,"messageKeys":{}}},"pendingPreKey":{"signedKeyId":1,"baseKey":"BX8yUw/c0lGji81vR6tzXyH4BLiT9VU1/XqUtNLzjDxD","preKeyId":4070193}}},"version":"v1"}