{"_sessions":{"BbyrCgevM2nug4GW+gJ2skD7bGEdAV25/U3ZZExnrXhv":{"registrationId":1657554437,"currentRatchet":{"ephemeralKeyPair":{"pubKey":"BSCl5XCBE8Hw6rWGj72pxTDso+4QVy2Xq4qk32VRzXoa","privKey":"6JUXQLuUpQzMYYBBn9zqjWmcrDR4XDw9V17+s0X8fU0="},"lastRemoteEphemeralKey":"BY6or8C6IwlmB2nlcql3K30uPy3eHstQSYUuQh+uAel1","previousCounter":0,"rootKey":"ZP/0S3/x2ehN9RRajOz7weTxGykXHA+4sbyA0PLfAoE="},"indexInfo":{"baseKey":"BbyrCgevM2nug4GW+gJ2skD7bGEdAV25/U3ZZExnrXhv","baseKeyType":1,"closed":-1,"used":1748739260177,"created":1748739260177,"remoteIdentityKey":"BRoJSO2EbANAc11zQZqUQdWi04C83WBkG2jM8CjVsB4Q"},"_chains":{"BSCl5XCBE8Hw6rWGj72pxTDso+4QVy2Xq4qk32VRzXoa":{"chainKey":{"counter":0,"key":"ZaeJDl/IYmC/cK4c6lRqWBos7C7/WZxnJjhIqho5y5k="},"chainType":1,"messageKeys":{}}},"pendingPreKey":{"signedKeyId":1,"baseKey":"BbyrCgevM2nug4GW+gJ2skD7bGEdAV25/U3ZZExnrXhv","preKeyId":16681865}}},"version":"v1"}