{"_sessions":{"BUlNeE2VkfPxgicg4Ta7fnhIMmDaHH4S/g1BS0uUBMZ3":{"registrationId":1896475754,"currentRatchet":{"ephemeralKeyPair":{"pubKey":"BZwZf19IFZ2WjHKxTqCaJUPGbP2GqNuKPIVL4WpP4GNK","privKey":"SHXFYtMaKD61yJnilcy8xqo2T+/qrGwvYMFIWju23XM="},"lastRemoteEphemeralKey":"BYPs5Z16JculS5r/0zCGXpfC/zeiBHjpb62WgWy3Z8wi","previousCounter":0,"rootKey":"ntRhttsTtS5nyVyFatYvdy31dEkYJMJ2VRuR/TRkdhQ="},"indexInfo":{"baseKey":"BUlNeE2VkfPxgicg4Ta7fnhIMmDaHH4S/g1BS0uUBMZ3","baseKeyType":1,"closed":-1,"used":1748739258247,"created":1748739258247,"remoteIdentityKey":"BdA/Cj1X0zrVj01aDh+ngCVDubzIDJk5s3ykRNRwx1Vt"},"_chains":{"BZwZf19IFZ2WjHKxTqCaJUPGbP2GqNuKPIVL4WpP4GNK":{"chainKey":{"counter":0,"key":"yI8ODxVLd6aVWXVX/5+hC8bcf0cgtjt2fF2bjDiQT9M="},"chainType":1,"messageKeys":{}}},"pendingPreKey":{"signedKeyId":10,"baseKey":"BUlNeE2VkfPxgicg4Ta7fnhIMmDaHH4S/g1BS0uUBMZ3","preKeyId":7268160}}},"version":"v1"}