{"_sessions":{"BSJDc+zuupclzKe435J/AapRZTexJF2TTOrV0jag6ZQ4":{"registrationId":345448149,"currentRatchet":{"ephemeralKeyPair":{"pubKey":"BSPcoqOGRZatg3QjZ/Ds9gs6TIwZoV437zrQcx0rq8Y+","privKey":"QDbXql+JPT7iDLVokrKFhLPi6wRj7RC1+mV8oBJoznU="},"lastRemoteEphemeralKey":"BRllg/EnPNXmjNMs5N+7rgSTIySGCm2J2dxmlFRL13hg","previousCounter":0,"rootKey":"wN0oexH7jwvMlMg4sb68tQ++MKnqwJUUzZAm2rww80Y="},"indexInfo":{"baseKey":"BSJDc+zuupclzKe435J/AapRZTexJF2TTOrV0jag6ZQ4","baseKeyType":2,"closed":-1,"used":1748739696178,"created":1748739696178,"remoteIdentityKey":"BcZfsvTUTkYWiGKJERSQ65ohcVQMnON1LBYGecSbOdI1"},"_chains":{"BRllg/EnPNXmjNMs5N+7rgSTIySGCm2J2dxmlFRL13hg":{"chainKey":{"counter":1,"key":"hRR04MG2Is4ftsN1HtDpLHg/7/BP9DNJjxAhF867bME="},"chainType":2,"messageKeys":{}},"BSPcoqOGRZatg3QjZ/Ds9gs6TIwZoV437zrQcx0rq8Y+":{"chainKey":{"counter":-1,"key":"Jzz7fnSTMvj7GI1HFkk5yCZM4u2EIVoG1IlfT5hjP/0="},"chainType":1,"messageKeys":{}}}}},"version":"v1"}