{"_sessions":{"BawvH1nJop7p1ob2ICESOTpblVRHoqIKjkrNsr+/lVol":{"registrationId":387411194,"currentRatchet":{"ephemeralKeyPair":{"pubKey":"BY4J8xyY0tf12LcUgMTf3HzDCp6zkbgRrx8xlhknMJ4W","privKey":"MNeUzqOLI5nNkoQmhsWb788txXzzhA2XSMpIVnLjlX4="},"lastRemoteEphemeralKey":"BVCEYs0ZgLxckG46dkoeEYAHZ5GqBxGZlKiSl6kmFQVh","previousCounter":0,"rootKey":"ZZkb7U0HjFl8ftHCY4N3FY4c32OQgdATS7M7rlVf8zI="},"indexInfo":{"baseKey":"BawvH1nJop7p1ob2ICESOTpblVRHoqIKjkrNsr+/lVol","baseKeyType":1,"closed":-1,"used":1748739260220,"created":1748739260220,"remoteIdentityKey":"BaIZWewQtKObkabZrRk8ANrfrQw91l0wdFGsYxziu48E"},"_chains":{"BY4J8xyY0tf12LcUgMTf3HzDCp6zkbgRrx8xlhknMJ4W":{"chainKey":{"counter":0,"key":"gKYQs5kAG4lM2zPyUtzYR7JK7ky304PqqLrnBM97E6M="},"chainType":1,"messageKeys":{}}},"pendingPreKey":{"signedKeyId":24,"baseKey":"BawvH1nJop7p1ob2ICESOTpblVRHoqIKjkrNsr+/lVol","preKeyId":6319555}}},"version":"v1"}