{"_sessions":{"BV1a2Ll/qpXa90KjJJb0BRr2KKob0nY3/h1kYpOB08NB":{"registrationId":2131342584,"currentRatchet":{"ephemeralKeyPair":{"pubKey":"BU8ty1coO5jfeVgU8NvRANXEjEBgXaepFl42eWgxb8x5","privKey":"oC/KX7BnB6GmqS7Fk/l/N8Ml1lryAvB2fPMoUD9yOXQ="},"lastRemoteEphemeralKey":"BeH8vxYrQAZ1hfPjM/nGY4e7nxQYnTVc1ZDGjveo6Sto","previousCounter":0,"rootKey":"bKhuzsHDRhU+4OBTM+RJKaSaXaBrihSLoa39ZXAOTcI="},"indexInfo":{"baseKey":"BV1a2Ll/qpXa90KjJJb0BRr2KKob0nY3/h1kYpOB08NB","baseKeyType":1,"closed":-1,"used":1748739260292,"created":1748739260292,"remoteIdentityKey":"BRlS8WbtCitonjeTSEJzmWDRJZTSTCDxc/PWHI6bbhwM"},"_chains":{"BU8ty1coO5jfeVgU8NvRANXEjEBgXaepFl42eWgxb8x5":{"chainKey":{"counter":0,"key":"JXxVng/CjFDHyJ3cw8fWHIjL9AoCBnNhAbIIC/yiFnk="},"chainType":1,"messageKeys":{}}},"pendingPreKey":{"signedKeyId":2,"baseKey":"BV1a2Ll/qpXa90KjJJb0BRr2KKob0nY3/h1kYpOB08NB","preKeyId":14138734}}},"version":"v1"}