{"_sessions":{"Bdc2PE4PlGjeCt3gRkoetjJ6WdbQge6milDVQ/8htOws":{"registrationId":104,"currentRatchet":{"ephemeralKeyPair":{"pubKey":"BcsLd1wPI+kvKRe4PHbo0FiKPY2eGbc+wW4cRxqZ4vsT","privKey":"AK1XhPKo8qukqRjf4v+TubHIJ5heKSm5UTYu80jhtEY="},"lastRemoteEphemeralKey":"BTwZYhui4H6KxMPUiQXTL8SEAbEBAkVlIFXCY+1rwAZm","previousCounter":0,"rootKey":"T8dlnkfoOiKDFnwwodv7yPag9v7Bex2KngAC3TnGZrE="},"indexInfo":{"baseKey":"Bdc2PE4PlGjeCt3gRkoetjJ6WdbQge6milDVQ/8htOws","baseKeyType":1,"closed":-1,"used":1748739256108,"created":1748739256108,"remoteIdentityKey":"Bakqz7A5mcOHwYZ2d67bQqhAE4mdlT/iI2QcB2xz+ks/"},"_chains":{"BcsLd1wPI+kvKRe4PHbo0FiKPY2eGbc+wW4cRxqZ4vsT":{"chainKey":{"counter":0,"key":"yFYwqAAQW/8RBODILptSrBGST1ngqoi3tgO1d+ygrbM="},"chainType":1,"messageKeys":{}}},"pendingPreKey":{"signedKeyId":1,"baseKey":"Bdc2PE4PlGjeCt3gRkoetjJ6WdbQge6milDVQ/8htOws"}}},"version":"v1"}