{"_sessions":{"BTNT4bA/4zWAbkv+7WvGj7p44scLC7jRLYFhXcAKUFFc":{"registrationId":1057548060,"currentRatchet":{"ephemeralKeyPair":{"pubKey":"BWlBTRex5W2i3XaY/eZyBlqHp1Tg6jz29BMuHKyAFqoE","privKey":"QLmHjrOR82//3P/SgqB2rEGX7StFjx9vj25m4Pk4EmA="},"lastRemoteEphemeralKey":"BQM9Bfhl+C5meuPfdPl/z1pYZZyy7QH/S0UEAvNaFxJv","previousCounter":0,"rootKey":"2w6QITNfsJJl+2D2tk1W5UallkQ4ehp2gdrgJz7wk+I="},"indexInfo":{"baseKey":"BTNT4bA/4zWAbkv+7WvGj7p44scLC7jRLYFhXcAKUFFc","baseKeyType":1,"closed":-1,"used":1748739260146,"created":1748739260146,"remoteIdentityKey":"BVR37o0CzcFDk2CfDJRA5DJ8FS0/pLgAihLeGf34l/QK"},"_chains":{"BWlBTRex5W2i3XaY/eZyBlqHp1Tg6jz29BMuHKyAFqoE":{"chainKey":{"counter":0,"key":"Hig5DLHr/IGsvMyqZts0B3Leo3ExXuE8ewAt2mW3Y2g="},"chainType":1,"messageKeys":{}}},"pendingPreKey":{"signedKeyId":12,"baseKey":"BTNT4bA/4zWAbkv+7WvGj7p44scLC7jRLYFhXcAKUFFc","preKeyId":7245870}}},"version":"v1"}