{"_sessions":{"BW8dRLnE8mMSQPmc66x0uq60O3OcfFVsW0qzPiAmo+B+":{"registrationId":362831730,"currentRatchet":{"ephemeralKeyPair":{"pubKey":"BWcbXRRT7NZMeboKwZBC8G18mquXcsNDmAdGdmxspxBX","privKey":"sKy2dfhsRoFhE5CJBAwTEU+6Hgb986m4Lt+tUjFrunw="},"lastRemoteEphemeralKey":"BUeWdvfIdjj8cYcV3ISj7tNGMFlIUakB1xtN9qM7pgwo","previousCounter":0,"rootKey":"3zsRZnHesYQMZPXrXUhl7sx9WA/fc1PdTz3v8eCLm8o="},"indexInfo":{"baseKey":"BW8dRLnE8mMSQPmc66x0uq60O3OcfFVsW0qzPiAmo+B+","baseKeyType":1,"closed":-1,"used":1748739258147,"created":1748739258147,"remoteIdentityKey":"BcgGhQahaTcnyZ1Y64ZU4ozsZC0RhjS3SV2mXotZr9d/"},"_chains":{"BWcbXRRT7NZMeboKwZBC8G18mquXcsNDmAdGdmxspxBX":{"chainKey":{"counter":0,"key":"c0hAxHerAQznBA8FzpUk+8wMorvOd+dtjifI+06Zty0="},"chainType":1,"messageKeys":{}}},"pendingPreKey":{"signedKeyId":10,"baseKey":"BW8dRLnE8mMSQPmc66x0uq60O3OcfFVsW0qzPiAmo+B+","preKeyId":8615532}}},"version":"v1"}