{"_sessions":{"BWEd3Aveu/xrGlcaVPIfwhVSvXikctjvyGOiE2qd9Htz":{"registrationId":1588222966,"currentRatchet":{"ephemeralKeyPair":{"pubKey":"BbWinw2eYukf2hF9FhUiin+J9FUIeqJTw7W5hW+5ulAw","privKey":"SNcOytAsYdDutkbgxVuQ3Rzb6B7XKmjxOh/PP3qv+X8="},"lastRemoteEphemeralKey":"BVX3ETVZyFEE1gkKprwKR/YafcB2AIxhXJbSkGtIqTk1","previousCounter":0,"rootKey":"3B2oku/nCySmt4xU+7enPUH0cnMjxCtkmEREzfbFwHw="},"indexInfo":{"baseKey":"BWEd3Aveu/xrGlcaVPIfwhVSvXikctjvyGOiE2qd9Htz","baseKeyType":1,"closed":-1,"used":1748739258164,"created":1748739258164,"remoteIdentityKey":"BbvBf+7wOQPD2ahAuy2bX5HpG/GaLWzIRR9hEwYNVkxV"},"_chains":{"BbWinw2eYukf2hF9FhUiin+J9FUIeqJTw7W5hW+5ulAw":{"chainKey":{"counter":0,"key":"SAJxsjRxDBAb0+jBw+70qGazkP4V7vuS3Ty35OJ28t0="},"chainType":1,"messageKeys":{}}},"pendingPreKey":{"signedKeyId":9,"baseKey":"BWEd3Aveu/xrGlcaVPIfwhVSvXikctjvyGOiE2qd9Htz","preKeyId":9127376}}},"version":"v1"}