{"_sessions":{"BWkNABq7OSyND0bzkoEcaAM2aQYFTp+k2BZx9o+8xi8a":{"registrationId":1010274185,"currentRatchet":{"ephemeralKeyPair":{"pubKey":"BcEWooR2i0h+4nb7MSjMTfYfJlePX58XBpOt4Vk7B7Vc","privKey":"SOPIt7r+9jF/PI7hJj3g2cXI+quSQBtYqKM6JlWLHlI="},"lastRemoteEphemeralKey":"BQOfLaiUDRfPvgMnzp3CcQE5qrkwvJ4E9cmD+26LOUE4","previousCounter":0,"rootKey":"/+fr7roesRvP2ZESyeqBt/OlGIBaxqOFQbDMdv5S9Y0="},"indexInfo":{"baseKey":"BWkNABq7OSyND0bzkoEcaAM2aQYFTp+k2BZx9o+8xi8a","baseKeyType":1,"closed":-1,"used":1748739258119,"created":1748739258119,"remoteIdentityKey":"BXfwNON64DroXsmeSKdiQXzY8r8ZlQqwfqNCHAmLEsJ3"},"_chains":{"BcEWooR2i0h+4nb7MSjMTfYfJlePX58XBpOt4Vk7B7Vc":{"chainKey":{"counter":0,"key":"VHgVYGPmn7GdTNCeQDq/hk55ZSvlaRKvxhfCT0U71NY="},"chainType":1,"messageKeys":{}}},"pendingPreKey":{"signedKeyId":891960,"baseKey":"BWkNABq7OSyND0bzkoEcaAM2aQYFTp+k2BZx9o+8xi8a","preKeyId":1884}}},"version":"v1"}