{"_sessions":{"BRUyj8Q+TNu0CuKm4FNhcoC2ojO4Ta4Oa0bUkd1DpsQ9":{"registrationId":1096608262,"currentRatchet":{"ephemeralKeyPair":{"pubKey":"BZUX7yEiR/6xhHFo+aMNJRaoMnC1VC8IIrlW/dQ8jm1Q","privKey":"KL7IBASGES1+4qFPjTtJNXnJQXKEZPogCKeodDxts0E="},"lastRemoteEphemeralKey":"BYKVwBdGK8fAQVB+KxojqpMpSIx8ERXqI26ZcaF1Z8oI","previousCounter":0,"rootKey":"4D5sDdpXzlvjWyHzx3k1NKBpCFNLaH4HHStc6Sx4OTQ="},"indexInfo":{"baseKey":"BRUyj8Q+TNu0CuKm4FNhcoC2ojO4Ta4Oa0bUkd1DpsQ9","baseKeyType":1,"closed":-1,"used":1748739256192,"created":1748739256192,"remoteIdentityKey":"BYF7jTtetXTvzOSB0f9Pre/6n+emSI6llGvl3JbbkyoN"},"_chains":{"BZUX7yEiR/6xhHFo+aMNJRaoMnC1VC8IIrlW/dQ8jm1Q":{"chainKey":{"counter":0,"key":"EUwR+6iiUrYA0W/f/M3lzWgAwdA+l2UohtDbwRib0Jo="},"chainType":1,"messageKeys":{}}},"pendingPreKey":{"signedKeyId":5479251,"baseKey":"BRUyj8Q+TNu0CuKm4FNhcoC2ojO4Ta4Oa0bUkd1DpsQ9","preKeyId":2426}}},"version":"v1"}