{"_sessions":{"BbBooVxtfOsatCvpPRkgHkcxMbKkz9tRgjWApSwHTEZA":{"registrationId":1064697484,"currentRatchet":{"ephemeralKeyPair":{"pubKey":"BUgrnM2gRGfQSZ75F0p/6cQLRpPcWAzjGRaa4VCCU2Nq","privKey":"wLOrg2nfnSwQAhDeIykpIlGP53c8sU2HKMKrz3BoImo="},"lastRemoteEphemeralKey":"BWMkHCCC3B+My5UUJ4CbVr85ZHwCmicOhy0aLCrpQq4K","previousCounter":0,"rootKey":"wfV2VxNBaW+WwuA/y++vryfs6pbgCR+BbxBQg2WqjUY="},"indexInfo":{"baseKey":"BbBooVxtfOsatCvpPRkgHkcxMbKkz9tRgjWApSwHTEZA","baseKeyType":1,"closed":-1,"used":1748739258064,"created":1748739258064,"remoteIdentityKey":"BZ8J4cIUtC384oXvQtfM4m3eL3N9LCyUI8fHOeh/Zod5"},"_chains":{"BUgrnM2gRGfQSZ75F0p/6cQLRpPcWAzjGRaa4VCCU2Nq":{"chainKey":{"counter":0,"key":"BNdA7nC+Bfkv86NbMDnJwW9BjaMd9/WIPZ9ysj+XWFY="},"chainType":1,"messageKeys":{}}},"pendingPreKey":{"signedKeyId":2336523,"baseKey":"BbBooVxtfOsatCvpPRkgHkcxMbKkz9tRgjWApSwHTEZA","preKeyId":14037}}},"version":"v1"}