{"_sessions":{"BSBGuXG4Ew5cLhoYBt3aHahJwjVIrtOLlFNP73Uj2/cw":{"registrationId":1565148315,"currentRatchet":{"ephemeralKeyPair":{"pubKey":"BU5ufMHK2EbDEgmXXnIoE11XXK3itv01y63XitRUtOoU","privKey":"oFNaFWRzsm4ZCH4Ti8oF3pW5OTDfjZWMtX71DuBUFEE="},"lastRemoteEphemeralKey":"BcBwo3/GxK31mN/m4WRZZbjb88FHJcrMQvrPPpy2+axe","previousCounter":0,"rootKey":"Avxq4bksCERvMdVwNcF8Y3rRckI3XCNr9xWefZXIyd0="},"indexInfo":{"baseKey":"BSBGuXG4Ew5cLhoYBt3aHahJwjVIrtOLlFNP73Uj2/cw","baseKeyType":1,"closed":-1,"used":1748739260170,"created":1748739260170,"remoteIdentityKey":"BU+kMkMHuAX+ssLmJTJzxYNRr6vGor/8EufV/IQUb9AV"},"_chains":{"BU5ufMHK2EbDEgmXXnIoE11XXK3itv01y63XitRUtOoU":{"chainKey":{"counter":0,"key":"IjQmbreHFQtgT2OzDMGCHEq/3Dy/hn4nGgaPi2jokIU="},"chainType":1,"messageKeys":{}}},"pendingPreKey":{"signedKeyId":13430664,"baseKey":"BSBGuXG4Ew5cLhoYBt3aHahJwjVIrtOLlFNP73Uj2/cw","preKeyId":2628}}},"version":"v1"}