{"_sessions":{"BWnbpd/ZpEM7yXsM2RV4ynMI/0xbtRCNc/TjcoaB1boa":{"registrationId":1286978711,"currentRatchet":{"ephemeralKeyPair":{"pubKey":"Ba/8IUsiVmPY3CcNFEKA0hBtQI3uc8Tw56QF0sYx1X4f","privKey":"aDXkn5uQpsrtY2disnquP6gbo6mG2SItzzd2W7waMFE="},"lastRemoteEphemeralKey":"BXRcxjUtXOIIYFO3dExtkRasjntP9FLMXonIUKDGFCI4","previousCounter":0,"rootKey":"lEWHauOflM6sy2uykQX3sgadOdcE+SilNAalbJwH64c="},"indexInfo":{"baseKey":"BWnbpd/ZpEM7yXsM2RV4ynMI/0xbtRCNc/TjcoaB1boa","baseKeyType":1,"closed":-1,"used":1748739260320,"created":1748739260320,"remoteIdentityKey":"BcdnTDOse6biwABWIfedsFZkBOH1iqXndsAic3D88Non"},"_chains":{"Ba/8IUsiVmPY3CcNFEKA0hBtQI3uc8Tw56QF0sYx1X4f":{"chainKey":{"counter":0,"key":"pYSIyP2jht/rXQf6LiiVDRx7rs7XoRxeghu2zpqKRJA="},"chainType":1,"messageKeys":{}}},"pendingPreKey":{"signedKeyId":4,"baseKey":"BWnbpd/ZpEM7yXsM2RV4ynMI/0xbtRCNc/TjcoaB1boa","preKeyId":3941377}}},"version":"v1"}