{"_sessions":{"BayOLuRTE7ouPSPygbmsJGtf2pOFReWmiy9XBOvH4Gdb":{"registrationId":1513189346,"currentRatchet":{"ephemeralKeyPair":{"pubKey":"BW1KjeHEsWfHKcOhnDU8QKqtLjU0fsaa3+mMylqNAx0j","privKey":"+FOCOxN8NESG5M5MvLThcJVayZ0wDeNzI794M7xp0lA="},"lastRemoteEphemeralKey":"BaM69b9OlfLMADXYVQmUeNL6hj0o7tjP5eF2Q5FaQcJj","previousCounter":0,"rootKey":"CU7u+io3YZjFPnTjn51knMl+24KnRHgDJRJKX4lYmYQ="},"indexInfo":{"baseKey":"BayOLuRTE7ouPSPygbmsJGtf2pOFReWmiy9XBOvH4Gdb","baseKeyType":1,"closed":-1,"used":1748739256173,"created":1748739256173,"remoteIdentityKey":"Bd4eXnnPdwA0S/73sNvPi8uizIi2F7QTgYyltu75xttt"},"_chains":{"BW1KjeHEsWfHKcOhnDU8QKqtLjU0fsaa3+mMylqNAx0j":{"chainKey":{"counter":0,"key":"+RO9x5sdNHD2r72pDcoO/B7e9zZ6VgOO+st+z5HMcRc="},"chainType":1,"messageKeys":{}}},"pendingPreKey":{"signedKeyId":0,"baseKey":"BayOLuRTE7ouPSPygbmsJGtf2pOFReWmiy9XBOvH4Gdb","preKeyId":14724328}}},"version":"v1"}