{"_sessions":{"Bdt1n+r11djIIPurmkNpkRgJZ9c+t99JxgEr0ynuyndQ":{"registrationId":4133348,"currentRatchet":{"ephemeralKeyPair":{"pubKey":"BSZh8CtdifsRRdZqfdRL3A1C1unBUeJ1gK+DISZhX8V+","privKey":"sHQRKYEkmfAXU/uIU5caw/9VQzjqaBOKHfFwEzR3QFM="},"lastRemoteEphemeralKey":"BYtEEVTOiFwdvB4LQ28kGfI910r3bpZKvZkrhin2qFgV","previousCounter":0,"rootKey":"BDjMcQc0xGROoZ3f5shQ0ZEdhlDRrP5RHvnC7GGfl8I="},"indexInfo":{"baseKey":"Bdt1n+r11djIIPurmkNpkRgJZ9c+t99JxgEr0ynuyndQ","baseKeyType":1,"closed":-1,"used":1748739260596,"created":1748739260596,"remoteIdentityKey":"BXo7uYlPtL2EOfUHxWLrnMXAX5NqHQedNIq4oLzRAaQ8"},"_chains":{"BSZh8CtdifsRRdZqfdRL3A1C1unBUeJ1gK+DISZhX8V+":{"chainKey":{"counter":0,"key":"ygjb752pLWK/2V8Bdh2yt1M9lXQ+t18gBh/G81iC1ns="},"chainType":1,"messageKeys":{}}},"pendingPreKey":{"signedKeyId":16439676,"baseKey":"Bdt1n+r11djIIPurmkNpkRgJZ9c+t99JxgEr0ynuyndQ","preKeyId":3205}}},"version":"v1"}