{"_sessions":{"BW61kDTmUL5qErLc0k9+dHLS8I5gSAe1wnl0Uwu60rJ/":{"registrationId":2748,"currentRatchet":{"ephemeralKeyPair":{"pubKey":"BYdRj5ss/lsUIQH0zc0iiNPB08yh/8nwWoNjc2LtRawp","privKey":"EOYb1lcitqG43HNBzPcHKUevn54nVPI/QYOsuM95IFw="},"lastRemoteEphemeralKey":"BReG00sfg+COOsyfwhMPyB1XUeVV0Yo+weo61KZhuYdu","previousCounter":0,"rootKey":"jL0fuH3MIFr88LnVV/JrAAC9Abj8KOLSAo31KviuDvY="},"indexInfo":{"baseKey":"BW61kDTmUL5qErLc0k9+dHLS8I5gSAe1wnl0Uwu60rJ/","baseKeyType":1,"closed":-1,"used":1748739256115,"created":1748739256115,"remoteIdentityKey":"BWYYGEzwzQ5miNYYIIyL1ThpnLiEtfDdnSex5nwO1mwE"},"_chains":{"BYdRj5ss/lsUIQH0zc0iiNPB08yh/8nwWoNjc2LtRawp":{"chainKey":{"counter":0,"key":"58Fmi6S+NWRAy0uWO711CbYWQSfct6y8yEcDPUsAqks="},"chainType":1,"messageKeys":{}}},"pendingPreKey":{"signedKeyId":1,"baseKey":"BW61kDTmUL5qErLc0k9+dHLS8I5gSAe1wnl0Uwu60rJ/"}}},"version":"v1"}