{"_sessions":{"BUIMSjAWSq6uuaCK+fFl2K9zrb40z0RS2mOWMHL8y38k":{"registrationId":390973536,"currentRatchet":{"ephemeralKeyPair":{"pubKey":"BSkJgUawP7Qdn7dzWicJ+DxfrIFZUCPijPCMNRcvuLQZ","privKey":"oPsNAaJDXGi7gbxzSX+4zF/3D+WpfLCKp4+vAUQcV3M="},"lastRemoteEphemeralKey":"Ba8DdWflIJcAC5J2NAYuHJW4P1R1vcCU7nh8+dT8m29C","previousCounter":0,"rootKey":"KympTxYQsOo2QVQXcot1eu2JmdWYUbhvcLe4+bwBayM="},"indexInfo":{"baseKey":"BUIMSjAWSq6uuaCK+fFl2K9zrb40z0RS2mOWMHL8y38k","baseKeyType":1,"closed":-1,"used":1748739260160,"created":1748739260160,"remoteIdentityKey":"BSYfEMQgwX/KkSpndbJyBShBBBgYpVGw1+ywKmOj5eNj"},"_chains":{"BSkJgUawP7Qdn7dzWicJ+DxfrIFZUCPijPCMNRcvuLQZ":{"chainKey":{"counter":0,"key":"WztKyjBGI2GfD6RRfJL12pUvJfaW2AgD3lIZfrbgPB4="},"chainType":1,"messageKeys":{}}},"pendingPreKey":{"signedKeyId":2,"baseKey":"BUIMSjAWSq6uuaCK+fFl2K9zrb40z0RS2mOWMHL8y38k","preKeyId":15290137}}},"version":"v1"}