{"_sessions":{"BWZCu40uEVgHKSgbL0LSulxgP++kb52cDvifohbLqWQr":{"registrationId":1640514782,"currentRatchet":{"ephemeralKeyPair":{"pubKey":"BS9S26HTQ9RPHUAcHq/BrS1wIzIPNcZ3o1oXcZGKkLl8","privKey":"ACWt8K0aB3yvNPb6SHL0X4cHF2ksKoqZzS9wkHdHfEs="},"lastRemoteEphemeralKey":"BZ5kmjWiJE4SwU5GM9RQFV2gMk9ELxbSP6rpTErxPy9m","previousCounter":0,"rootKey":"biMbn5C7OUZbfHlXBA+EKn+4c5o3W+ZKOq8oA1/piXQ="},"indexInfo":{"baseKey":"BWZCu40uEVgHKSgbL0LSulxgP++kb52cDvifohbLqWQr","baseKeyType":1,"closed":-1,"used":1748739258166,"created":1748739258166,"remoteIdentityKey":"BetMLWP2tztnvrSZk4Iw1aypZI/zJ5sas+9EoYZZgsFT"},"_chains":{"BS9S26HTQ9RPHUAcHq/BrS1wIzIPNcZ3o1oXcZGKkLl8":{"chainKey":{"counter":0,"key":"w5nINTGxIGsi77tUzWOeCdrcjpbtY25teiuSmiyApD4="},"chainType":1,"messageKeys":{}}},"pendingPreKey":{"signedKeyId":3,"baseKey":"BWZCu40uEVgHKSgbL0LSulxgP++kb52cDvifohbLqWQr","preKeyId":13045623}}},"version":"v1"}