{"_sessions":{"BXqKLoCw6atzPE1JlUsmGTSv6vaeenqJAsHA6Vngl5Ub":{"registrationId":1553276031,"currentRatchet":{"ephemeralKeyPair":{"pubKey":"BeeS0snvQMv10h6DwTI260QGturdp9IlTPv3YG1TtPk4","privKey":"4HErRMICp8+7N+e+urJq1TwpZxuJP/M41l9j/wy2j0Y="},"lastRemoteEphemeralKey":"BcWzGe4rxAVT98/IaHoTL0q8RMRYuO37J9ePsD3ZGFgr","previousCounter":0,"rootKey":"kffBXMXum9fMdo0QSB3HwgHAeIJGryLGEM+ja20T6SE="},"indexInfo":{"baseKey":"BXqKLoCw6atzPE1JlUsmGTSv6vaeenqJAsHA6Vngl5Ub","baseKeyType":1,"closed":-1,"used":1748739258073,"created":1748739258073,"remoteIdentityKey":"BZ1HlcnZJ95dCgUSiUxSMiS/HhfmgCPV3mKZ4W6uHetz"},"_chains":{"BeeS0snvQMv10h6DwTI260QGturdp9IlTPv3YG1TtPk4":{"chainKey":{"counter":0,"key":"CD1KINOWYEarmfXlsoKDU8TesZLl2bnWBxvNrksowmw="},"chainType":1,"messageKeys":{}}},"pendingPreKey":{"signedKeyId":10,"baseKey":"BXqKLoCw6atzPE1JlUsmGTSv6vaeenqJAsHA6Vngl5Ub","preKeyId":2686497}}},"version":"v1"}