{"_sessions":{"BeFZtIpDogAPICoI+xzvN0b0x/bYPAKWzw/7thZAHkwA":{"registrationId":985951135,"currentRatchet":{"ephemeralKeyPair":{"pubKey":"BVS6cY2ARMn5HxXxIUcRMCoIgLwFrl/oBmIQXCnYBiVR","privKey":"iIw523tL27793OHQKxM0iQ1iwZslulR6sWgCEyjmpXg="},"lastRemoteEphemeralKey":"BSevFswTB/KvBWwNW0sXuIU5q3Kp/O73UZ46Rhd9lDw5","previousCounter":0,"rootKey":"/GP1beTHKIjftkFw0YOJHVF7+i51nyisMxsEpJRXFa0="},"indexInfo":{"baseKey":"BeFZtIpDogAPICoI+xzvN0b0x/bYPAKWzw/7thZAHkwA","baseKeyType":1,"closed":-1,"used":1748739260356,"created":1748739260356,"remoteIdentityKey":"BcIFfiQcKqXqD97BunbfOQcoXBfSbIxUm0EYzfiFlytQ"},"_chains":{"BVS6cY2ARMn5HxXxIUcRMCoIgLwFrl/oBmIQXCnYBiVR":{"chainKey":{"counter":0,"key":"D6iUY/DJ3qfrRxKr4PCmzBTGgjIUJU3T7bIbs6l1xTQ="},"chainType":1,"messageKeys":{}}},"pendingPreKey":{"signedKeyId":7155297,"baseKey":"BeFZtIpDogAPICoI+xzvN0b0x/bYPAKWzw/7thZAHkwA","preKeyId":7233}}},"version":"v1"}