{"_sessions":{"BeECh6GpyygvhwqLyJRJrNMq+HMAGBFgEyXUqTSfCcBo":{"registrationId":67796388,"currentRatchet":{"ephemeralKeyPair":{"pubKey":"BSnY+uykKim2snNANWK6CB/txmeqwqi2biMaKUcyPBFl","privKey":"WJc625gmb0M6K1bcJoDg3atiUhbVarCRYFrhwQ+QBl4="},"lastRemoteEphemeralKey":"Bd5cGKPnOzp21gN21lhqO6YhuvyXivQjQ9OU0TZNSUoz","previousCounter":0,"rootKey":"Qp8oj/Ob7/rDiwzwg1UO5QtlqprDS+F7r1eL4laAaAA="},"indexInfo":{"baseKey":"BeECh6GpyygvhwqLyJRJrNMq+HMAGBFgEyXUqTSfCcBo","baseKeyType":1,"closed":-1,"used":1748739258223,"created":1748739258223,"remoteIdentityKey":"BbMjbWTw7u8bDJkP5PS1LtK89BP15rG+KnubAL4rtbEz"},"_chains":{"BSnY+uykKim2snNANWK6CB/txmeqwqi2biMaKUcyPBFl":{"chainKey":{"counter":0,"key":"al4XrWVktjMpspcpxVGbbYD46fNaE2ziz9YktFADG8c="},"chainType":1,"messageKeys":{}}},"pendingPreKey":{"signedKeyId":2,"baseKey":"BeECh6GpyygvhwqLyJRJrNMq+HMAGBFgEyXUqTSfCcBo","preKeyId":4403199}}},"version":"v1"}