{"_sessions":{"BeqmDJv2EOG79jC+E2ddeExWzyROnoQWTN8uCltlj25l":{"registrationId":1570862523,"currentRatchet":{"ephemeralKeyPair":{"pubKey":"BcLLBZ9iC+4VNyf7JgU0K8Zt2jryuQCG/Ul9LNpKKH4O","privKey":"uIPdxAz8Jkwem9j/AI0hbgDCG3Bo34INV2Gzde1pSWM="},"lastRemoteEphemeralKey":"BYh+VkiVePHSgFkl2Gt13pxm0z14qeRazWBmhVKXUM4/","previousCounter":0,"rootKey":"L/Qc455hjUYU7tEKbjTsevwPsArY7P1oY/0hkaEAH10="},"indexInfo":{"baseKey":"BeqmDJv2EOG79jC+E2ddeExWzyROnoQWTN8uCltlj25l","baseKeyType":1,"closed":-1,"used":1748739256097,"created":1748739256097,"remoteIdentityKey":"BXCoNogQevUrbhYm5QST+HScUqrqCe8NPunpr1cOgP1s"},"_chains":{"BcLLBZ9iC+4VNyf7JgU0K8Zt2jryuQCG/Ul9LNpKKH4O":{"chainKey":{"counter":0,"key":"rUDSwvZlccVV/I9YquR/GmYrN0tfv2qkVxJyel4yT4s="},"chainType":1,"messageKeys":{}}},"pendingPreKey":{"signedKeyId":1,"baseKey":"BeqmDJv2EOG79jC+E2ddeExWzyROnoQWTN8uCltlj25l","preKeyId":27288}}},"version":"v1"}