{"_sessions":{"BdN+UW6Ddf8tB02ADSXchmq3bhP53SyZffmEVsXoPKg0":{"registrationId":759570969,"currentRatchet":{"ephemeralKeyPair":{"pubKey":"BdiSugMChr3ip1gW8MGHxgb3bTWLzEuXAPEI53mzRIYF","privKey":"gMjiGdgFrQ3IBpZoHUmZt1N8SXKXbiCV0eq2Ij4HWUs="},"lastRemoteEphemeralKey":"BQXmLLE7zC/b0TV/GWC2ubdUHzF8uGjv13PD06ujpaNC","previousCounter":0,"rootKey":"DiQ2NlRi5oW3/s5qRyxinIB2Pg+X+aD72RKPGzEuhoY="},"indexInfo":{"baseKey":"BdN+UW6Ddf8tB02ADSXchmq3bhP53SyZffmEVsXoPKg0","baseKeyType":1,"closed":-1,"used":1748739260604,"created":1748739260604,"remoteIdentityKey":"BaM9FCcfdRio6zFGB5ddwP7QZedZNEYBbQw2hRidQpFo"},"_chains":{"BdiSugMChr3ip1gW8MGHxgb3bTWLzEuXAPEI53mzRIYF":{"chainKey":{"counter":0,"key":"38CY9VGiH6am1tMZOnB9Cl0mXRk2ivRA5VkpzK1O86w="},"chainType":1,"messageKeys":{}}},"pendingPreKey":{"signedKeyId":1,"baseKey":"BdN+UW6Ddf8tB02ADSXchmq3bhP53SyZffmEVsXoPKg0"}}},"version":"v1"}