{"_sessions":{"Bf7j9isxHhAA82RZOQegmOpVkLrp/SZL6QNNqKAm4CFs":{"registrationId":453044376,"currentRatchet":{"ephemeralKeyPair":{"pubKey":"BetrrYuQ6fIeb7c6asukPLFo+kLVRB/ceBa0IAlCn5gj","privKey":"8CLDcQX1wKk+eDTXizTLtBjLylcVx706L8MuIeedxFM="},"lastRemoteEphemeralKey":"BTurho3zPWQCHSWYoVoqdt3SyAlYGy001O3InJPmQCJb","previousCounter":0,"rootKey":"PtvOMHSTr6s7l94NvTW9OHDrGhbwLUBIisRWajYVq20="},"indexInfo":{"baseKey":"Bf7j9isxHhAA82RZOQegmOpVkLrp/SZL6QNNqKAm4CFs","baseKeyType":1,"closed":-1,"used":1748754619402,"created":1748739260250,"remoteIdentityKey":"BZKWk6EQu1Cr8uEWCEtvt03lUylsWHxc2G3sBhalNuJi"},"_chains":{"BTurho3zPWQCHSWYoVoqdt3SyAlYGy001O3InJPmQCJb":{"chainKey":{"counter":0,"key":"PSKBxMT+NRITa1BoLREW5sTh2E+8fde9AAd4ogeqY5M="},"chainType":2,"messageKeys":{}},"BetrrYuQ6fIeb7c6asukPLFo+kLVRB/ceBa0IAlCn5gj":{"chainKey":{"counter":-1,"key":"S0u+376Ek2pE8KVHIFhSvu7hGiFhr/DpaIVtKFaX1Vs="},"chainType":1,"messageKeys":{}}}}},"version":"v1"}