{"_sessions":{"BSbZcHpSkN+lGsm/aGRI6xI4Ue5zEqkvPxrcMuxA6VMz":{"registrationId":370575639,"currentRatchet":{"ephemeralKeyPair":{"pubKey":"BeFEORHwyUTqukhnQNsgTKPeUg/nK1fRKYUhf6uoC0E/","privKey":"QMFUFkQooU+TU6auto8MeCw8J3f6yjhqkBuYrYedD1w="},"lastRemoteEphemeralKey":"BUxRkj22wywd56kwMEq5PLfIVZdFMtUS8sl3/euOGV1a","previousCounter":0,"rootKey":"hryKNedITF1Ya4Pc8qYlnNW0o0CidDpqdJ34L1ihQ7s="},"indexInfo":{"baseKey":"BSbZcHpSkN+lGsm/aGRI6xI4Ue5zEqkvPxrcMuxA6VMz","baseKeyType":1,"closed":-1,"used":1748739258126,"created":1748739258126,"remoteIdentityKey":"BU3Mwh3Lca/8W4ZaIWnzTjTG00QRgVQYLrK46wD63MV+"},"_chains":{"BeFEORHwyUTqukhnQNsgTKPeUg/nK1fRKYUhf6uoC0E/":{"chainKey":{"counter":0,"key":"uME+8bw0T3yVqB1OQRYXXoOa1+A2KEcRBVaHgDlhssM="},"chainType":1,"messageKeys":{}}},"pendingPreKey":{"signedKeyId":16,"baseKey":"BSbZcHpSkN+lGsm/aGRI6xI4Ue5zEqkvPxrcMuxA6VMz","preKeyId":5839298}}},"version":"v1"}