{"_sessions":{"Bb1PZymFl/pJ0l7AjLXlsPVeWRSiI44XchScM8JET11C":{"registrationId":1112458733,"currentRatchet":{"ephemeralKeyPair":{"pubKey":"BeEhen7h62sxtChL+Sw0xKLFNQNsJhdFZWBymPJ/xIwX","privKey":"CJsbynRyWfJ0F5Wi6fixpMOARawbP3CDHVmFYWxuL30="},"lastRemoteEphemeralKey":"BRCJGflE3g7LnI+gsWSk4DqWuur4UwbSaX1uSnwAfiNV","previousCounter":0,"rootKey":"turoIeD1kNb3rc7w5y1hQWzqpWgL3yf/dB63g4gXpKg="},"indexInfo":{"baseKey":"Bb1PZymFl/pJ0l7AjLXlsPVeWRSiI44XchScM8JET11C","baseKeyType":1,"closed":-1,"used":1748739260260,"created":1748739260260,"remoteIdentityKey":"BRDwpCMnlNhE4YU6g29PNX5T+O7z9ovIGZ0qpCdel6N1"},"_chains":{"BeEhen7h62sxtChL+Sw0xKLFNQNsJhdFZWBymPJ/xIwX":{"chainKey":{"counter":0,"key":"3ihtZZwyfLBj8Rv7iKSa24FSvBQ+00LThedOvgxQ1Pw="},"chainType":1,"messageKeys":{}}},"pendingPreKey":{"signedKeyId":1,"baseKey":"Bb1PZymFl/pJ0l7AjLXlsPVeWRSiI44XchScM8JET11C","preKeyId":11682554}}},"version":"v1"}