{"_sessions":{"BeuvKw5u7IfMUc+hb8AR50bGyO0VBCYNUTq/0yYjYUUE":{"registrationId":1357358800,"currentRatchet":{"ephemeralKeyPair":{"pubKey":"BZs1MHeS6XZwZctpES5KgxC3O4L1oYZIM2UjBdzKeAJu","privKey":"sBOq0B44L0oJkMhW2K3a0AYTPj5/UQI5TmiisKyU9XA="},"lastRemoteEphemeralKey":"BRmejJpniuxj3yBn/pX+zsFHc4tWbqyfhFVFYDcTx5cG","previousCounter":0,"rootKey":"UK+JERAOTr7O7P7wsyQcLAZZzeH4SI1RaNUDMq8HppA="},"indexInfo":{"baseKey":"BeuvKw5u7IfMUc+hb8AR50bGyO0VBCYNUTq/0yYjYUUE","baseKeyType":1,"closed":-1,"used":1748739258173,"created":1748739258173,"remoteIdentityKey":"BayiLS85LWvUq6mTH5Dpvw/VXiI9N8H0o0tafxu+SRBk"},"_chains":{"BZs1MHeS6XZwZctpES5KgxC3O4L1oYZIM2UjBdzKeAJu":{"chainKey":{"counter":0,"key":"l6WPSmK4n1vUqSxdBHolAum1X4+04h/eVktwnx4OLwo="},"chainType":1,"messageKeys":{}}},"pendingPreKey":{"signedKeyId":4,"baseKey":"BeuvKw5u7IfMUc+hb8AR50bGyO0VBCYNUTq/0yYjYUUE","preKeyId":8423919}}},"version":"v1"}