{"_sessions":{"BevOW564vlQTXX8BpvKat0D+63/hC/d8F7JGnB58pI0l":{"registrationId":883607381,"currentRatchet":{"ephemeralKeyPair":{"pubKey":"BXD/B56FvUXTtwvAtWgnhxPuB/8WSnvi1UalVZ30u6Ao","privKey":"0NNeqF00cr8RVygLN6vQdaacmflUESSNMVtofZHI93g="},"lastRemoteEphemeralKey":"BQUiQ0M3Nkruc9pA+9m49AtRzOkNqrxMwm547ZMBP3MA","previousCounter":0,"rootKey":"gzyUrmLEQBgupGP7Pbhn0TtgCFOIVYciaYM4j3s9byY="},"indexInfo":{"baseKey":"BevOW564vlQTXX8BpvKat0D+63/hC/d8F7JGnB58pI0l","baseKeyType":1,"closed":-1,"used":1748739258157,"created":1748739258157,"remoteIdentityKey":"BY+eDkSPLP6ncP7T3Ab6mRjzrE83MVaVqRTIl1/7QzsE"},"_chains":{"BXD/B56FvUXTtwvAtWgnhxPuB/8WSnvi1UalVZ30u6Ao":{"chainKey":{"counter":0,"key":"4UhTxun8vjdzS7JxFNLQYj3YQHKmyz4hI9H3Tf6by54="},"chainType":1,"messageKeys":{}}},"pendingPreKey":{"signedKeyId":0,"baseKey":"BevOW564vlQTXX8BpvKat0D+63/hC/d8F7JGnB58pI0l","preKeyId":2938245}}},"version":"v1"}