{"_sessions":{"BTi2eqGjA6gFdEA50eVrmZX5TC3fiQgybChsWRDM15cu":{"registrationId":1864518945,"currentRatchet":{"ephemeralKeyPair":{"pubKey":"BWIwmihA6NkHcTWXR3ETHluSn3PhufwLC4ZN0NOgkR4K","privKey":"kNZjtaqroMvPOO0XCQ95u89zOG9wRFoTc0lyYtyVGkM="},"lastRemoteEphemeralKey":"BYjmq/eRRexpsoXiNIo4kBUcZqdsvGUFxXrkL0WUTfdd","previousCounter":0,"rootKey":"tWXJK0lqiUfoxCqXBWdRoOIwhUZ5D+rnOBlzE4g1Wv8="},"indexInfo":{"baseKey":"BTi2eqGjA6gFdEA50eVrmZX5TC3fiQgybChsWRDM15cu","baseKeyType":1,"closed":-1,"used":1748739258199,"created":1748739258199,"remoteIdentityKey":"BZ5G/QbKuLPKnQaWYpb/7UVMNSMyB4tUT7s4BeOVtWJx"},"_chains":{"BWIwmihA6NkHcTWXR3ETHluSn3PhufwLC4ZN0NOgkR4K":{"chainKey":{"counter":0,"key":"UGJFEZ1ZM9v0bxBrjlWexqpZAAFmnv3P/6g5Y8ureQA="},"chainType":1,"messageKeys":{}}},"pendingPreKey":{"signedKeyId":5,"baseKey":"BTi2eqGjA6gFdEA50eVrmZX5TC3fiQgybChsWRDM15cu","preKeyId":13017198}}},"version":"v1"}