{"_sessions":{"BWTEaSLW2hrKyPWvLvQDW6yKyTw0lJiyHAN7VT4VJyUF":{"registrationId":323400164,"currentRatchet":{"ephemeralKeyPair":{"pubKey":"BZBgMJlZSndHFHjU6s3Pd7Awf/kEzRNSpT+bIGZ68N9P","privKey":"wAYPrb8EDULjwmtXVQ6o0P+4qyV6Lp2PA6RxfjstaGI="},"lastRemoteEphemeralKey":"BVFGJQlQWqHv/VPEb1rqmNiiUJrpQhTBs+VnXJ97Cm58","previousCounter":0,"rootKey":"PD4ObH14QXHwCAhTYk35/0JXy7JwmL87p1V4YqAaar8="},"indexInfo":{"baseKey":"BWTEaSLW2hrKyPWvLvQDW6yKyTw0lJiyHAN7VT4VJyUF","baseKeyType":1,"closed":-1,"used":1748739258197,"created":1748739258197,"remoteIdentityKey":"BShVSNiftQDCw8h4tBylpCynsI/UAZCOkg+DygABytBz"},"_chains":{"BZBgMJlZSndHFHjU6s3Pd7Awf/kEzRNSpT+bIGZ68N9P":{"chainKey":{"counter":0,"key":"sO7gC1OUcW7J5ChHQNx8YBf9C8JDj+7Q7ylixrYlCak="},"chainType":1,"messageKeys":{}}},"pendingPreKey":{"signedKeyId":5882203,"baseKey":"BWTEaSLW2hrKyPWvLvQDW6yKyTw0lJiyHAN7VT4VJyUF","preKeyId":2655}}},"version":"v1"}