{"_sessions":{"BfAxcsyjj7yCy/4o93Ggvr+buw/LARW2WBybiVhwf0dj":{"registrationId":1324225459,"currentRatchet":{"ephemeralKeyPair":{"pubKey":"BUpczFni0x+RAnhkVAYgTGsPPr4gJ/Vjp+G16vkVlqxA","privKey":"8IDmWNXzEdEgzDJLFN0GucQm9lOuO2znhxrIaTd3K2M="},"lastRemoteEphemeralKey":"BbKyWu7kNaOzJB8QNygoKO4A/4um3mTh1d778bU3WsZQ","previousCounter":0,"rootKey":"ScUN4alPf5DkLGwG68PdhKk/6zCRPFrp6Gih+Wkdiqw="},"indexInfo":{"baseKey":"BfAxcsyjj7yCy/4o93Ggvr+buw/LARW2WBybiVhwf0dj","baseKeyType":1,"closed":-1,"used":1748739260198,"created":1748739260198,"remoteIdentityKey":"BYh5TCya8i3VROsi7/Hhp8pR+70c4zuExJePdk7HWA1G"},"_chains":{"BUpczFni0x+RAnhkVAYgTGsPPr4gJ/Vjp+G16vkVlqxA":{"chainKey":{"counter":0,"key":"pg/AwGiSPnHJ0EdcmVAzH1koLpwi7fZAQWvkYTHRMys="},"chainType":1,"messageKeys":{}}},"pendingPreKey":{"signedKeyId":10337143,"baseKey":"BfAxcsyjj7yCy/4o93Ggvr+buw/LARW2WBybiVhwf0dj","preKeyId":3137}}},"version":"v1"}