{"_sessions":{"Bbo8r2aa9gC6MHx2UHppCFuPpu1AsOXUPGQdypKElex2":{"registrationId":1091990051,"currentRatchet":{"ephemeralKeyPair":{"pubKey":"BUsSFu/iC+Dc8//3zlt4Bl/bTxsQPCJoa8QIIf5Ipmd/","privKey":"ABHqAE4u0DpIVKFTrxfeO8RI+m4QPtu/OcXk60YnRHw="},"lastRemoteEphemeralKey":"BRsIlJT7HYq1EV/q3eUM/QVaT5EnvpU9w8xthNrQOsZQ","previousCounter":0,"rootKey":"dbUNoKfLteGN/N5oyLtOKMxcwz+xjaDJLzyGU4sfktA="},"indexInfo":{"baseKey":"Bbo8r2aa9gC6MHx2UHppCFuPpu1AsOXUPGQdypKElex2","baseKeyType":1,"closed":-1,"used":1748739260283,"created":1748739260283,"remoteIdentityKey":"BXs5nCjmzMEswBfVRSui0bDV/GKjaVPIxFP7t56sh+gH"},"_chains":{"BUsSFu/iC+Dc8//3zlt4Bl/bTxsQPCJoa8QIIf5Ipmd/":{"chainKey":{"counter":0,"key":"I2+rj4QHlYvK9aD/lN83i/o4De425ArskACiuJJMPMs="},"chainType":1,"messageKeys":{}}},"pendingPreKey":{"signedKeyId":13677530,"baseKey":"Bbo8r2aa9gC6MHx2UHppCFuPpu1AsOXUPGQdypKElex2","preKeyId":1888}}},"version":"v1"}