{"_sessions":{"BciiXNFzyOPLjDkJ9+Iqtb7XtI1UMNjR9XoXdqCe1/Qw":{"registrationId":107707420,"currentRatchet":{"ephemeralKeyPair":{"pubKey":"BRBhvkW5ffxBpBy+culdy9PKnQpennbw2i5LD7ha9tc/","privKey":"8LpxNBaunb8HMJOy+7WY4tBWDpGBINBmuSxiHO2iD2o="},"lastRemoteEphemeralKey":"Bbw00HfEFUu8r3xxUZo+kpIpvFbvcdl8r9+EAOFiI1Rk","previousCounter":0,"rootKey":"wD6NfGYnbSKHVWnvJknWM/Uryfp/Wh0IEHITUJMS5dI="},"indexInfo":{"baseKey":"BciiXNFzyOPLjDkJ9+Iqtb7XtI1UMNjR9XoXdqCe1/Qw","baseKeyType":1,"closed":-1,"used":1748739258052,"created":1748739258052,"remoteIdentityKey":"BeKoBCt4Sl4S0eze+2aCNUYDfyUB4X5h/cgUc7fkTsd7"},"_chains":{"BRBhvkW5ffxBpBy+culdy9PKnQpennbw2i5LD7ha9tc/":{"chainKey":{"counter":0,"key":"k7TrplYVxktTrQEn44b69kyiD3j4tNa2l8bYfksabFs="},"chainType":1,"messageKeys":{}}},"pendingPreKey":{"signedKeyId":25,"baseKey":"BciiXNFzyOPLjDkJ9+Iqtb7XtI1UMNjR9XoXdqCe1/Qw","preKeyId":4257995}}},"version":"v1"}