{"_sessions":{"BT9RX+hJRZ9z0i84LWA+KI4elvvxQQKqd05Wr2/qTsxM":{"registrationId":1831,"currentRatchet":{"ephemeralKeyPair":{"pubKey":"BSMPSCxTdYFHK0A0fJvM28jdhZWQLVKhzT5fRRTadowE","privKey":"6Ktd+M5dhtChgQxR42m03B4sedis/bqpopR/CBaIY1o="},"lastRemoteEphemeralKey":"BVe+LfOiiWX5lCXr32+choWPjE5xJEoG6PRaClr9n0Vr","previousCounter":0,"rootKey":"GJggkkOE4gK6GM+5ro9jOyMqCYlDjWl4VFauiuAEqTw="},"indexInfo":{"baseKey":"BT9RX+hJRZ9z0i84LWA+KI4elvvxQQKqd05Wr2/qTsxM","baseKeyType":1,"closed":-1,"used":1748739256061,"created":1748739256061,"remoteIdentityKey":"BcMBYtJFS+3dznNrcb+1/hqgEkpL1+WBE23wbLEC9ghP"},"_chains":{"BSMPSCxTdYFHK0A0fJvM28jdhZWQLVKhzT5fRRTadowE":{"chainKey":{"counter":0,"key":"zf+AIQwXUSTr3lvk0dFL+C9nhSbpayCEQjUj+ZDybOY="},"chainType":1,"messageKeys":{}}},"pendingPreKey":{"signedKeyId":1,"baseKey":"BT9RX+hJRZ9z0i84LWA+KI4elvvxQQKqd05Wr2/qTsxM"}}},"version":"v1"}