{"_sessions":{"BRGLijRHHziQossJjRbyE2/9c12A94xQoeTOAvQM+XEO":{"registrationId":1486771358,"currentRatchet":{"ephemeralKeyPair":{"pubKey":"BRveTiGCEPjiHeJZSKI2rkmqvzBOl44dabulRP+xsXwH","privKey":"CO5rcOFtV5gJxl8c6dMUhG0TtXzGVsUCQRKFZo8lbVc="},"lastRemoteEphemeralKey":"BTtT4nwAtgKJSVN8sRj69YIG+u3QmM8XdEhvUV6or0pV","previousCounter":0,"rootKey":"KzNH2iqr+JnB04bJwd+mkpQYdDvgYEPNFKbYk7itCKU="},"indexInfo":{"baseKey":"BRGLijRHHziQossJjRbyE2/9c12A94xQoeTOAvQM+XEO","baseKeyType":1,"closed":-1,"used":1748739256225,"created":1748739256225,"remoteIdentityKey":"BTBqapfyF0O1iKXUtWBFClJJs7bZP2DCFvLUXY8lLOcD"},"_chains":{"BRveTiGCEPjiHeJZSKI2rkmqvzBOl44dabulRP+xsXwH":{"chainKey":{"counter":0,"key":"fNOZDEP00aKCYp6YHW8n8E9Hwz05urRfAxYqnF0HQU0="},"chainType":1,"messageKeys":{}}},"pendingPreKey":{"signedKeyId":2005211,"baseKey":"BRGLijRHHziQossJjRbyE2/9c12A94xQoeTOAvQM+XEO","preKeyId":639}}},"version":"v1"}