{"_sessions":{"Bb3WMCOR/rMk1DAK9WtVH4aaSFDAMKk6t2PjQ9X4+ype":{"registrationId":508431507,"currentRatchet":{"ephemeralKeyPair":{"pubKey":"BZixJsypIo+kCkFS6zNRRtOS8VjbPkkJn5b+fqpAPSgR","privKey":"uC6/wyDXMnphBetwQxT42kudQCWeIKu6y5vTw1ssTG0="},"lastRemoteEphemeralKey":"BRwaDoRYvmNIRnKmJYkdfCrkOwus8LQaJcYerGjTqAFO","previousCounter":0,"rootKey":"S182onZ9qpQHqT1Wnhnd5lg8sfYdRoioum9MaDP5hA0="},"indexInfo":{"baseKey":"Bb3WMCOR/rMk1DAK9WtVH4aaSFDAMKk6t2PjQ9X4+ype","baseKeyType":1,"closed":-1,"used":1748739256063,"created":1748739256063,"remoteIdentityKey":"BS4fSxyvFG01MTW38HlNEsbk/u8DTevta3uTwU7iOFlc"},"_chains":{"BZixJsypIo+kCkFS6zNRRtOS8VjbPkkJn5b+fqpAPSgR":{"chainKey":{"counter":0,"key":"kuANJEUBR9RnPVPSoIxDJv79NFU/ioxAR79hbxYQLnY="},"chainType":1,"messageKeys":{}}},"pendingPreKey":{"signedKeyId":3,"baseKey":"Bb3WMCOR/rMk1DAK9WtVH4aaSFDAMKk6t2PjQ9X4+ype"}}},"version":"v1"}