{"_sessions":{"BectfcVPVZCQGGE5TTDMpF/TVzM8HRwKUiGJddcGzjx2":{"registrationId":424580132,"currentRatchet":{"ephemeralKeyPair":{"pubKey":"BYDCCmHXj4JWrq452lLR0lb19wfVzPoesLOzb1LGQUBf","privKey":"COhP0PJjxxnSBCt7LeyDvs7tJCBnpnuoK8cu21qOB0c="},"lastRemoteEphemeralKey":"Bc/omf8PoXETE8if0kEM8767spZNf41+RjVvVMdVviQa","previousCounter":0,"rootKey":"PJRqoDhL5PPPWx7exHZlQC66suqgCu7mP2kaiXP8/n0="},"indexInfo":{"baseKey":"BectfcVPVZCQGGE5TTDMpF/TVzM8HRwKUiGJddcGzjx2","baseKeyType":1,"closed":-1,"used":1748739258159,"created":1748739258159,"remoteIdentityKey":"BW9nuIDXSeyC5L4jjc66gkqjIqoeQ+FNID2ZiDYIJF5e"},"_chains":{"BYDCCmHXj4JWrq452lLR0lb19wfVzPoesLOzb1LGQUBf":{"chainKey":{"counter":0,"key":"XyOdS+WcrnkuYYRX/kZlFqGpiKBpgQK3VSNMn7hBezA="},"chainType":1,"messageKeys":{}}},"pendingPreKey":{"signedKeyId":11,"baseKey":"BectfcVPVZCQGGE5TTDMpF/TVzM8HRwKUiGJddcGzjx2","preKeyId":3653388}}},"version":"v1"}