{"_sessions":{"BX0/5P24I0b6i3Tfr5JePYrxA0FpLDdk/LYrvUZA0hs0":{"registrationId":1441026992,"currentRatchet":{"ephemeralKeyPair":{"pubKey":"BZ6LjQv8z+4B5Flsju1Hvk8GOn9oR6fmYwGpjsg5rzEs","privKey":"aDed5DU2Mx4BRwx/Q8ECz/BUbX8km3RK6v83+blU11s="},"lastRemoteEphemeralKey":"BYISdfLcIH17EraZ3ib3nSpkxjDju/em8hifH7LEkKJN","previousCounter":0,"rootKey":"nQ8wbr1AskVLbrF4zda1SupTISeE/ZiwNF+ZM90XyBc="},"indexInfo":{"baseKey":"BX0/5P24I0b6i3Tfr5JePYrxA0FpLDdk/LYrvUZA0hs0","baseKeyType":1,"closed":-1,"used":1748739260227,"created":1748739260227,"remoteIdentityKey":"BS6uy9Sd/jEXNCyKF8Mq4G/RvHsVGofy2YozF8jVJyht"},"_chains":{"BZ6LjQv8z+4B5Flsju1Hvk8GOn9oR6fmYwGpjsg5rzEs":{"chainKey":{"counter":0,"key":"mUsDJe2jLtXrIR2fRXO1yNsgzM/YNtKQUmHcIvYEcWo="},"chainType":1,"messageKeys":{}}},"pendingPreKey":{"signedKeyId":4689841,"baseKey":"BX0/5P24I0b6i3Tfr5JePYrxA0FpLDdk/LYrvUZA0hs0","preKeyId":5737}}},"version":"v1"}