{"_sessions":{"BelVDFfgkgwKcJF1rvvMSlTt3GWOfk0pR3yv4yKFrU5/":{"registrationId":128354710,"currentRatchet":{"ephemeralKeyPair":{"pubKey":"BQmDEFBaw4486XkCDoJuVlWx28N3asvyeL5DaNHudtgw","privKey":"cJA2jKktmBWu2MexBc0XvRNCEVJtXOeL42AxLNA4FHw="},"lastRemoteEphemeralKey":"BQdbpWFOTHvRHJIZq0l31sUggRshAatifw9r1flJLlFU","previousCounter":0,"rootKey":"PUY6PUj6BAX5Ss14CvaoELbRhokGi+uhmdwjvX8WPto="},"indexInfo":{"baseKey":"BelVDFfgkgwKcJF1rvvMSlTt3GWOfk0pR3yv4yKFrU5/","baseKeyType":1,"closed":-1,"used":1748739277139,"created":1748739260243,"remoteIdentityKey":"BVI21HAd14wRhGUHJimsQx+J1jFFvBitPRqhNBbu0hsl"},"_chains":{"BQdbpWFOTHvRHJIZq0l31sUggRshAatifw9r1flJLlFU":{"chainKey":{"counter":1,"key":"8rqyUjuClt8h6nOHhDL4gEVt9DzVvKJxm+/CEfV7pBs="},"chainType":2,"messageKeys":{}},"BQmDEFBaw4486XkCDoJuVlWx28N3asvyeL5DaNHudtgw":{"chainKey":{"counter":-1,"key":"JjTpKRFBJ6N1YD2gR/I6Jg7XbmeTbTEit/S/HGfF+bw="},"chainType":1,"messageKeys":{}}}}},"version":"v1"}