{"_sessions":{"BeOCfZdt1c+u78WBWMiNLVU1VfY3cbHjngXB1QRg6IJj":{"registrationId":1986046679,"currentRatchet":{"ephemeralKeyPair":{"pubKey":"BRQiegK8mpq8XhzbYrUwe3flM5XAHITBOxXYqNF9DPtn","privKey":"AGo16na4VAqoxhrmaTJ4cgQkDuVsyk8l6Op1dIpdD0o="},"lastRemoteEphemeralKey":"BSTMpt3CNQe0LH0R0XupYkmmVIVFyTy1swMt9bisUt1D","previousCounter":0,"rootKey":"tTrZQIZDteC8AGS8E9hL6Ue6st6WLgTWbUPGSpLgPIQ="},"indexInfo":{"baseKey":"BeOCfZdt1c+u78WBWMiNLVU1VfY3cbHjngXB1QRg6IJj","baseKeyType":1,"closed":-1,"used":1748739258180,"created":1748739258180,"remoteIdentityKey":"BUt7df3u7AWz+53n/9KNRdgb61/WKzKFHZ7NuT7lcmc4"},"_chains":{"BRQiegK8mpq8XhzbYrUwe3flM5XAHITBOxXYqNF9DPtn":{"chainKey":{"counter":0,"key":"LQoADNQ2Jeb8ad6qup8kOGBxWwK/D4tCSpejwusVOgg="},"chainType":1,"messageKeys":{}}},"pendingPreKey":{"signedKeyId":10,"baseKey":"BeOCfZdt1c+u78WBWMiNLVU1VfY3cbHjngXB1QRg6IJj","preKeyId":16436358}}},"version":"v1"}