{"_sessions":{"BUG4BMlIeN41osuT1XNpAW3x8hlxSwGjuZoArGgjn7hx":{"registrationId":367880471,"currentRatchet":{"ephemeralKeyPair":{"pubKey":"BUweWkTE2nvVdxgLFpooJ9LZCTzip0JIqzJ14HdeehRz","privKey":"KGkhzRwGaNy0XoUVSfT/CBJATgYe5PWAOluHGNF/KWs="},"lastRemoteEphemeralKey":"Ba0LUfQ/V4A63Aef7bjPLeqp5z3j6EBZlmmneP4fgFNN","previousCounter":0,"rootKey":"fjhbLUqZsop1pWCed6L3dxe1ybFbACiR68MiKwonyT0="},"indexInfo":{"baseKey":"BUG4BMlIeN41osuT1XNpAW3x8hlxSwGjuZoArGgjn7hx","baseKeyType":1,"closed":-1,"used":1748739260196,"created":1748739260196,"remoteIdentityKey":"BYoPmu0nA1gKWXLKvC595yqAKG6wyVnbAfWxqXpcvlde"},"_chains":{"BUweWkTE2nvVdxgLFpooJ9LZCTzip0JIqzJ14HdeehRz":{"chainKey":{"counter":0,"key":"BLtLxaPAbDogOJkKesPz5+Dr5WNW4c2E/KaxZHXOzqo="},"chainType":1,"messageKeys":{}}},"pendingPreKey":{"signedKeyId":19,"baseKey":"BUG4BMlIeN41osuT1XNpAW3x8hlxSwGjuZoArGgjn7hx","preKeyId":3321347}}},"version":"v1"}