{"_sessions":{"BVyXrMqzXc7AulHSYWjBN3dSW/7hT9b7vGWYU8dtrgtk":{"registrationId":1036983092,"currentRatchet":{"ephemeralKeyPair":{"pubKey":"BYHh1Io/GiGLmD1SLUnocR7m5F7jzjxBKWFWK0HE/Lh6","privKey":"EDzvXbVIqnISGHTNezkPOqFmtSX0XrZyjdjU8DC7XHY="},"lastRemoteEphemeralKey":"BXWWF42QNylqdDZKVp9DzJWKl2huTzClj7K+Nizs7QQz","previousCounter":0,"rootKey":"WMJmor3r5Jh6HbiqN35iXn4aW0eWRRVV8d2c3nO8Vzg="},"indexInfo":{"baseKey":"BVyXrMqzXc7AulHSYWjBN3dSW/7hT9b7vGWYU8dtrgtk","baseKeyType":1,"closed":-1,"used":1748739260144,"created":1748739260144,"remoteIdentityKey":"BQfj+qPhnrE/s5afONxeKgeS2jffNSdQ+Ltb10klxIYH"},"_chains":{"BYHh1Io/GiGLmD1SLUnocR7m5F7jzjxBKWFWK0HE/Lh6":{"chainKey":{"counter":0,"key":"dO2rwy6BgtcsHoNhtPUppt7iWUBxgCQ1TsX4vVctI9c="},"chainType":1,"messageKeys":{}}},"pendingPreKey":{"signedKeyId":24,"baseKey":"BVyXrMqzXc7AulHSYWjBN3dSW/7hT9b7vGWYU8dtrgtk","preKeyId":10804208}}},"version":"v1"}