{"_sessions":{"BbolB0Sp9whUkGAQeDdzWNItKj5O69OohSeAgBT+jJYo":{"registrationId":74547334,"currentRatchet":{"ephemeralKeyPair":{"pubKey":"BYXWsnjEumZMzJOCTxmE30dfPPKap4YBadbwTjp60Mlp","privKey":"KOAkSlODG8Dz0ODEaBgH2+/rGVCnuL401cS6P6c2aEg="},"lastRemoteEphemeralKey":"BTKrJeI/qkR7vU8RSxk1dz9IjpZD+el7a14WtzI0L8xZ","previousCounter":0,"rootKey":"cfWhNsMPORk0J2qAS0VygV9gVPGZYcAeCyeJfAQwQrY="},"indexInfo":{"baseKey":"BbolB0Sp9whUkGAQeDdzWNItKj5O69OohSeAgBT+jJYo","baseKeyType":1,"closed":-1,"used":1748753998993,"created":1748739260215,"remoteIdentityKey":"BW/HNc855NPNSTEcr+7cddDrnwA+miX4HDZslFen9jZo"},"_chains":{"BTKrJeI/qkR7vU8RSxk1dz9IjpZD+el7a14WtzI0L8xZ":{"chainKey":{"counter":0,"key":"woa1d686/7pGSvaIBPaoi0knZhRtNawxSu5VBEeRerc="},"chainType":2,"messageKeys":{}},"BYXWsnjEumZMzJOCTxmE30dfPPKap4YBadbwTjp60Mlp":{"chainKey":{"counter":-1,"key":"OdO8nadmPA2KoZIjV8wosuAyBU1i9KdDQ/mcspK0Wy4="},"chainType":1,"messageKeys":{}}}}},"version":"v1"}