{"_sessions":{"Bdm0TJo7E073YAsET5ptvl+DH+qEKdAp+5+e1yNkA7xV":{"registrationId":1009797339,"currentRatchet":{"ephemeralKeyPair":{"pubKey":"BcgDv2CEB/ETZLY8GmTXOzXNWyVQv549ldDJaMQ+C7Zy","privKey":"4FOtmh7DYbfpz0xONPAKiE5BETNoxqX1dhMOxsLmtW8="},"lastRemoteEphemeralKey":"BaDNf74pa3VpopRdDCzwV8jMCan4cNiFJoHRgMr4wUJr","previousCounter":0,"rootKey":"hNjx9zhsmoCcKi4ALTTrbUsj/2/MCDYdVui/CK8nER8="},"indexInfo":{"baseKey":"Bdm0TJo7E073YAsET5ptvl+DH+qEKdAp+5+e1yNkA7xV","baseKeyType":1,"closed":-1,"used":1748739258077,"created":1748739258077,"remoteIdentityKey":"BRNnHmqb/gyTIFMshje0dqF8+qilTmNzmK7TGe0t5hIJ"},"_chains":{"BcgDv2CEB/ETZLY8GmTXOzXNWyVQv549ldDJaMQ+C7Zy":{"chainKey":{"counter":0,"key":"UJXLaRbi1Q9w6qlQn8HYW4uBJUZXwI5HMyQqjqiLA+8="},"chainType":1,"messageKeys":{}}},"pendingPreKey":{"signedKeyId":15,"baseKey":"Bdm0TJo7E073YAsET5ptvl+DH+qEKdAp+5+e1yNkA7xV","preKeyId":10513552}}},"version":"v1"}