{"_sessions":{"BbnJ6YE/0C6CZ4EMdZacITkSwdwJyqAqD+oO9upCOJpQ":{"registrationId":1593533977,"currentRatchet":{"ephemeralKeyPair":{"pubKey":"BRdRzBOwuHKzG6ZqmRXqNV2DamR/LyJg7bkVwEvrSxN3","privKey":"YMjTJ24CA6ovtfee8oU8jPr75CYMVc+XTr/hGhEJInY="},"lastRemoteEphemeralKey":"BUk/eBbj9zTwy8noJVIX7GlAFlwvg8Ma+SovjJSuDUAp","previousCounter":0,"rootKey":"a7gm+MGcl4OFjuv4U7uk8bCIuKKzLdGUiGDjYpf/DSM="},"indexInfo":{"baseKey":"BbnJ6YE/0C6CZ4EMdZacITkSwdwJyqAqD+oO9upCOJpQ","baseKeyType":1,"closed":-1,"used":1748739260608,"created":1748739260608,"remoteIdentityKey":"BSPzodDtPPTMF9i7j2pZFw/gFTDzjY10efrjd6nlhYVy"},"_chains":{"BRdRzBOwuHKzG6ZqmRXqNV2DamR/LyJg7bkVwEvrSxN3":{"chainKey":{"counter":0,"key":"CVZU0pRBQvhHtoZ3Xs4YcylmNOOU/Kx4ksfmTkMfWdI="},"chainType":1,"messageKeys":{}}},"pendingPreKey":{"signedKeyId":0,"baseKey":"BbnJ6YE/0C6CZ4EMdZacITkSwdwJyqAqD+oO9upCOJpQ"}}},"version":"v1"}