{"_sessions":{"BceiMwA5Mg47cdB05ulq9CWX4CIzNhfmzPpjIrB3CKtL":{"registrationId":86335322,"currentRatchet":{"ephemeralKeyPair":{"pubKey":"Bf29dx7p7ScDz4AG+Yr5+rp5ZNlDx5W3Gg9OGyNlgTpn","privKey":"WCECkKQaADJcqAMi7u83g9vN4RK13jJltjPWAPDAIng="},"lastRemoteEphemeralKey":"BU7ip6dbDcSma/Q5+1btpnSRHV6qR5Gp+Z2Ukg3JTYVM","previousCounter":0,"rootKey":"x35AIzgEbxCve49s2UQp6zj0LewHQZtJlw8yMvwu1Fk="},"indexInfo":{"baseKey":"BceiMwA5Mg47cdB05ulq9CWX4CIzNhfmzPpjIrB3CKtL","baseKeyType":1,"closed":-1,"used":1748739256218,"created":1748739256218,"remoteIdentityKey":"BavysdlwUFiF/bfHe/lMZYrArVk81Izt8iZr++k9OE0b"},"_chains":{"Bf29dx7p7ScDz4AG+Yr5+rp5ZNlDx5W3Gg9OGyNlgTpn":{"chainKey":{"counter":0,"key":"T6m3ueNWKaQvRWe+fxiWFVpP94wEcs5V4LIIpgoR8HQ="},"chainType":1,"messageKeys":{}}},"pendingPreKey":{"signedKeyId":7286682,"baseKey":"BceiMwA5Mg47cdB05ulq9CWX4CIzNhfmzPpjIrB3CKtL","preKeyId":2074}}},"version":"v1"}