{"_sessions":{"BW6LsTQJ6gL7mkdgq7srcfYri2iD88fNFT8m5KbbA9AE":{"registrationId":1912556917,"currentRatchet":{"ephemeralKeyPair":{"pubKey":"BZfrWlcYOeQGzpAiw4YywI2GcwvWYCg6NYwavpzRohs6","privKey":"4IwOKK5sY19N3lvfqFlCGF7JLGywLMzjh1XhIqDGtE4="},"lastRemoteEphemeralKey":"BRu2FC6VLJOHm8Snu26ihThMDGqRZVB5lIgBvw/kuml6","previousCounter":0,"rootKey":"f68MoJM8qTG0PgNT+9GUbZ+RfRqTV+fttnuVUHEHfzE="},"indexInfo":{"baseKey":"BW6LsTQJ6gL7mkdgq7srcfYri2iD88fNFT8m5KbbA9AE","baseKeyType":1,"closed":-1,"used":1748739260323,"created":1748739260323,"remoteIdentityKey":"BVXKocIvl1qyLM5XvPNs+1Lmmn/BPyerOByp5hT5lMEg"},"_chains":{"BZfrWlcYOeQGzpAiw4YywI2GcwvWYCg6NYwavpzRohs6":{"chainKey":{"counter":0,"key":"cTPdFfOXcLeob03CzqBvX0qP9TyGSNAfOf+2mwk1ZQ8="},"chainType":1,"messageKeys":{}}},"pendingPreKey":{"signedKeyId":562524,"baseKey":"BW6LsTQJ6gL7mkdgq7srcfYri2iD88fNFT8m5KbbA9AE","preKeyId":3985}}},"version":"v1"}