{"_sessions":{"Bd81ps+ZaUU3FFoeg9v5vamG0L4HYNtsBg9zT6FUoH8h":{"registrationId":133637851,"currentRatchet":{"ephemeralKeyPair":{"pubKey":"BTjuyyzAgSPWkdP3boN73hsFBfZ8iR2APkfbjSppprdx","privKey":"eEN6PCg58sD5C7MROFr3Da06xhA5I0Y5UR7LpiLUV2Q="},"lastRemoteEphemeralKey":"BWQoHnsMLYscec2fKZFCMNCRqVgbJ5rTe9tTJig4RPNf","previousCounter":0,"rootKey":"IPiwlCV4RgbMr73Aj2E8SC635Ea7ZGJLy6eGX/On2dY="},"indexInfo":{"baseKey":"Bd81ps+ZaUU3FFoeg9v5vamG0L4HYNtsBg9zT6FUoH8h","baseKeyType":1,"closed":-1,"used":1748739256176,"created":1748739256176,"remoteIdentityKey":"BbmAhh1F18qZE4EQsWaMuWz1bUp7NF8O8xhtnBqADq0S"},"_chains":{"BTjuyyzAgSPWkdP3boN73hsFBfZ8iR2APkfbjSppprdx":{"chainKey":{"counter":0,"key":"Y7XfnHYmpehTuZQa5LsVHiMPjxcxO7ksjPmjukIs6bk="},"chainType":1,"messageKeys":{}}},"pendingPreKey":{"signedKeyId":1,"baseKey":"Bd81ps+ZaUU3FFoeg9v5vamG0L4HYNtsBg9zT6FUoH8h","preKeyId":13949922}}},"version":"v1"}