{"_sessions":{"BbLuvwMqlalvi02ckGbCWdQHyP5yMrZhwJlNGWs5aJcU":{"registrationId":60754646,"currentRatchet":{"ephemeralKeyPair":{"pubKey":"BaJCD6KhhjYwQLHDecSrs91nvUMi/egukut9sM/5xsVH","privKey":"yPg4CMxuDe6DoHh2g1/ijSyMnHgvG4Oq8VJgdeTLuHE="},"lastRemoteEphemeralKey":"BVpiU3AXvwGWwqY1Yr2YprxS77BZZlNsnSakMFIa8qpE","previousCounter":0,"rootKey":"CfltR0J+vpGWzNyBSHrnpsHRr7eyw1BkGezAn9XPtWE="},"indexInfo":{"baseKey":"BbLuvwMqlalvi02ckGbCWdQHyP5yMrZhwJlNGWs5aJcU","baseKeyType":1,"closed":-1,"used":1748739260255,"created":1748739260255,"remoteIdentityKey":"Bc0zGGig2l6lZWox+dWBiDnKv2Zi9ZgaCsOYhKPJKcxi"},"_chains":{"BaJCD6KhhjYwQLHDecSrs91nvUMi/egukut9sM/5xsVH":{"chainKey":{"counter":0,"key":"fQ/KuZsaJ0SH96P/CIDY4WWmjsz1Bd+OeP7IArH+uSg="},"chainType":1,"messageKeys":{}}},"pendingPreKey":{"signedKeyId":12,"baseKey":"BbLuvwMqlalvi02ckGbCWdQHyP5yMrZhwJlNGWs5aJcU","preKeyId":4592830}}},"version":"v1"}