{"_sessions":{"Bfuq+YlDghYQAK51lM+CMSkcaCLdUeCIaedH0ln/VYJy":{"registrationId":1385276630,"currentRatchet":{"ephemeralKeyPair":{"pubKey":"BdNa8griTWb1yw0HzMC7Y1TUq+x0BOAXGBeZh7bYtRM0","privKey":"aGO6VLrJhBjp/92RG0MMtslls5/ireIzEckZUE8v0H0="},"lastRemoteEphemeralKey":"BWLqWqyqqZp+Aguv88R/9WxcCGJziLnCD/dr8x5UDesW","previousCounter":0,"rootKey":"Ct+cVhPCtoTWMDHUT2r7I8BIizZMvycJyh0zjvBEZQM="},"indexInfo":{"baseKey":"Bfuq+YlDghYQAK51lM+CMSkcaCLdUeCIaedH0ln/VYJy","baseKeyType":1,"closed":-1,"used":1748739258114,"created":1748739258114,"remoteIdentityKey":"BVfCg9cqIqAxiB99mB4Zax2Lts34IckrZhvJkTlnvUxq"},"_chains":{"BdNa8griTWb1yw0HzMC7Y1TUq+x0BOAXGBeZh7bYtRM0":{"chainKey":{"counter":0,"key":"LyBVJ4FWR5Bk4AAfmgvZ/J/zEHZ8q2fcjgjkW88l99M="},"chainType":1,"messageKeys":{}}},"pendingPreKey":{"signedKeyId":7,"baseKey":"Bfuq+YlDghYQAK51lM+CMSkcaCLdUeCIaedH0ln/VYJy","preKeyId":11207257}}},"version":"v1"}