{"_sessions":{"BRolmSw16GI/DPZDoUSwLw/1OulpduuKXUcdQOzou3IY":{"registrationId":341084951,"currentRatchet":{"ephemeralKeyPair":{"pubKey":"BayW5AustvRAli58fxCT2qZLdbz0TEZRzeJFUF8BA8I5","privKey":"UEcPDujQ4iDzwYvJu+YrP71PF8E4bo3RzTmWjraU/WU="},"lastRemoteEphemeralKey":"Bd0K6YicB/KyqczCPH+CvUKFDVyTIwSqiNSoTgcWKwIV","previousCounter":0,"rootKey":"e/g1By9V4cyAlCisut0muCqPU1U//OhjOZYvh+6YQeo="},"indexInfo":{"baseKey":"BRolmSw16GI/DPZDoUSwLw/1OulpduuKXUcdQOzou3IY","baseKeyType":1,"closed":-1,"used":1748739258259,"created":1748739258259,"remoteIdentityKey":"BWpU96Ye2+mSKES5s2HRxfEoPUykj8PKchrNt8Ne2VRN"},"_chains":{"BayW5AustvRAli58fxCT2qZLdbz0TEZRzeJFUF8BA8I5":{"chainKey":{"counter":0,"key":"HMkxpTAw7cFvBlWqcS0vRNE6QakrOQEQnTCagGXStIo="},"chainType":1,"messageKeys":{}}},"pendingPreKey":{"signedKeyId":9,"baseKey":"BRolmSw16GI/DPZDoUSwLw/1OulpduuKXUcdQOzou3IY","preKeyId":5144617}}},"version":"v1"}