{"_sessions":{"BYNIOgVIFVD/xF0WkiIYs3bQWsISV+3jyOX51ULX99Jv":{"registrationId":971027371,"currentRatchet":{"ephemeralKeyPair":{"pubKey":"BZr7bAm5vrBY9ptfl1zTOFmkIFvoKo2LI4Q+hO7ZKHxP","privKey":"CPXg5zRYg02RkkfveNISy28a3uF7d7jR5gbzvVd87kY="},"lastRemoteEphemeralKey":"Bd1Mf78MaArtfDCgegFLiVMfdfHDHOpv9MgcaprormMo","previousCounter":0,"rootKey":"AM3WP3tQ4o0BkwkVVvKvs3BHm+tVf6Lkt/rALQSvenY="},"indexInfo":{"baseKey":"BYNIOgVIFVD/xF0WkiIYs3bQWsISV+3jyOX51ULX99Jv","baseKeyType":1,"closed":-1,"used":1748739258178,"created":1748739258178,"remoteIdentityKey":"BR8nXSAp4l8SUiY3jFjjT85Mam69lO8+84r4545DWqMe"},"_chains":{"BZr7bAm5vrBY9ptfl1zTOFmkIFvoKo2LI4Q+hO7ZKHxP":{"chainKey":{"counter":0,"key":"q9+7bJkUFBH/4CQE5tUJf/JqMRoPGg4m/MrcNf6Cpwg="},"chainType":1,"messageKeys":{}}},"pendingPreKey":{"signedKeyId":1,"baseKey":"BYNIOgVIFVD/xF0WkiIYs3bQWsISV+3jyOX51ULX99Jv","preKeyId":3103939}}},"version":"v1"}