{"_sessions":{"BUCoiPS5KhBrlRG2KQ97v24cDJqiad4nAAd9cCudmTE9":{"registrationId":2071948429,"currentRatchet":{"ephemeralKeyPair":{"pubKey":"BZWb7qpsd0mzVfZfnsYEGtcRA+8ZXJjXWBkEhSzGohUB","privKey":"4IhOww1E8q39MMIYWk84qN5Y2EwuYcTi3mmAk/87gU8="},"lastRemoteEphemeralKey":"BRSLxymmSuGrWlG5OCgDTa9QF6jvBPJPLVUTMXv61m9q","previousCounter":0,"rootKey":"xGyV+HCe0nfhcH0LSy2g7GhE2g4t1DVvLdTViUwL2s4="},"indexInfo":{"baseKey":"BUCoiPS5KhBrlRG2KQ97v24cDJqiad4nAAd9cCudmTE9","baseKeyType":1,"closed":-1,"used":1748739256239,"created":1748739256239,"remoteIdentityKey":"BRC9CeMgjpOoBuebGvguiJiqowUs7Nn/rTDl891IM4p7"},"_chains":{"BZWb7qpsd0mzVfZfnsYEGtcRA+8ZXJjXWBkEhSzGohUB":{"chainKey":{"counter":0,"key":"VPOmnNkJf1Aq9OAYwMRPUJu3H40U3bYbHr2ZUjk2bws="},"chainType":1,"messageKeys":{}}},"pendingPreKey":{"signedKeyId":1,"baseKey":"BUCoiPS5KhBrlRG2KQ97v24cDJqiad4nAAd9cCudmTE9","preKeyId":9958617}}},"version":"v1"}