{"_sessions":{"Bd0G+eXUM2v0rfTdDIKuZsBe9EZHXtxfeKNDjvO/FL4C":{"registrationId":284040394,"currentRatchet":{"ephemeralKeyPair":{"pubKey":"BSm5KBcyTl3ZN4wcGOmuNbOTqCx/jjNiGCiElJxb+dMu","privKey":"OGcmPNgbPyB+yALb+o5bsmCJumvxlG5/PeNrxdxsrUo="},"lastRemoteEphemeralKey":"BTcxqAsV6kYe82DOasm5fHifQ/JtjG3TrQvbAmEYA9Ao","previousCounter":0,"rootKey":"+GdmcwAfFOgoBMv9KBKlX/ZY7tiHFrk0C600hmASzW4="},"indexInfo":{"baseKey":"Bd0G+eXUM2v0rfTdDIKuZsBe9EZHXtxfeKNDjvO/FL4C","baseKeyType":1,"closed":-1,"used":1748739258054,"created":1748739258054,"remoteIdentityKey":"BRr0EGCZ5CoNfIdcI3sXlgD/dKe33nebiJOrGy1oeX5+"},"_chains":{"BSm5KBcyTl3ZN4wcGOmuNbOTqCx/jjNiGCiElJxb+dMu":{"chainKey":{"counter":0,"key":"mkSZBp7zhbYnfL5XzCqoTXQrXDYLKZ/9LY/lBZrbpaI="},"chainType":1,"messageKeys":{}}},"pendingPreKey":{"signedKeyId":8,"baseKey":"Bd0G+eXUM2v0rfTdDIKuZsBe9EZHXtxfeKNDjvO/FL4C","preKeyId":8295155}}},"version":"v1"}