{"_sessions":{"BepacQr2JJkbAp4F3iZCFstFZfGARZ4Z5vQ0V8ZaWpRq":{"registrationId":2039504844,"currentRatchet":{"ephemeralKeyPair":{"pubKey":"BU8X4PBH0s4QGVsTtVU3PxEf9kEi5T1UeDTgVZX19eA5","privKey":"CNufaIecqEophj5SeSnSPcnUZHKoKdcTekNVFIdyREk="},"lastRemoteEphemeralKey":"BaGcUq1TGCvk/mXtxXdlVQLAw/d0jL5fgGDRkJpEgPAa","previousCounter":0,"rootKey":"j96HFiHmmxHCzgiX8ZVE/gQ7Hw7Rwp/bU/tm3079DKk="},"indexInfo":{"baseKey":"BepacQr2JJkbAp4F3iZCFstFZfGARZ4Z5vQ0V8ZaWpRq","baseKeyType":1,"closed":-1,"used":1748739260276,"created":1748739260276,"remoteIdentityKey":"BeRqNC1gvoECH3X5rm93AwqpL1A8cAjiE8EC27TcAlpZ"},"_chains":{"BU8X4PBH0s4QGVsTtVU3PxEf9kEi5T1UeDTgVZX19eA5":{"chainKey":{"counter":0,"key":"aEu2aDoB5zOp080dGdgT/N0DJycDKsi+pX34U08vTYY="},"chainType":1,"messageKeys":{}}},"pendingPreKey":{"signedKeyId":6,"baseKey":"BepacQr2JJkbAp4F3iZCFstFZfGARZ4Z5vQ0V8ZaWpRq","preKeyId":6959196}}},"version":"v1"}