{"_sessions":{"BXqJ2STEPfKVuf7W+x6tQ5Pebkv1PaplHoNMq4QtY7Rk":{"registrationId":1607524649,"currentRatchet":{"ephemeralKeyPair":{"pubKey":"BXlKqh/0TXVKSMpSO+M0Cw+4ZX9Sjztg5vEQWxSSY5Zh","privKey":"eP6fj6EyQz3xqZKZdEoNJbtk9MWo3SwX7ltxyyrBB0Q="},"lastRemoteEphemeralKey":"BaBv33t9zNP+RgzUgHK8V40BxYTWL2VoJpFgrTsJRr4+","previousCounter":0,"rootKey":"XF3U/s/S3pItVj2GQULh40MFZkU/a7YoQwFemEAbwzI="},"indexInfo":{"baseKey":"BXqJ2STEPfKVuf7W+x6tQ5Pebkv1PaplHoNMq4QtY7Rk","baseKeyType":1,"closed":-1,"used":1748739256183,"created":1748739256183,"remoteIdentityKey":"BdMxtsZzlZHIymEHBp3cGPMX6rHBrXrrtWLqQg7pm20v"},"_chains":{"BXlKqh/0TXVKSMpSO+M0Cw+4ZX9Sjztg5vEQWxSSY5Zh":{"chainKey":{"counter":0,"key":"J1NtaQiZK8f/h7JUMmkvzzyrXU/fZ8b+IN9IPixD85A="},"chainType":1,"messageKeys":{}}},"pendingPreKey":{"signedKeyId":13115207,"baseKey":"BXqJ2STEPfKVuf7W+x6tQ5Pebkv1PaplHoNMq4QtY7Rk","preKeyId":844}}},"version":"v1"}