{"_sessions":{"BRw+cFwnDFp31UbxQTVrt0dGLNg85d+raHdgqb6/gC9B":{"registrationId":8593,"currentRatchet":{"ephemeralKeyPair":{"pubKey":"BTVXUZ2mqqa7ZtxtkbKUj8yZajNvcY9riNjuocnebJhJ","privKey":"oEu0smHFJS/rZNiz6Yh1OJJetW5dFSotj+6dizfGmFo="},"lastRemoteEphemeralKey":"BceS/E+GnIaRMUuPsnki5SwcrLZ0XPzEeMWkj0bY9+cV","previousCounter":0,"rootKey":"1k27i+IRGEwxOaZWVJsbHAjLY4rYPPB1XNOpJw4SSN8="},"indexInfo":{"baseKey":"BRw+cFwnDFp31UbxQTVrt0dGLNg85d+raHdgqb6/gC9B","baseKeyType":1,"closed":-1,"used":1748739256139,"created":1748739256139,"remoteIdentityKey":"BXZVA0bW+FKQBc39pHZkBjCk9Y90QoHcIzDFR1V++Ic4"},"_chains":{"BTVXUZ2mqqa7ZtxtkbKUj8yZajNvcY9riNjuocnebJhJ":{"chainKey":{"counter":0,"key":"PPam1VSp225M2nm19jBdakvB8blRUMGpNC21Rz1IjM0="},"chainType":1,"messageKeys":{}}},"pendingPreKey":{"signedKeyId":1,"baseKey":"BRw+cFwnDFp31UbxQTVrt0dGLNg85d+raHdgqb6/gC9B"}}},"version":"v1"}