{"_sessions":{"BdY4qu0kmNtF1VuxZi6gKUJpEGIbsmPfMD4MsUh+c7R1":{"registrationId":1180218802,"currentRatchet":{"ephemeralKeyPair":{"pubKey":"BTuQ6QXstSHOsMA1RNLpvlY/Lw4TZUUWDPC3Yf9X3Zxj","privKey":"AOOijOOVo63n5vSdBuJuGbpBgnHcO8R118DG8bppJkc="},"lastRemoteEphemeralKey":"BbQpQrxRLa3GwcUDFahjL8cUWOtF1CiCfGW4V5wAYQcC","previousCounter":0,"rootKey":"r01FgCL+BqU8g8CTmqjX9DtaXiAtxbImdN3/3U5uKZE="},"indexInfo":{"baseKey":"BdY4qu0kmNtF1VuxZi6gKUJpEGIbsmPfMD4MsUh+c7R1","baseKeyType":1,"closed":-1,"used":1748739260310,"created":1748739260310,"remoteIdentityKey":"BadzRvZjqBlG1wUMubBK7N6OSedNmJdYosjWE6rYknk7"},"_chains":{"BTuQ6QXstSHOsMA1RNLpvlY/Lw4TZUUWDPC3Yf9X3Zxj":{"chainKey":{"counter":0,"key":"sosTM0qPtRquUiiGv158I0KxzDnP6kkGQlTMchmHZ4E="},"chainType":1,"messageKeys":{}}},"pendingPreKey":{"signedKeyId":1,"baseKey":"BdY4qu0kmNtF1VuxZi6gKUJpEGIbsmPfMD4MsUh+c7R1","preKeyId":9431992}}},"version":"v1"}