{"_sessions":{"BTX/HIZhnke+idJnZUE4wdFARLXN7v9tw6Q6c3D4EERV":{"registrationId":486613584,"currentRatchet":{"ephemeralKeyPair":{"pubKey":"BawfAZRB2hO2OW4RCvCnsf/vKOSdCWnSz3nciHooQhdj","privKey":"qMwEzKh3pVzGbpGqk719Gjj1Wu4L0mpi7HOqTaiNsWs="},"lastRemoteEphemeralKey":"BeQksUhUJ07AR7IWg6bxmkBG7GybhPf7VmBoXHnd5lxq","previousCounter":0,"rootKey":"Tpf59KmvshPWkszfST0d0gCKGd6BSZRxguAlyZ40yWc="},"indexInfo":{"baseKey":"BTX/HIZhnke+idJnZUE4wdFARLXN7v9tw6Q6c3D4EERV","baseKeyType":1,"closed":-1,"used":1748739256117,"created":1748739256117,"remoteIdentityKey":"Bf5B126mYA2+rMAkWlNKoGct3xtAz2AP+6pxgt3CbCFI"},"_chains":{"BawfAZRB2hO2OW4RCvCnsf/vKOSdCWnSz3nciHooQhdj":{"chainKey":{"counter":0,"key":"MjmK8UQWEePfJCEbQJBjQFPy4OKysnUtNfNZ4bZacFc="},"chainType":1,"messageKeys":{}}},"pendingPreKey":{"signedKeyId":1,"baseKey":"BTX/HIZhnke+idJnZUE4wdFARLXN7v9tw6Q6c3D4EERV","preKeyId":931}}},"version":"v1"}