{"_sessions":{"Bd2OzThWyB5eKv2/mQWG0T7F+ctiutT0d3O68SUSEgA+":{"registrationId":12914,"currentRatchet":{"ephemeralKeyPair":{"pubKey":"BZbheFTC5IV3qRhCa7y29gZT5DVqiFdTEIfUEWmsaRdk","privKey":"oJBi5WxlAThufwFoj27BDrjkalWpIAoCSdEq6M/mt1g="},"lastRemoteEphemeralKey":"BaWqAzWtPeeyFQmVgJk31SxZyFh4DLO4DBx2xwIVazYl","previousCounter":0,"rootKey":"RBzbdRHBoDBjQxFlchz1f3B72lm03gMLkC3W7NcpVYo="},"indexInfo":{"baseKey":"Bd2OzThWyB5eKv2/mQWG0T7F+ctiutT0d3O68SUSEgA+","baseKeyType":1,"closed":-1,"used":1748739256113,"created":1748739256113,"remoteIdentityKey":"BY2xahoT9JvD5NcJFEFvQ1xRxVPbfMDLMwZSID0lo2l/"},"_chains":{"BZbheFTC5IV3qRhCa7y29gZT5DVqiFdTEIfUEWmsaRdk":{"chainKey":{"counter":0,"key":"avYfNve/NHSY9cFXkhX9TWbK5g6XO1XKezMQXEBooGw="},"chainType":1,"messageKeys":{}}},"pendingPreKey":{"signedKeyId":1,"baseKey":"Bd2OzThWyB5eKv2/mQWG0T7F+ctiutT0d3O68SUSEgA+"}}},"version":"v1"}