{"_sessions":{"BbxhE6alRFtgMC9qvFI3MiOoigP1KKtE5HkZb8/giyMb":{"registrationId":1014081762,"currentRatchet":{"ephemeralKeyPair":{"pubKey":"BZJH4MHPsJ2syNk/k6woUAEUJVbM4M5IJNXOskALAo9K","privKey":"YCEfJzmV3tSyw5i32RN5ftx5DL6gYN/3ubPwnjmZzm8="},"lastRemoteEphemeralKey":"BUY3PKwVC0aMzDQO1vg/ZgMojnjjE5I/XcBRSC5zYFxe","previousCounter":0,"rootKey":"X+nKVTGOH13zBaa4W0uVq0y1i8aSV22B85uUWV0rYoI="},"indexInfo":{"baseKey":"BbxhE6alRFtgMC9qvFI3MiOoigP1KKtE5HkZb8/giyMb","baseKeyType":1,"closed":-1,"used":1748739256078,"created":1748739256078,"remoteIdentityKey":"BaWdtx+GRUw4NpLJkx1mjWRlPRlNe+QT3g6XPp/Xuwtg"},"_chains":{"BZJH4MHPsJ2syNk/k6woUAEUJVbM4M5IJNXOskALAo9K":{"chainKey":{"counter":0,"key":"Wm2cTG9K8MgFtvbOakLogrhbiffD3AjpRFHK+ZNWU7o="},"chainType":1,"messageKeys":{}}},"pendingPreKey":{"signedKeyId":5264904,"baseKey":"BbxhE6alRFtgMC9qvFI3MiOoigP1KKtE5HkZb8/giyMb"}}},"version":"v1"}