{"_sessions":{"BRjefCS5LwKZOz3hp2jg6LUU99wAhdbuLjZVZtfsltNB":{"registrationId":1662003315,"currentRatchet":{"ephemeralKeyPair":{"pubKey":"BRdDxlsho/FNtWanf0frCnkAZO3y0zFnQPb3PSpmcm9f","privKey":"OEuHyECV52mKmainv9QV3VVNmG0FYFh0AGSTb/MGpUM="},"lastRemoteEphemeralKey":"BUv0fAAtuyv9VOsGvsF1D7ZvzULRZ7ZOjbio7N5Dwto1","previousCounter":0,"rootKey":"xcWRt+rFaoxAUsTMLERruLfW+7ysONdJaP+V5yzRIN4="},"indexInfo":{"baseKey":"BRjefCS5LwKZOz3hp2jg6LUU99wAhdbuLjZVZtfsltNB","baseKeyType":1,"closed":-1,"used":1748739260175,"created":1748739260175,"remoteIdentityKey":"BSoekkmZMiuUfF5nybHZM8F5tjkMbK6eKcFMcwV7+fwb"},"_chains":{"BRdDxlsho/FNtWanf0frCnkAZO3y0zFnQPb3PSpmcm9f":{"chainKey":{"counter":0,"key":"2s1/YpfYbCbkYFovSlWsH+F5AiA+osrXmotiWuD2ZsM="},"chainType":1,"messageKeys":{}}},"pendingPreKey":{"signedKeyId":1,"baseKey":"BRjefCS5LwKZOz3hp2jg6LUU99wAhdbuLjZVZtfsltNB","preKeyId":10383390}}},"version":"v1"}