{"_sessions":{"BUsGPehHXSZlRh3bG+2WML47z4tLMgsXpol3zYBCoCJ+":{"registrationId":131,"currentRatchet":{"ephemeralKeyPair":{"pubKey":"BeUN8MOyFs1l6XBuGYRJi+Q+TGXZ96U4hfRALX1eSPFF","privKey":"oFRcPaRm0vezpNpDoZRycWIPB+BI4wWt/JvMZ5C06Hk="},"lastRemoteEphemeralKey":"BUDOtdy2agueBEgnF5z43gUGNF3PfoUTaRk6AqgCNGRx","previousCounter":0,"rootKey":"u/kXqQ99LIDXO+et3Gxoko0C3+8Gr03cO6yDxXvfcz0="},"indexInfo":{"baseKey":"BUsGPehHXSZlRh3bG+2WML47z4tLMgsXpol3zYBCoCJ+","baseKeyType":1,"closed":-1,"used":1748739256123,"created":1748739256123,"remoteIdentityKey":"BZEIuiNHgvd9QwJKlkSlriu1fP8ETIIwzIjtHQxWhcFC"},"_chains":{"BeUN8MOyFs1l6XBuGYRJi+Q+TGXZ96U4hfRALX1eSPFF":{"chainKey":{"counter":0,"key":"pYCDCxGMazlQp+dPH08X1TmR/gmabFqcQpmW7ilNB6M="},"chainType":1,"messageKeys":{}}},"pendingPreKey":{"signedKeyId":1,"baseKey":"BUsGPehHXSZlRh3bG+2WML47z4tLMgsXpol3zYBCoCJ+","preKeyId":1408}}},"version":"v1"}