{"_sessions":{"BbLSuljEN8lZeNY2BkBMpVdLrb44xFXVgmtjUSl6T20+":{"registrationId":13142,"currentRatchet":{"ephemeralKeyPair":{"pubKey":"BcnbS5hdJ2QdNrbNRdREv2q5BHv2vxpW77K8e4HPX/dp","privKey":"2HeNEy2350/Uv5EkO9UlPBAS5XOAvjNabzjNwnusF20="},"lastRemoteEphemeralKey":"BbJXMwUOAATnc8o9YEej8fWnsJlhBbfMTOxl+owShaJc","previousCounter":0,"rootKey":"xMOjMVrtSBjRJLNtnEBQ4AjyLzIiyGIxWoelWxUedSo="},"indexInfo":{"baseKey":"BbLSuljEN8lZeNY2BkBMpVdLrb44xFXVgmtjUSl6T20+","baseKeyType":1,"closed":-1,"used":1748739256050,"created":1748739256050,"remoteIdentityKey":"BbvtOCdo6Tmy7eF9KKoYGQt10kZ+LXUoP2GPLeGbvK0+"},"_chains":{"BcnbS5hdJ2QdNrbNRdREv2q5BHv2vxpW77K8e4HPX/dp":{"chainKey":{"counter":0,"key":"CCXWuIsPOgyZ17Ilqih3plEPncbmQFcUf3ViWoB5nYs="},"chainType":1,"messageKeys":{}}},"pendingPreKey":{"signedKeyId":1,"baseKey":"BbLSuljEN8lZeNY2BkBMpVdLrb44xFXVgmtjUSl6T20+"}}},"version":"v1"}