{"_sessions":{"Bfjht8FE4BA9VkHUwA6nUmmiQVi2hGdGrB1B6GuzZwcc":{"registrationId":2144167933,"currentRatchet":{"ephemeralKeyPair":{"pubKey":"Bfg9qZ0MQSb6SA63SiC1nNHREA7Y+KuEwcAbmVQgbEkV","privKey":"QKMFWBAWj0IJj0twmCECAgPL4ASoUjpfqjhXEv5vp0M="},"lastRemoteEphemeralKey":"BX9ttNlb5a42TuShtyaSIZsTb+z6OhiC5GZmc+W+cpA2","previousCounter":0,"rootKey":"4v/APCHOlrgTOvR+dYi+WEA006tBIEZAf/TZ+mHLsGQ="},"indexInfo":{"baseKey":"Bfjht8FE4BA9VkHUwA6nUmmiQVi2hGdGrB1B6GuzZwcc","baseKeyType":1,"closed":-1,"used":1748739258124,"created":1748739258124,"remoteIdentityKey":"BbBXtapau5I6okTLTiu/Z+nUlPSNAmXN2nRJLEEkQooa"},"_chains":{"Bfg9qZ0MQSb6SA63SiC1nNHREA7Y+KuEwcAbmVQgbEkV":{"chainKey":{"counter":0,"key":"eKncHRgZZo3r0XDJMP86HSx8t+Lcv6NhnpWm6cwESag="},"chainType":1,"messageKeys":{}}},"pendingPreKey":{"signedKeyId":17,"baseKey":"Bfjht8FE4BA9VkHUwA6nUmmiQVi2hGdGrB1B6GuzZwcc"}}},"version":"v1"}