{"_sessions":{"BTpDAJDdPLqXW/QPf/d05P2cA3fLS/a87MMfPhrSDjIE":{"registrationId":2145409907,"currentRatchet":{"ephemeralKeyPair":{"pubKey":"BWNVuy5KiTEa1AiapATN4hffBOenQ7nPIIeyVeXBkhJs","privKey":"OOwrZX74b2CJ/AGPFRKTfRNePzRLVeXxQ5NSwFnO5X4="},"lastRemoteEphemeralKey":"BUpeoMjGQWJMq9r+BPCVTo08UdCbXsD3xLtiBjArSmQe","previousCounter":0,"rootKey":"oFs+N/ZPJAXb3LN9eAbT/DqDtCjIaWtlDprZWC2zmio="},"indexInfo":{"baseKey":"BTpDAJDdPLqXW/QPf/d05P2cA3fLS/a87MMfPhrSDjIE","baseKeyType":1,"closed":-1,"used":1748739260172,"created":1748739260172,"remoteIdentityKey":"BeHJjRzXKX2bgm5X0EcrjkTpc11oBjsu5AhRjQJnVqsq"},"_chains":{"BWNVuy5KiTEa1AiapATN4hffBOenQ7nPIIeyVeXBkhJs":{"chainKey":{"counter":0,"key":"t0GwnPqiL7UUYWlcmuWJ5ZYe90MeNxhEjUttKfO80O0="},"chainType":1,"messageKeys":{}}},"pendingPreKey":{"signedKeyId":13957013,"baseKey":"BTpDAJDdPLqXW/QPf/d05P2cA3fLS/a87MMfPhrSDjIE","preKeyId":1494}}},"version":"v1"}