{"_sessions":{"Bf1va136uKymOGWko4KrUmaVkTmNKaac2aFF681xpnRk":{"registrationId":6004,"currentRatchet":{"ephemeralKeyPair":{"pubKey":"BS90YpsEjgoBltd/HOJPcEidYcFdFKm8X+ApNpTJiHVW","privKey":"yPuMN7eOkO73eMBqu/sJZ27MgxyI+rNNkFbXH7coJ20="},"lastRemoteEphemeralKey":"Ba1blhzUCDt0XQrHW4Tji9XVPQ8BjexjnOvUf2kJZZ1D","previousCounter":0,"rootKey":"oTTZF31NW3nD/Euj/nCtJ3nlIcFMyTIWEDtVsBWRUts="},"indexInfo":{"baseKey":"Bf1va136uKymOGWko4KrUmaVkTmNKaac2aFF681xpnRk","baseKeyType":1,"closed":-1,"used":1748739256171,"created":1748739256171,"remoteIdentityKey":"BY1NzLrTsFGDNCwh/kiZKnmWg6+GjPQyrWtdPbOjttM+"},"_chains":{"BS90YpsEjgoBltd/HOJPcEidYcFdFKm8X+ApNpTJiHVW":{"chainKey":{"counter":0,"key":"M/WGy+NVy6I6v1pkn95rf0SB/3F8QJF6iet33vnMXkg="},"chainType":1,"messageKeys":{}}},"pendingPreKey":{"signedKeyId":1,"baseKey":"Bf1va136uKymOGWko4KrUmaVkTmNKaac2aFF681xpnRk","preKeyId":2440}}},"version":"v1"}