{"_sessions":{"BQ8no+nWWlOOLhCDAXi+nT8nEkNyHdeEaGNSKfm/PCBw":{"registrationId":1922907104,"currentRatchet":{"ephemeralKeyPair":{"pubKey":"BU2FE3Xg9Z41+FFJ0WG7RbtVaa9GUtb6WDY+tspWKYJS","privKey":"gFxmbKYbDAbD3VyJnDXKOTq9erYMa1On8kvJqNF23XM="},"lastRemoteEphemeralKey":"BYw3fJBECv2FPlpsaULDBZmpogK7m89VnppMAYbY64Yn","previousCounter":0,"rootKey":"F+ksKx67ULd9O67Mtwr53W0JdUE5kDgzsBnFVk0HRVM="},"indexInfo":{"baseKey":"BQ8no+nWWlOOLhCDAXi+nT8nEkNyHdeEaGNSKfm/PCBw","baseKeyType":1,"closed":-1,"used":1748739258070,"created":1748739258070,"remoteIdentityKey":"BUAcaTOdOJF1i3L5yk1hst3UgwjdFG5n0OS/sKhhACka"},"_chains":{"BU2FE3Xg9Z41+FFJ0WG7RbtVaa9GUtb6WDY+tspWKYJS":{"chainKey":{"counter":0,"key":"fP//vkaexbvY44eAEpXmfY2+M6bWhT99MTHTBNDX8xc="},"chainType":1,"messageKeys":{}}},"pendingPreKey":{"signedKeyId":6,"baseKey":"BQ8no+nWWlOOLhCDAXi+nT8nEkNyHdeEaGNSKfm/PCBw","preKeyId":5595013}}},"version":"v1"}