{"_sessions":{"BVZZoHKFIXPrOAMlQs2WC3SUlDR39UAkq6aiK+jVOtFo":{"registrationId":125,"currentRatchet":{"ephemeralKeyPair":{"pubKey":"BbVu8x0BdMyPpg+fy31XbxJPpO48UgKEE7V1z3dgUhVY","privKey":"IKYyCBIDCSa4bJ+ZLeTK3iniEzWF/fOgWF0JcWmDn0o="},"lastRemoteEphemeralKey":"BaPmbWbDuqsVyFVZT4TtsjHK672Mf8m1sFX1YEydHxlB","previousCounter":0,"rootKey":"lfaMd6VbViO2dW19S2qy7bb2TI1JxS/bpk0vQkYCaxo="},"indexInfo":{"baseKey":"BVZZoHKFIXPrOAMlQs2WC3SUlDR39UAkq6aiK+jVOtFo","baseKeyType":1,"closed":-1,"used":1748739256055,"created":1748739256055,"remoteIdentityKey":"BYyK1zlfPpZOx8cDEdCYhCssogBLR/Xh57wdCihmxGIg"},"_chains":{"BbVu8x0BdMyPpg+fy31XbxJPpO48UgKEE7V1z3dgUhVY":{"chainKey":{"counter":0,"key":"yd6IWMrjTKlyHLSkieJB6/n9b8qj7DJxY3igvWup7rk="},"chainType":1,"messageKeys":{}}},"pendingPreKey":{"signedKeyId":1,"baseKey":"BVZZoHKFIXPrOAMlQs2WC3SUlDR39UAkq6aiK+jVOtFo","preKeyId":832}}},"version":"v1"}