{"_sessions":{"BbZds1Ru3rujhqKpwwP8QHzKZVAEdVE1Psg3SFj8HTU0":{"registrationId":125383461,"currentRatchet":{"ephemeralKeyPair":{"pubKey":"Be6lM8s3rPTJIw18mr0DRhqYdcDVKK/tLTBFrEc1JhQz","privKey":"gKKMDVWLUTsK083/H3W9JU9FyozUf8Z2+pLPZ+mFFVI="},"lastRemoteEphemeralKey":"BQcGzvEWAJU9V689EtiWam7iipkldzmSoV5GWLQKaiMA","previousCounter":0,"rootKey":"tmyO0xygJGnOD+VhPf4fBeYHImHKITN/xoKW1zAL470="},"indexInfo":{"baseKey":"BbZds1Ru3rujhqKpwwP8QHzKZVAEdVE1Psg3SFj8HTU0","baseKeyType":1,"closed":-1,"used":1748739258256,"created":1748739258256,"remoteIdentityKey":"BRk2lrA02nPQwv15s+RLa8k6y++XDj8K25t0Nn/3Mf9Q"},"_chains":{"Be6lM8s3rPTJIw18mr0DRhqYdcDVKK/tLTBFrEc1JhQz":{"chainKey":{"counter":0,"key":"MPSh+W1H8bXIa0cQWHcU/n0VweJyeZqBdOFX0Fn6tCc="},"chainType":1,"messageKeys":{}}},"pendingPreKey":{"signedKeyId":15250036,"baseKey":"BbZds1Ru3rujhqKpwwP8QHzKZVAEdVE1Psg3SFj8HTU0","preKeyId":3992}}},"version":"v1"}