{"_sessions":{"BSHxAjB7d4c7D5hTRcxFC3SgLPgLBaLCbwujf4kWsOtG":{"registrationId":1489958463,"currentRatchet":{"ephemeralKeyPair":{"pubKey":"BeSB5RszAFmwLhQ9YximtDClGf9lexWyEBdyVNYI2wwD","privKey":"QDaNI4Yw/FpI6eo9B80fpOI8x8p9+C7zTU/0PjRLFUI="},"lastRemoteEphemeralKey":"Bb1FIGcweeW4/PuCSS3KK7BNGuMxJakp+jSNme6HhVF9","previousCounter":0,"rootKey":"SDrkQIiOdgByPCV9eMt5ybQijEo3lhouaKwT49QLV+8="},"indexInfo":{"baseKey":"BSHxAjB7d4c7D5hTRcxFC3SgLPgLBaLCbwujf4kWsOtG","baseKeyType":1,"closed":-1,"used":1748739256277,"created":1748739256277,"remoteIdentityKey":"BfxuVHUwq87ivDCoDhvpha3Jex7v3D/pACKZ4cJQOykM"},"_chains":{"BeSB5RszAFmwLhQ9YximtDClGf9lexWyEBdyVNYI2wwD":{"chainKey":{"counter":0,"key":"+ysw7S616GzBBTjrh4byDqOrhX5sxM60nI9j+0jDTb8="},"chainType":1,"messageKeys":{}}},"pendingPreKey":{"signedKeyId":36,"baseKey":"BSHxAjB7d4c7D5hTRcxFC3SgLPgLBaLCbwujf4kWsOtG","preKeyId":5429387}}},"version":"v1"}