{"_sessions":{"BU7fMWqzy1VD88wRKwVG0Na+ZTrpz3PZFrEzfLQlon5f":{"registrationId":831115045,"currentRatchet":{"ephemeralKeyPair":{"pubKey":"BbbR3mORAEsyZRQW1SuWb8HUrs0I7R+BuJTGgtIyy2om","privKey":"uEvB6K9ThC7wSPHqah8xykMS66HV+gvCIbEwPorlQUk="},"lastRemoteEphemeralKey":"BTx+CoFdWwlWUi0WVC0IeRr69ZVenwOQMGJSNVPBntU4","previousCounter":0,"rootKey":"q+6JiWS8J0jwn62Gg0q+JXq13mirK5kFcU3Ac464CPw="},"indexInfo":{"baseKey":"BU7fMWqzy1VD88wRKwVG0Na+ZTrpz3PZFrEzfLQlon5f","baseKeyType":1,"closed":-1,"used":1748739258142,"created":1748739258142,"remoteIdentityKey":"BQi0FOItktNun9Kw/4u+pAkCiTo7rKt1TRp8x2XQiIg+"},"_chains":{"BbbR3mORAEsyZRQW1SuWb8HUrs0I7R+BuJTGgtIyy2om":{"chainKey":{"counter":0,"key":"Cm798AzoVUlv6pouYUTONjfA13tCwKkGqPES7GzZWPc="},"chainType":1,"messageKeys":{}}},"pendingPreKey":{"signedKeyId":15,"baseKey":"BU7fMWqzy1VD88wRKwVG0Na+ZTrpz3PZFrEzfLQlon5f","preKeyId":12357800}}},"version":"v1"}