{"_sessions":{"Bea6fV1mk8wTfs5xtUA9Jj9EkJ5rzKXUq+WpSXYHzuEU":{"registrationId":766005456,"currentRatchet":{"ephemeralKeyPair":{"pubKey":"BfbCmEJ4+6xa+R+6SOBBbTUIqQZAWPqLJby9V18fm3c3","privKey":"uKlaEV+Sd9rggDb4W10tRC39tO/U7Z89mLcIEcFTDEg="},"lastRemoteEphemeralKey":"BRZQLmSgMXkhAjr1KoZ3uNTsXqUH3TCvK9fWvqmhHwwb","previousCounter":0,"rootKey":"Ylge3QfRum2J1RAfexPc3L5F9rSoCIHzwc8CFg4jXQE="},"indexInfo":{"baseKey":"Bea6fV1mk8wTfs5xtUA9Jj9EkJ5rzKXUq+WpSXYHzuEU","baseKeyType":1,"closed":-1,"used":1748739258192,"created":1748739258192,"remoteIdentityKey":"BRFMgiXtw36v0HJCCIqbpLjLxI6iSh5YEP3rt7HrPdMy"},"_chains":{"BfbCmEJ4+6xa+R+6SOBBbTUIqQZAWPqLJby9V18fm3c3":{"chainKey":{"counter":0,"key":"Hvo/mq3nWwosOm0fEvNHRvWRK1bR0C4rMA1OgAxQjqY="},"chainType":1,"messageKeys":{}}},"pendingPreKey":{"signedKeyId":16600948,"baseKey":"Bea6fV1mk8wTfs5xtUA9Jj9EkJ5rzKXUq+WpSXYHzuEU","preKeyId":3828}}},"version":"v1"}