{"_sessions":{"BTlj3WPsCwS7H08gpTTEWKz4kHZh+joAgJQrsW/xEbJk":{"registrationId":1195319282,"currentRatchet":{"ephemeralKeyPair":{"pubKey":"BZBfoEnxJ68NTF+rTin1MhSuRKY7bFBkxytYi5wxEWNH","privKey":"eKN9qJK32m5qNGcjzxlK/ANYBv+4VRLV2Cfk61QU1no="},"lastRemoteEphemeralKey":"BcUdJaX8EhImcqdFtPi/bAiqwvZxNYHyVuqLSO+MEHle","previousCounter":0,"rootKey":"dZuolrW9bXx2QyoD5FGphKgtmVrqKLoLAnp6/Lu7HeY="},"indexInfo":{"baseKey":"BTlj3WPsCwS7H08gpTTEWKz4kHZh+joAgJQrsW/xEbJk","baseKeyType":1,"closed":-1,"used":1748739258201,"created":1748739258201,"remoteIdentityKey":"BaCkBQg8LL+i4sjCx79qGGyyiNA4XQpJ3lt5h0ZNbJk4"},"_chains":{"BZBfoEnxJ68NTF+rTin1MhSuRKY7bFBkxytYi5wxEWNH":{"chainKey":{"counter":0,"key":"Yw3LtGQnqDPGo0JA+lX881yQKIQ8XkcHK15MzubOp8I="},"chainType":1,"messageKeys":{}}},"pendingPreKey":{"signedKeyId":2,"baseKey":"BTlj3WPsCwS7H08gpTTEWKz4kHZh+joAgJQrsW/xEbJk","preKeyId":13271931}}},"version":"v1"}