{"_sessions":{"BcvgLH7DlKml9xsuuNbok7kMMjhsGtFkFxVCBdZyffEW":{"registrationId":423304798,"currentRatchet":{"ephemeralKeyPair":{"pubKey":"BdhOrED+TPoaRxbrJQLj/8JXrb4cfas5iTElkqjCU9wQ","privKey":"kBLLYSUCatLMvFXtCug2d7H+Lwy/7eqKf6ps6bKzfWU="},"lastRemoteEphemeralKey":"BRRmzfHSqPXsk9lKDxq2e6qslW3dEf8KwoX+dOwi8kwn","previousCounter":0,"rootKey":"2/n6xscw7utsRLzGAcrH+IXCpl68CSgZ8NGSJYqP0Tc="},"indexInfo":{"baseKey":"BcvgLH7DlKml9xsuuNbok7kMMjhsGtFkFxVCBdZyffEW","baseKeyType":1,"closed":-1,"used":1748739260156,"created":1748739260156,"remoteIdentityKey":"BewkjmCYVzt3DnY7EExJieVBd3PCre9fVBopPA1PDXwr"},"_chains":{"BdhOrED+TPoaRxbrJQLj/8JXrb4cfas5iTElkqjCU9wQ":{"chainKey":{"counter":0,"key":"9oIX6MGNIJ15b53hvJLERqj3w7ND/0wS1bIq3e6HWuc="},"chainType":1,"messageKeys":{}}},"pendingPreKey":{"signedKeyId":2,"baseKey":"BcvgLH7DlKml9xsuuNbok7kMMjhsGtFkFxVCBdZyffEW","preKeyId":8845815}}},"version":"v1"}