{"_sessions":{"BY5EP4JTHsN6RTq0ovHXUHaTERqabxyc58SQ1Fvx9Wh8":{"registrationId":754504534,"currentRatchet":{"ephemeralKeyPair":{"pubKey":"BTriRzG5Pu+mWhMFXo4OhO3aKnz+xlZq5KVHi4XEhNgy","privKey":"GC3STzBNHeFgOmULbESMMbCP9JvPv0zcbrvjrOAzhVw="},"lastRemoteEphemeralKey":"BRFUCvZtZDkNVpaUSODRWcbg8nZf6T1sfOCi71G8qOki","previousCounter":0,"rootKey":"Gh/oXSsQKdAckm0RpojhxDX5ibETeICxsqdkoQhyy0s="},"indexInfo":{"baseKey":"BY5EP4JTHsN6RTq0ovHXUHaTERqabxyc58SQ1Fvx9Wh8","baseKeyType":1,"closed":-1,"used":1748739258117,"created":1748739258117,"remoteIdentityKey":"BYZx9DOTRe4xWjXJWfmncP/9uDKkKcbuRwXwf95+Y6Zh"},"_chains":{"BTriRzG5Pu+mWhMFXo4OhO3aKnz+xlZq5KVHi4XEhNgy":{"chainKey":{"counter":0,"key":"jqKtca2Eqttv+UBuqn1zzp32IfceXNqTVg4nEPBLnTk="},"chainType":1,"messageKeys":{}}},"pendingPreKey":{"signedKeyId":4,"baseKey":"BY5EP4JTHsN6RTq0ovHXUHaTERqabxyc58SQ1Fvx9Wh8","preKeyId":8973662}}},"version":"v1"}