{"_sessions":{"BTVlsqtHatD9MPFXeORVK3dVNBPDtAJizmlb7vcohU0D":{"registrationId":1608164714,"currentRatchet":{"ephemeralKeyPair":{"pubKey":"BfanjJRf9sZfuU9z6AWhuKyoUxmGDWJRPyHgxk1ZpLRK","privKey":"yCgClX5REdNtWD2lwBxoYH634k4zzSI+1GqM6NzVvlI="},"lastRemoteEphemeralKey":"BXlqsQBZEJ7hHXEKhuB17dhAmGTMv7ngqtvrTL4tzlJ0","previousCounter":0,"rootKey":"mNQEaw7oOFXIRxOadT3gBjiSGEU//2YEMqaW7S477dU="},"indexInfo":{"baseKey":"BTVlsqtHatD9MPFXeORVK3dVNBPDtAJizmlb7vcohU0D","baseKeyType":1,"closed":-1,"used":1748739260332,"created":1748739260332,"remoteIdentityKey":"Bb2oyZu52T+WrtboivmTrMAGsqMZs4StGnu3PxCv80g0"},"_chains":{"BfanjJRf9sZfuU9z6AWhuKyoUxmGDWJRPyHgxk1ZpLRK":{"chainKey":{"counter":0,"key":"mbpUsiSenWy12/nuclbPwxNvJ5pk/vXR5yR+3eBNEN8="},"chainType":1,"messageKeys":{}}},"pendingPreKey":{"signedKeyId":2126736,"baseKey":"BTVlsqtHatD9MPFXeORVK3dVNBPDtAJizmlb7vcohU0D","preKeyId":1612}}},"version":"v1"}