{"_sessions":{"BQjw3I2ayCeoGC58024vyEzU4FE3RKpMdhpXYCzcwvIL":{"registrationId":71533120,"currentRatchet":{"ephemeralKeyPair":{"pubKey":"BUp5PsR0szFt74r9C7wUmRjjcW5vUuc/61RMr0yHTPdd","privKey":"+KcGAprYMQEjkMBPkjajc8Y9hmXCl4XZUKvpIO+XWE8="},"lastRemoteEphemeralKey":"BdRCKRhnZZeYKtM7d9owfwDjyIxKXfrZ5qcw5GTR8GET","previousCounter":0,"rootKey":"v3fYg8YSW8413+lNCQOSRPiT/EWIVRrV9Rb1iG8Wnko="},"indexInfo":{"baseKey":"BQjw3I2ayCeoGC58024vyEzU4FE3RKpMdhpXYCzcwvIL","baseKeyType":1,"closed":-1,"used":1748739258274,"created":1748739258274,"remoteIdentityKey":"BecHe27/woSt3p4N8+Ty8Z2Ndng6cRf63UmLYewjyhcp"},"_chains":{"BUp5PsR0szFt74r9C7wUmRjjcW5vUuc/61RMr0yHTPdd":{"chainKey":{"counter":0,"key":"3/99pxuC/J+mv7mDA8vCn0GkYgkrFkYY3Stq71dBRT8="},"chainType":1,"messageKeys":{}}},"pendingPreKey":{"signedKeyId":8119820,"baseKey":"BQjw3I2ayCeoGC58024vyEzU4FE3RKpMdhpXYCzcwvIL","preKeyId":2760}}},"version":"v1"}