{"_sessions":{"BUALRJX+Lc8+LhxGxAlqLNrxQfkc8lErmrf1UtBzRqZX":{"registrationId":359111270,"currentRatchet":{"ephemeralKeyPair":{"pubKey":"BVufADsjBIyeDFwa1PZ/xQFKqZInTcUNruqfqytfRm4C","privKey":"UELmikVd/lStV3BWjV3DJdhVdDMW1lUKOuI15FDrZEI="},"lastRemoteEphemeralKey":"BZ95X9KYDp3sBy0c0N4m8043nfswXdldwCgmko1qZXh/","previousCounter":0,"rootKey":"5NE4pQuWFO3bKf7QQ9QV4h7SP/ld54VeyqR0CmQdxmo="},"indexInfo":{"baseKey":"BUALRJX+Lc8+LhxGxAlqLNrxQfkc8lErmrf1UtBzRqZX","baseKeyType":1,"closed":-1,"used":1748739260262,"created":1748739260262,"remoteIdentityKey":"BX3JApdElDbUorafGSKNpdtteU0hkoohJsBIfsTVjCJ6"},"_chains":{"BVufADsjBIyeDFwa1PZ/xQFKqZInTcUNruqfqytfRm4C":{"chainKey":{"counter":0,"key":"UleomOZ1Bg9g6GcqxGtUG9FFhqrQFgXa4dCVhz9WZE4="},"chainType":1,"messageKeys":{}}},"pendingPreKey":{"signedKeyId":2,"baseKey":"BUALRJX+Lc8+LhxGxAlqLNrxQfkc8lErmrf1UtBzRqZX","preKeyId":2148881}}},"version":"v1"}