{"_sessions":{"BUBhZ33KuRSnfsxOtcY6gdYSmk2mGXxe+zHKggWpbJV/":{"registrationId":930645265,"currentRatchet":{"ephemeralKeyPair":{"pubKey":"BftcxispSp5YuczfYo12h2xXjwv679mEjThN2foMEvlb","privKey":"YILncQb8ZVfccQipo/LJjraayaF8lXtNwU1yQf6XVVk="},"lastRemoteEphemeralKey":"BU/SkN9LHRjXjQDA5mgXi7qxxrL6ekIRDP+Nm4LF+rcA","previousCounter":0,"rootKey":"fhlEWedF3rzBd2sKslvA48XWk9kQhzd4Nn2CW3p6Um8="},"indexInfo":{"baseKey":"BUBhZ33KuRSnfsxOtcY6gdYSmk2mGXxe+zHKggWpbJV/","baseKeyType":1,"closed":-1,"used":1748739260610,"created":1748739260610,"remoteIdentityKey":"Bb3HEQ6lPsZUUvJuykH8swp71GMJUfztEo1ufDI8NQIm"},"_chains":{"BftcxispSp5YuczfYo12h2xXjwv679mEjThN2foMEvlb":{"chainKey":{"counter":0,"key":"Poyo2UfehqlMbvyo1Y+Mrh5iDk+3rGctoYcReiEyww4="},"chainType":1,"messageKeys":{}}},"pendingPreKey":{"signedKeyId":0,"baseKey":"BUBhZ33KuRSnfsxOtcY6gdYSmk2mGXxe+zHKggWpbJV/","preKeyId":6741293}}},"version":"v1"}