{"_sessions":{"BZDZMLfDKFxdhZxGbPYg0uB+4CBS9YVEFej7E/9EVl58":{"registrationId":4458922,"currentRatchet":{"ephemeralKeyPair":{"pubKey":"BS9IM1JbgaPycCSsdiBfs3+GW6sbBFhoSwdPb2uZHlZO","privKey":"sJmtjrLPk4+sq08RgX4n/lvJaSifis3wGZ8Zyn/zI3c="},"lastRemoteEphemeralKey":"BY8dYaOKW8xnbCy0H1HK89Ks+fCdL1NC6x+VBza0ebAJ","previousCounter":0,"rootKey":"cCI7vHhIxLaClR2GboHcbWnkP4npPshmSKh6PvFa43A="},"indexInfo":{"baseKey":"BZDZMLfDKFxdhZxGbPYg0uB+4CBS9YVEFej7E/9EVl58","baseKeyType":1,"closed":-1,"used":1748739258086,"created":1748739258086,"remoteIdentityKey":"Bd/RZhzf/FIsw9XnHKlgUC9mPaQ0QTzS9ba6hjnukpVa"},"_chains":{"BS9IM1JbgaPycCSsdiBfs3+GW6sbBFhoSwdPb2uZHlZO":{"chainKey":{"counter":0,"key":"6nOSQDtHzbojBrUHPyGPBr/wBFk/tHAYKBrlGimdTLE="},"chainType":1,"messageKeys":{}}},"pendingPreKey":{"signedKeyId":7,"baseKey":"BZDZMLfDKFxdhZxGbPYg0uB+4CBS9YVEFej7E/9EVl58","preKeyId":155690}}},"version":"v1"}