{"_sessions":{"BdSELHe8SNqMeaKsdKzk7J8HLCBxl61iJ5vie3F73rwu":{"registrationId":809458926,"currentRatchet":{"ephemeralKeyPair":{"pubKey":"BSfm+9AlZFumKJs2KktGoytRw/Rn+z51rqUCWKlA6QRv","privKey":"AGnpaZACY09qdEUlRW5Kk/6eAGomu8kJnMjXwiN/knY="},"lastRemoteEphemeralKey":"Bb0I5yrKPFeRvJoLMkJCfSxGA8re8ReiDW08yZkdUtgK","previousCounter":0,"rootKey":"DLaPWxpipQ7ZZRAIQKy/A8J4SoyqkDHffUiTrKizidE="},"indexInfo":{"baseKey":"BdSELHe8SNqMeaKsdKzk7J8HLCBxl61iJ5vie3F73rwu","baseKeyType":1,"closed":-1,"used":1748739260318,"created":1748739260318,"remoteIdentityKey":"BZ4eCpATcZyxqhbTE6CECH9x3gFx83K36fi9o4yC7kdK"},"_chains":{"BSfm+9AlZFumKJs2KktGoytRw/Rn+z51rqUCWKlA6QRv":{"chainKey":{"counter":0,"key":"25msBDsZCvG6Uz02OkfW8y41ps/fu/BkvWSZPUpBO/k="},"chainType":1,"messageKeys":{}}},"pendingPreKey":{"signedKeyId":5959606,"baseKey":"BdSELHe8SNqMeaKsdKzk7J8HLCBxl61iJ5vie3F73rwu","preKeyId":5873}}},"version":"v1"}