{"_sessions":{"BRG4She/U6SVZLucZWpsYPopxbJghgsM4muGAhPbMbBZ":{"registrationId":67,"currentRatchet":{"ephemeralKeyPair":{"pubKey":"BS+zE/SBWRYXA+sAW/c8Ohbah1PCRBHNiP6KE1eM4Ud0","privKey":"mH7A78svylHg4MTa0IQhRAbhQDCFwmvWG/egdx9BpFc="},"lastRemoteEphemeralKey":"BemFJtoyJYOlbmKNrUhY8fsYaqNNq4Uv7mgl8XKceio+","previousCounter":0,"rootKey":"KK1acPNV5qe+uBc/2MfAgBex0bowmdDyMlxj7izIIGc="},"indexInfo":{"baseKey":"BRG4She/U6SVZLucZWpsYPopxbJghgsM4muGAhPbMbBZ","baseKeyType":1,"closed":-1,"used":1748739256088,"created":1748739256088,"remoteIdentityKey":"BYaWB13YETqancjrnTwM/Qb2uJeOvtumxXgrYPBRIzl/"},"_chains":{"BS+zE/SBWRYXA+sAW/c8Ohbah1PCRBHNiP6KE1eM4Ud0":{"chainKey":{"counter":0,"key":"h4ScvX8NDaqMDtKFEjcPFgA+hnGQP6WN/bWq9brpBMU="},"chainType":1,"messageKeys":{}}},"pendingPreKey":{"signedKeyId":1,"baseKey":"BRG4She/U6SVZLucZWpsYPopxbJghgsM4muGAhPbMbBZ"}}},"version":"v1"}