{"_sessions":{"BbBt+Xi5RwOMxStn9w4rtVP1geCMLKv2HBplpnHI+bk/":{"registrationId":15347,"currentRatchet":{"ephemeralKeyPair":{"pubKey":"BdL8Iaw6uJ0A9/G8WHmAVTzO3Q4CWN9thrJimVv2iQEo","privKey":"wEByCw4J0mn7t+UeIhF17c4cN//k/pbzKkoladwSUGc="},"lastRemoteEphemeralKey":"BcZMzRrNDZvR7+dnwAdQz8dWyuhXtk/Kde2NkW+GKg9k","previousCounter":0,"rootKey":"1NBaMcINTo/2gkDzqn+hS3nJTp6CGHnwtDJvPY2OFoE="},"indexInfo":{"baseKey":"BbBt+Xi5RwOMxStn9w4rtVP1geCMLKv2HBplpnHI+bk/","baseKeyType":1,"closed":-1,"used":1748739256059,"created":1748739256059,"remoteIdentityKey":"BTMZxTYGb5KJHDwj3QfvLt2ufZd+xhMd6E341GP9pAkl"},"_chains":{"BdL8Iaw6uJ0A9/G8WHmAVTzO3Q4CWN9thrJimVv2iQEo":{"chainKey":{"counter":0,"key":"WY+xZq/XKcTDbsYvyW2gWkA6HgQcrxxM+yhTbtIR6ZU="},"chainType":1,"messageKeys":{}}},"pendingPreKey":{"signedKeyId":1,"baseKey":"BbBt+Xi5RwOMxStn9w4rtVP1geCMLKv2HBplpnHI+bk/"}}},"version":"v1"}