{"_sessions":{"BcLgWBivFpF1sgdMGWWGJidtPMXHB5g7jpUji8z5Pukk":{"registrationId":709265805,"currentRatchet":{"ephemeralKeyPair":{"pubKey":"BYiI5Qn3VgoPt13BFH/qnlqxvlFDoRKJBgI9KHrAGI8C","privKey":"iF55U7xJWuKTR/SnwMS4BnK9sG8h4FU+ioepyWhMiUw="},"lastRemoteEphemeralKey":"BYv1kWU/dolRv/335HH6Bx28LcdCfTiubATyxAoUdc4w","previousCounter":0,"rootKey":"bFCIEJku2DncAaGXNWCbY7CfOt93D8Oq3HWuHQCIbc8="},"indexInfo":{"baseKey":"BcLgWBivFpF1sgdMGWWGJidtPMXHB5g7jpUji8z5Pukk","baseKeyType":1,"closed":-1,"used":1748739260269,"created":1748739260269,"remoteIdentityKey":"BbcI3PBOssCYZ8hf/4U6ISFUnG2LyXUZX1VKo4oGJ7Zo"},"_chains":{"BYiI5Qn3VgoPt13BFH/qnlqxvlFDoRKJBgI9KHrAGI8C":{"chainKey":{"counter":0,"key":"LkCenpNbuCNvj8zALuCuDNPlJN+rQZFz+5rwSDcwFYA="},"chainType":1,"messageKeys":{}}},"pendingPreKey":{"signedKeyId":1,"baseKey":"BcLgWBivFpF1sgdMGWWGJidtPMXHB5g7jpUji8z5Pukk","preKeyId":5165754}}},"version":"v1"}