{"_sessions":{"BQp+fvqyI3eI6ubo4w/6BZhhqzzy0Z9bQUmHccPSDvFV":{"registrationId":10356,"currentRatchet":{"ephemeralKeyPair":{"pubKey":"Bbrv1Dp4XbtOUeomiVwHPadZZTrrgzkkCqQYErhp3WYe","privKey":"6CYaedKi0tOfyVKKgMHvJ0l9K2HN+BHmMaj5CJqhtFc="},"lastRemoteEphemeralKey":"BaiJVNenMzcI2pJ14MXGQjzolVsHlif2QpiX8qPmwClj","previousCounter":0,"rootKey":"wvUWcYJERhvBNUQ4FMT6pvHWmf/cUhQDf98m1NwqB+o="},"indexInfo":{"baseKey":"BQp+fvqyI3eI6ubo4w/6BZhhqzzy0Z9bQUmHccPSDvFV","baseKeyType":1,"closed":-1,"used":1748739256086,"created":1748739256086,"remoteIdentityKey":"BUZQyBi/C9AqZhO4PVptLiOV/kJUyOXIKnUfK9eFriJk"},"_chains":{"Bbrv1Dp4XbtOUeomiVwHPadZZTrrgzkkCqQYErhp3WYe":{"chainKey":{"counter":0,"key":"HxVh4ufojn7PoviBOkQOr9oheoe3/OKYfDE+t3JkzWw="},"chainType":1,"messageKeys":{}}},"pendingPreKey":{"signedKeyId":1,"baseKey":"BQp+fvqyI3eI6ubo4w/6BZhhqzzy0Z9bQUmHccPSDvFV","preKeyId":822}}},"version":"v1"}