{"_sessions":{"BdM7wKem/k9srDSzMsX9cuqPzE8dcoBIsjlVCD+21S4Z":{"registrationId":1194323004,"currentRatchet":{"ephemeralKeyPair":{"pubKey":"BXj6sChsu9dS84Alp/YIUcRQX6afH5D2UfRzj9z/R/kn","privKey":"KLLt18nJ4BwmxHVQJPyRcvY2/KQsXKaWEt/xDYhaaEo="},"lastRemoteEphemeralKey":"BW+BPagu/bUcq0OyFMviTzr6JLWe6S5nrRQGOCfznMJ3","previousCounter":0,"rootKey":"K1cjl9JvdC+43dR80CJTmtknOT7p1SC9Hax7klslaOc="},"indexInfo":{"baseKey":"BdM7wKem/k9srDSzMsX9cuqPzE8dcoBIsjlVCD+21S4Z","baseKeyType":1,"closed":-1,"used":1748739260241,"created":1748739260241,"remoteIdentityKey":"BcUtRL4YHvE2bUAtfZ6lX34vFb7x48TAlefjNnlklF8Q"},"_chains":{"BXj6sChsu9dS84Alp/YIUcRQX6afH5D2UfRzj9z/R/kn":{"chainKey":{"counter":0,"key":"t3wtuYdVtNJr8NtMP3ULZ7GPGALngciWh0k5dudmKVs="},"chainType":1,"messageKeys":{}}},"pendingPreKey":{"signedKeyId":1,"baseKey":"BdM7wKem/k9srDSzMsX9cuqPzE8dcoBIsjlVCD+21S4Z","preKeyId":3973169}}},"version":"v1"}