{"_sessions":{"BRpbkS+lpdJlymQ8UFvuIG3mLG7sUtGNrGEfcX3i2qxn":{"registrationId":468643102,"currentRatchet":{"ephemeralKeyPair":{"pubKey":"BZuUxmnkycHiXwUOXb69gHhgrxz6qmirvp/iep0olDRl","privKey":"uAm5OS73geaa8N9fczg+dQLVnWaKqt8xw9+A95enFlk="},"lastRemoteEphemeralKey":"BbdN6NWXNUF4TRhsTAuUPV0g2h3JvzIh5dYxyv9p3Rkb","previousCounter":0,"rootKey":"9Ii9cC8NxyEvlaVS9O520VYp8vq0hyW0HtwEZJdLiPU="},"indexInfo":{"baseKey":"BRpbkS+lpdJlymQ8UFvuIG3mLG7sUtGNrGEfcX3i2qxn","baseKeyType":1,"closed":-1,"used":1748739256135,"created":1748739256135,"remoteIdentityKey":"Ba59cBsayAuWDobu4KpJv4BfCh5t6j1U6tSh7O3phJA9"},"_chains":{"BZuUxmnkycHiXwUOXb69gHhgrxz6qmirvp/iep0olDRl":{"chainKey":{"counter":0,"key":"FzkATj5NMsNRI4tZ9zi8m93glQCTY+lAs35oud5JfFs="},"chainType":1,"messageKeys":{}}},"pendingPreKey":{"signedKeyId":1,"baseKey":"BRpbkS+lpdJlymQ8UFvuIG3mLG7sUtGNrGEfcX3i2qxn","preKeyId":606760}}},"version":"v1"}