{"_sessions":{"BSt/Cy+gxQE53VCdQ13AiVRAsOGcewx5r5pPLJgsDWFr":{"registrationId":663033460,"currentRatchet":{"ephemeralKeyPair":{"pubKey":"BWB/Sde2rMzK3pKSWwF1GYBuALjwstkTD2VPyiokihZh","privKey":"wK4Au+7RJ00u3IMlPG0BjfvgLe4nxgG6H9TgZQrxsXc="},"lastRemoteEphemeralKey":"BQ3SxYo+/6p2aYCQpjCBWn2F/jzXh9DBv1zFKeiTSIFs","previousCounter":0,"rootKey":"jac4yl1VWZOIHvFiW3Ct+o1Jd8AoEqkEkpuBRTafths="},"indexInfo":{"baseKey":"BSt/Cy+gxQE53VCdQ13AiVRAsOGcewx5r5pPLJgsDWFr","baseKeyType":1,"closed":-1,"used":1748739256201,"created":1748739256201,"remoteIdentityKey":"BYwv4ZE59dKvuMUgvIh4l4t6Qdk7doZjkbN5WlsgYmIq"},"_chains":{"BWB/Sde2rMzK3pKSWwF1GYBuALjwstkTD2VPyiokihZh":{"chainKey":{"counter":0,"key":"nPZ2QotdZ+tNHDmDzcjiBtTMz8c30Px1MK4YU4B7FE4="},"chainType":1,"messageKeys":{}}},"pendingPreKey":{"signedKeyId":7,"baseKey":"BSt/Cy+gxQE53VCdQ13AiVRAsOGcewx5r5pPLJgsDWFr","preKeyId":928256}}},"version":"v1"}