{"_sessions":{"BThgK4Y4modKUSM2dzFmkqhJusS7VbtgyHLtvzIi2Xt2":{"registrationId":81062980,"currentRatchet":{"ephemeralKeyPair":{"pubKey":"BQ6G1JkXRL83OFlkGrXOhJignyHF6vkcCWShQEab/xcM","privKey":"aNBPeweqhkDH01T3evyFxp5qftxQh1GWpLRWnEMsNV8="},"lastRemoteEphemeralKey":"BbxX9H9m4FsFVwCLIwnOfytI48DzXp1tZkV44crhO6gb","previousCounter":0,"rootKey":"uqer7aVzKv3CUAYhGnEopRQfr486GOSSGPeFVLR4Hsk="},"indexInfo":{"baseKey":"BThgK4Y4modKUSM2dzFmkqhJusS7VbtgyHLtvzIi2Xt2","baseKeyType":1,"closed":-1,"used":1748739258133,"created":1748739258133,"remoteIdentityKey":"BfdGsMkrGVr1yERsHnM48IxIZ/xMAYhqArKklH4Vdklg"},"_chains":{"BQ6G1JkXRL83OFlkGrXOhJignyHF6vkcCWShQEab/xcM":{"chainKey":{"counter":0,"key":"6TPMqxUno+h3JGor5NvANV0Uqqq/o7LABoSuVDoJgng="},"chainType":1,"messageKeys":{}}},"pendingPreKey":{"signedKeyId":40,"baseKey":"BThgK4Y4modKUSM2dzFmkqhJusS7VbtgyHLtvzIi2Xt2","preKeyId":16295405}}},"version":"v1"}