{"_sessions":{"BQqi4pUJH8Kaj6S4kx8VYipxFhpsinhyL7up5ODJ7Edi":{"registrationId":1431850284,"currentRatchet":{"ephemeralKeyPair":{"pubKey":"BbcD9qIcjKk+14JdHVAZ5v62R7kHOVBGuTTvaJVzrgVE","privKey":"oAsH6lTm4y1NoAgP8zHbFzzOs+Bn6w4HpxmKsaWUEk0="},"lastRemoteEphemeralKey":"BZlv863j+MQr2oOH6hzg8lZEoQ8SgHu2ZPnmHybanedU","previousCounter":0,"rootKey":"p7b6GD2iClHpYOl6/a0RwLEY/1S1mfsp8SJqhJZumjw="},"indexInfo":{"baseKey":"BQqi4pUJH8Kaj6S4kx8VYipxFhpsinhyL7up5ODJ7Edi","baseKeyType":1,"closed":-1,"used":1748739258228,"created":1748739258228,"remoteIdentityKey":"BWA7DVdfBJXKX6HAxEV7cURIwxpbXXLItBHgQmVMYAsD"},"_chains":{"BbcD9qIcjKk+14JdHVAZ5v62R7kHOVBGuTTvaJVzrgVE":{"chainKey":{"counter":0,"key":"/rKUw7+E/iVQO/rmrM4LhhmBW/cftYHyDUFDRUeBLlw="},"chainType":1,"messageKeys":{}}},"pendingPreKey":{"signedKeyId":7598176,"baseKey":"BQqi4pUJH8Kaj6S4kx8VYipxFhpsinhyL7up5ODJ7Edi","preKeyId":9247}}},"version":"v1"}