{"_sessions":{"BXGiCPtAYDns3GXMPzcnlkH7Cn3/+JVtKLCA/5uBCNQA":{"registrationId":406113874,"currentRatchet":{"ephemeralKeyPair":{"pubKey":"BcovnEYPROFz4WUaRSpU9Pp+roQSDHNS1nuXaDsEBzhV","privKey":"CG7Fvng/Cc4/izMed8N3nbfgT8r58KgM0NLf+mucO1k="},"lastRemoteEphemeralKey":"BUaVkCds9+kpb99kkLJj7IT5E477+vvXykoP2PfynVlW","previousCounter":0,"rootKey":"vacJz1sZVBc2oT3l6o6kLHQcDH1je/MjZtA7NBYyJcU="},"indexInfo":{"baseKey":"BXGiCPtAYDns3GXMPzcnlkH7Cn3/+JVtKLCA/5uBCNQA","baseKeyType":1,"closed":-1,"used":1748739258176,"created":1748739258176,"remoteIdentityKey":"BXg9tLy1POjlXDWC9O3ceu2V6OxSk0mEyW9qRs7VfZ0l"},"_chains":{"BcovnEYPROFz4WUaRSpU9Pp+roQSDHNS1nuXaDsEBzhV":{"chainKey":{"counter":0,"key":"agd4QPMDis66YMV/AZvka+oBOEKhTY+2Om5aAT06ZLI="},"chainType":1,"messageKeys":{}}},"pendingPreKey":{"signedKeyId":1,"baseKey":"BXGiCPtAYDns3GXMPzcnlkH7Cn3/+JVtKLCA/5uBCNQA","preKeyId":8527630}}},"version":"v1"}