{"_sessions":{"BUpZ3JlQy7R64ISj7cd5IRZ59UHCwU8muKYugW+1ZXA9":{"registrationId":6401,"currentRatchet":{"ephemeralKeyPair":{"pubKey":"BW65SYwcfJKpXjXEB/uIdY9wP1wXCdGERroC3+4LEINM","privKey":"0LnQQuIGFI/4tVGcCVF5nhzoVUwiZJcF2A1LTNkW02M="},"lastRemoteEphemeralKey":"BWhUULhJZDPQgU3iKXof2U5HodbzaCsDt9KVWGbX6CZ6","previousCounter":0,"rootKey":"gfVuqALqJsiPQQL72EAlo7tRyNkKk+vpdrfMcHsSNkQ="},"indexInfo":{"baseKey":"BUpZ3JlQy7R64ISj7cd5IRZ59UHCwU8muKYugW+1ZXA9","baseKeyType":1,"closed":-1,"used":1748739256093,"created":1748739256093,"remoteIdentityKey":"BTKYQPavTCWl5Vyv9N3Ad6AvNx4NRZq6ElpUFRkh+ysw"},"_chains":{"BW65SYwcfJKpXjXEB/uIdY9wP1wXCdGERroC3+4LEINM":{"chainKey":{"counter":0,"key":"HRwUuGhFme3iIKU6HFD3JajYXk16AquNiKhoJ6qT/Wk="},"chainType":1,"messageKeys":{}}},"pendingPreKey":{"signedKeyId":1,"baseKey":"BUpZ3JlQy7R64ISj7cd5IRZ59UHCwU8muKYugW+1ZXA9"}}},"version":"v1"}