{"_sessions":{"BUvYbnoq7/pGU9WWZJOrLYLA9vNduEgTAebxMmbnPsQE":{"registrationId":896164366,"currentRatchet":{"ephemeralKeyPair":{"pubKey":"BSoQaQK9oSA6S50VOFTMNBVf42KwenCzzv/BazUoImck","privKey":"kHEgAWzeLNITf9pHy9TqI3d0pGm1tCbhAU06D+xx53U="},"lastRemoteEphemeralKey":"BenBygbXH/m8GUrqc8zICXTtimG09BTw+oIrfffZkwki","previousCounter":0,"rootKey":"0aBMqaCfdA9sDQbhSLgwDgp3y343VJJSb90qHBp0xM0="},"indexInfo":{"baseKey":"BUvYbnoq7/pGU9WWZJOrLYLA9vNduEgTAebxMmbnPsQE","baseKeyType":1,"closed":-1,"used":1748739260248,"created":1748739260248,"remoteIdentityKey":"BXJtMuKqXXk92c9V4+9z19erC4p5xMn3vgLrU2rLdH5F"},"_chains":{"BSoQaQK9oSA6S50VOFTMNBVf42KwenCzzv/BazUoImck":{"chainKey":{"counter":0,"key":"dd1ANA8ZraEibCjd1L/Hf+cTscpB3kmlweWeBNaXQI8="},"chainType":1,"messageKeys":{}}},"pendingPreKey":{"signedKeyId":35,"baseKey":"BUvYbnoq7/pGU9WWZJOrLYLA9vNduEgTAebxMmbnPsQE","preKeyId":1098614}}},"version":"v1"}