{"_sessions":{"BbP4nR412R0OkzOUhjuF/cSQpaaynnEGmknTU5Mpr7UI":{"registrationId":224,"currentRatchet":{"ephemeralKeyPair":{"pubKey":"Banqcr0j+CCOsaW5xNg2hd8ocOSYgoaVLiMKaPhvaKYW","privKey":"COGPPUYDFnHmfefr+wLURPfinUfqth6cEuFpPae82Us="},"lastRemoteEphemeralKey":"BfLrOLmc/fQsbw/VLLew6E9BRxZ++VhHOvlj+5s/tNV0","previousCounter":0,"rootKey":"ZeXXpK1R8RoHISTf2Y5eO5PxZfHbr14jF5cL0a1Pjv0="},"indexInfo":{"baseKey":"BbP4nR412R0OkzOUhjuF/cSQpaaynnEGmknTU5Mpr7UI","baseKeyType":1,"closed":-1,"used":1748739256162,"created":1748739256162,"remoteIdentityKey":"BZx4FeJQdUBpePVFbu+mAr+mmyPZPjOnID9FAj69jD9a"},"_chains":{"Banqcr0j+CCOsaW5xNg2hd8ocOSYgoaVLiMKaPhvaKYW":{"chainKey":{"counter":0,"key":"H+YGAY2nMHtC5i2YV6V/IpCp1kZadYOnwMWFB/neW70="},"chainType":1,"messageKeys":{}}},"pendingPreKey":{"signedKeyId":1,"baseKey":"BbP4nR412R0OkzOUhjuF/cSQpaaynnEGmknTU5Mpr7UI"}}},"version":"v1"}