{"_sessions":{"BYAN3TSarwFSViVC8PFozxjqMTjmUCPsBsz+Qljkm/Vl":{"registrationId":1487848957,"currentRatchet":{"ephemeralKeyPair":{"pubKey":"BYzbYf3y6F+uSNXp1gSQU3aOlEfcf6ka71zC/61Dkkg3","privKey":"uNYAftf+OoEzitMlImsDG+4qsCxvUZXAD7qo1JPdH1o="},"lastRemoteEphemeralKey":"BdSxStnb3CG6tkNri1J6QdXox+PYxp+sfmizYyIOQ5hr","previousCounter":0,"rootKey":"C1eSZ3lZRZpwQKQ4s8AXqn465gJozfkCrVRWdt+z1wM="},"indexInfo":{"baseKey":"BYAN3TSarwFSViVC8PFozxjqMTjmUCPsBsz+Qljkm/Vl","baseKeyType":1,"closed":-1,"used":1748739648265,"created":1748739260151,"remoteIdentityKey":"BVDk5ZCWIUvL21Kp9vQuf2rdQQvYegmJNm/6S0RPxcp6"},"_chains":{"BdSxStnb3CG6tkNri1J6QdXox+PYxp+sfmizYyIOQ5hr":{"chainKey":{"counter":0,"key":"GFupY6VF59Rn6Pg052Csc1kR2wW6ee2vu9szWaOmAt8="},"chainType":2,"messageKeys":{}},"BYzbYf3y6F+uSNXp1gSQU3aOlEfcf6ka71zC/61Dkkg3":{"chainKey":{"counter":-1,"key":"ZAHEZK/NeNFOmR31s5YBaZwew9LXMKsj+OZEV4X0Gjw="},"chainType":1,"messageKeys":{}}}}},"version":"v1"}