{"_sessions":{"BTI0GHaD4KxzU+lmcNjIasYn2rV0ljRlEdpRm4+punMg":{"registrationId":1205345061,"currentRatchet":{"ephemeralKeyPair":{"pubKey":"BRZS5UoPVJR9RSHcwneT15FCJFKNdXdR4vX+PyVmjyZ5","privKey":"KChwcmIddOQU2sQmoTcHBpXpc5JFvRq4mFKsSVik1VA="},"lastRemoteEphemeralKey":"BXqic/YviQ1RkhxrkSHSup0iKj+b1HvyzUcJ/Biwbmd3","previousCounter":0,"rootKey":"ekmIIQPUfXMv6zvXx8dale/mF6eihU36qRyeZ01cTUY="},"indexInfo":{"baseKey":"BTI0GHaD4KxzU+lmcNjIasYn2rV0ljRlEdpRm4+punMg","baseKeyType":1,"closed":-1,"used":1748739260179,"created":1748739260179,"remoteIdentityKey":"BcwjfGnBHu32az4cLyy1jRQe+nDoebdlUmRa5i8BJU4z"},"_chains":{"BRZS5UoPVJR9RSHcwneT15FCJFKNdXdR4vX+PyVmjyZ5":{"chainKey":{"counter":0,"key":"P3RtBNhTLVTM97MDtQPWYEqwaVBa/V3RWIafFY8ueRE="},"chainType":1,"messageKeys":{}}},"pendingPreKey":{"signedKeyId":7659842,"baseKey":"BTI0GHaD4KxzU+lmcNjIasYn2rV0ljRlEdpRm4+punMg","preKeyId":34780}}},"version":"v1"}