{"_sessions":{"Bcp//JgCTMqKIqLCxjyhyFAj/usKMgnX4J+kSOr759hN":{"registrationId":81,"currentRatchet":{"ephemeralKeyPair":{"pubKey":"BfvTdS7Ws9rSjgjEEGUAABP1nuLKQcy0+wKgHPnYkioz","privKey":"wAGIKnCg4YvNsrKbpPRfxMdFrS0TJbBvP4PNxVsiC1o="},"lastRemoteEphemeralKey":"BSmvO1h5uSIp7PEw5nkPKEpsxpT7bHfIlDBLPNF3bFAv","previousCounter":0,"rootKey":"7+Jgl+6rh1fRCI1C66bpXB9k8OjWF/24pjHKoIRmlzc="},"indexInfo":{"baseKey":"Bcp//JgCTMqKIqLCxjyhyFAj/usKMgnX4J+kSOr759hN","baseKeyType":1,"closed":-1,"used":1748739256057,"created":1748739256057,"remoteIdentityKey":"BdlsB1oxCC5gAaVX/vOrRC2ovw6/yxlITsm4jynImwld"},"_chains":{"BfvTdS7Ws9rSjgjEEGUAABP1nuLKQcy0+wKgHPnYkioz":{"chainKey":{"counter":0,"key":"h7yYO7xhOL8lnb2mXIX9OvTdakm2KsMsI+e8zdCossg="},"chainType":1,"messageKeys":{}}},"pendingPreKey":{"signedKeyId":1,"baseKey":"Bcp//JgCTMqKIqLCxjyhyFAj/usKMgnX4J+kSOr759hN"}}},"version":"v1"}