{"_sessions":{"BYmsSFmuEVw4sj9JT8IcWR6Nlx/Fr45c0StvcDh2ZjhX":{"registrationId":1207714513,"currentRatchet":{"ephemeralKeyPair":{"pubKey":"BXjTNPxTa1rR6mcn3G3Q9bZ205WfEerz4tBVv7+3bCgl","privKey":"iDtttWXGWFZeYPiuejHo5ElcGQ0R9HPo0NQfVIdTWkI="},"lastRemoteEphemeralKey":"Bb+8BXlK6V7W5FZH0epohmPb5vrIeC9Wavvu51FF3V9A","previousCounter":0,"rootKey":"K+9Ir356NJfnhgUgzBACDXImPtS2XTK/FgifGXfvWDw="},"indexInfo":{"baseKey":"BYmsSFmuEVw4sj9JT8IcWR6Nlx/Fr45c0StvcDh2ZjhX","baseKeyType":1,"closed":-1,"used":1748739256199,"created":1748739256199,"remoteIdentityKey":"BUoblkBm1QHq4S4PkVUILoSJulFRQY1fFrgbRGHFqxUV"},"_chains":{"BXjTNPxTa1rR6mcn3G3Q9bZ205WfEerz4tBVv7+3bCgl":{"chainKey":{"counter":0,"key":"9hNzdb1Uo7i9vqlcNMb7iXFZ0keYX+vxicgt3hE1FJw="},"chainType":1,"messageKeys":{}}},"pendingPreKey":{"signedKeyId":1,"baseKey":"BYmsSFmuEVw4sj9JT8IcWR6Nlx/Fr45c0StvcDh2ZjhX","preKeyId":14950920}}},"version":"v1"}