{"_sessions":{"BZn3f4MC8kB+O3Y9azUxM5akF8RXmybbh/9kmieiAVM7":{"registrationId":971427554,"currentRatchet":{"ephemeralKeyPair":{"pubKey":"Bcq35Y9jwfqiHlvQZK9cxhjEY2pyiWPQ8inqOAXsGeQp","privKey":"+Dn2Gbdpv7LJ/R4bsiD4oJul6txsl3Am3UYMWYVacFw="},"lastRemoteEphemeralKey":"BeXuaILhWCJPSmbqyNz7sVbFVmedGJQoATkc+UxEP0NW","previousCounter":0,"rootKey":"9hIniv4pgsSu+A44zw/MCM1vnwmd2eEvC01SqSk+/f8="},"indexInfo":{"baseKey":"BZn3f4MC8kB+O3Y9azUxM5akF8RXmybbh/9kmieiAVM7","baseKeyType":1,"closed":-1,"used":1748739260158,"created":1748739260158,"remoteIdentityKey":"BfwGmhzdas6QVuoD0vYJB/VZVsKyDF3/Z/Psq/Yl8J83"},"_chains":{"Bcq35Y9jwfqiHlvQZK9cxhjEY2pyiWPQ8inqOAXsGeQp":{"chainKey":{"counter":0,"key":"dF6JB8GNC6CSRxlOCeLGu2DBhKGvo4zogL8RYmhcQuc="},"chainType":1,"messageKeys":{}}},"pendingPreKey":{"signedKeyId":22,"baseKey":"BZn3f4MC8kB+O3Y9azUxM5akF8RXmybbh/9kmieiAVM7","preKeyId":617599}}},"version":"v1"}