{"_sessions":{"Bbh2+RsMhIRSTDVAeoNWYb7xgWXuZr28AqWdreaxLms+":{"registrationId":1663113016,"currentRatchet":{"ephemeralKeyPair":{"pubKey":"BfXhnCBZvaIC3qvy93azO0BszTgwsGpyzEZC43YguyxL","privKey":"0EJhzWa62VeGWx3ryUkeXv45DWx1lOowaMKLG0uihmw="},"lastRemoteEphemeralKey":"BQ+vlIMbMvAIS23nq9D5eXLymU300PxaxWF3WqfBCp1E","previousCounter":0,"rootKey":"CUr4MO4opXvMHYgcQgsNxIfe6Ygx96XFCWDy++bE7/w="},"indexInfo":{"baseKey":"Bbh2+RsMhIRSTDVAeoNWYb7xgWXuZr28AqWdreaxLms+","baseKeyType":1,"closed":-1,"used":1748739258075,"created":1748739258075,"remoteIdentityKey":"BRdwGdwpY0oaRs/6RghdN7GySBg3baVZ53EZBqzM5xkq"},"_chains":{"BfXhnCBZvaIC3qvy93azO0BszTgwsGpyzEZC43YguyxL":{"chainKey":{"counter":0,"key":"KctOxT/u227H0DfdqNaLKqzIudravLOFA6ms2bcF8nU="},"chainType":1,"messageKeys":{}}},"pendingPreKey":{"signedKeyId":1,"baseKey":"Bbh2+RsMhIRSTDVAeoNWYb7xgWXuZr28AqWdreaxLms+","preKeyId":10425827}}},"version":"v1"}