{"_sessions":{"BeaKm/vJF/tvwScF0O+Dee6E7QDxkfkmCb+vyR2eDPIW":{"registrationId":763604473,"currentRatchet":{"ephemeralKeyPair":{"pubKey":"BZVb1Im4fvDNAiL86Lszw/VjlkQopqvir+SDV+3Z2BdU","privKey":"KHcai434Thg4fLNLppNBuIug+HaDg30JP0/cwVS7U2E="},"lastRemoteEphemeralKey":"BXaQZ5psrWbY259mbKw1wF6UdzJbPpD/jOnKD6HRuoJL","previousCounter":0,"rootKey":"+oKdp0JBu9zL/8qxwYTJhwORQuJPJRNyen91VYkHL/E="},"indexInfo":{"baseKey":"BeaKm/vJF/tvwScF0O+Dee6E7QDxkfkmCb+vyR2eDPIW","baseKeyType":1,"closed":-1,"used":1748739260212,"created":1748739260212,"remoteIdentityKey":"BTwWXYESoDAaQJcL/QkGWuEfZIo5ffPDxNOdJuK+Mvo2"},"_chains":{"BZVb1Im4fvDNAiL86Lszw/VjlkQopqvir+SDV+3Z2BdU":{"chainKey":{"counter":0,"key":"fmjXG5sRFDHJaowhI6jFUQHDyrv9dIBx8OojyQROK8Q="},"chainType":1,"messageKeys":{}}},"pendingPreKey":{"signedKeyId":5,"baseKey":"BeaKm/vJF/tvwScF0O+Dee6E7QDxkfkmCb+vyR2eDPIW","preKeyId":8926727}}},"version":"v1"}