{"_sessions":{"Bb1HKO8hW9VJh/uV7XSxB+i7TEuFeP7LE0Lzc0f+voZg":{"registrationId":1461130513,"currentRatchet":{"ephemeralKeyPair":{"pubKey":"Ba1IRrN8htD1n6QyaB9XufeKdF14N8JzX7J6yA3s/ch2","privKey":"MLMLzVQ/i/AypHCj91KPDVcomphw9EudHCMKn6BsxXo="},"lastRemoteEphemeralKey":"BYhRy99x/zbjbQOoIdN23zv94HT+c8sLhh+fmJNTjJxS","previousCounter":0,"rootKey":"a6A+Esd1Axjq0A/xveCMBPD+N8XcN3hLzPysjcyRkG4="},"indexInfo":{"baseKey":"Bb1HKO8hW9VJh/uV7XSxB+i7TEuFeP7LE0Lzc0f+voZg","baseKeyType":1,"closed":-1,"used":1748739258235,"created":1748739258235,"remoteIdentityKey":"BRSj201b7EdF94B8uUS2yB8GnH40RD2r4fldz8LuUTYz"},"_chains":{"Ba1IRrN8htD1n6QyaB9XufeKdF14N8JzX7J6yA3s/ch2":{"chainKey":{"counter":0,"key":"Hc/LxoO8KKNvcicBJgMtz8ychljkUsgkcv5IF/wsH+U="},"chainType":1,"messageKeys":{}}},"pendingPreKey":{"signedKeyId":3936820,"baseKey":"Bb1HKO8hW9VJh/uV7XSxB+i7TEuFeP7LE0Lzc0f+voZg","preKeyId":17059}}},"version":"v1"}