{"_sessions":{"Be8HX2UYSS2uAaVx0vH+iEHAiZROAS0IEOGPhe6pJjNa":{"registrationId":163104674,"currentRatchet":{"ephemeralKeyPair":{"pubKey":"BWuV+QgwTBaTlK145ygEJQ/bBxTQWY3XlyJMSSWm12UK","privKey":"kJajDTZmtO9jNJPN94lDcFwwBOjYlTEOpIgO9Tmyv1M="},"lastRemoteEphemeralKey":"BXEqKieR0+dcWf3+1ZiPcqjQU+EOc8A2v+0WiPIUPOdl","previousCounter":0,"rootKey":"CYeklIDL4qvNpg9dXfWHZdVG7yKY8eha1xaI00wOhDY="},"indexInfo":{"baseKey":"Be8HX2UYSS2uAaVx0vH+iEHAiZROAS0IEOGPhe6pJjNa","baseKeyType":1,"closed":-1,"used":1748739256227,"created":1748739256227,"remoteIdentityKey":"BVV4cwWNSodP2A3dhRfJjysXFqHoU3Wr7tliowJDL3dw"},"_chains":{"BWuV+QgwTBaTlK145ygEJQ/bBxTQWY3XlyJMSSWm12UK":{"chainKey":{"counter":0,"key":"ttrt4knkUpAsQOkaoB3v9oMQlg1CPlNNaqx0FGVhhcU="},"chainType":1,"messageKeys":{}}},"pendingPreKey":{"signedKeyId":5340126,"baseKey":"Be8HX2UYSS2uAaVx0vH+iEHAiZROAS0IEOGPhe6pJjNa"}}},"version":"v1"}