{"_sessions":{"BXA7pu0sxP5QA7wY9K0Cs6YUYJru0eF3g5rvRCTl9MRM":{"registrationId":1002547064,"currentRatchet":{"ephemeralKeyPair":{"pubKey":"BfE0cOyiB8MStkoDCtf5S5u/8h06eyN8niXzX4sOGXcx","privKey":"SLr9vmnV0aWisRAwa+3aNjcOx9bTU3BiN/PpKE+0q1w="},"lastRemoteEphemeralKey":"Baz6UEvd7Ke7ZEnXaLjIRosPTdzZcWDuQy8s5/wPTal9","previousCounter":0,"rootKey":"+1gNxPRlefv0sLgVDdUh5K2jyudE+RnNIr9qBJcgado="},"indexInfo":{"baseKey":"BXA7pu0sxP5QA7wY9K0Cs6YUYJru0eF3g5rvRCTl9MRM","baseKeyType":1,"closed":-1,"used":1748739256157,"created":1748739256157,"remoteIdentityKey":"BRbbnBjXP1BWQOAZUfcVbxjhQ7uzzX0Ndd2o+G+9z5lM"},"_chains":{"BfE0cOyiB8MStkoDCtf5S5u/8h06eyN8niXzX4sOGXcx":{"chainKey":{"counter":0,"key":"EQSXzpt/XQHN6XZjZMLJGgQPO/f/c9/65qpBqDw7tns="},"chainType":1,"messageKeys":{}}},"pendingPreKey":{"signedKeyId":1,"baseKey":"BXA7pu0sxP5QA7wY9K0Cs6YUYJru0eF3g5rvRCTl9MRM"}}},"version":"v1"}