{"_sessions":{"BUzIqql1rN5rB03at65RgUZitkXUTeMA7Ky3T/2F040R":{"registrationId":1237511416,"currentRatchet":{"ephemeralKeyPair":{"pubKey":"BagT7ed/nq9YDaY7gEX4E8arDh7lNTK6ccGNGtgY8UMF","privKey":"qLe/wiP0VX7WF0wTmTP9J77Xd3sHuE7qNlgIvYZJoWc="},"lastRemoteEphemeralKey":"BV2C4Omeq3PLNiifTwb2WxNnIxES8DOqxynZkV9Hii4r","previousCounter":0,"rootKey":"bQ5S8zqDrqYInZFeZEeiEuei09a+DQ3eAbrJ24XncyM="},"indexInfo":{"baseKey":"BUzIqql1rN5rB03at65RgUZitkXUTeMA7Ky3T/2F040R","baseKeyType":1,"closed":-1,"used":1748739333891,"created":1748739258140,"remoteIdentityKey":"BTbZo/9sQDuXil64FvDMlLzQYw21KqlqPY1qGBRJdm4Y"},"_chains":{"BV2C4Omeq3PLNiifTwb2WxNnIxES8DOqxynZkV9Hii4r":{"chainKey":{"counter":0,"key":"EcJ3Sdgg8fRrpA0SXiSeuL6Sj55bKlbXPsqQWiecO3w="},"chainType":2,"messageKeys":{}},"BagT7ed/nq9YDaY7gEX4E8arDh7lNTK6ccGNGtgY8UMF":{"chainKey":{"counter":-1,"key":"uyWn/bv2HujaOMqVrs3F0DlYefIOIDmtEeJIXZUfxeI="},"chainType":1,"messageKeys":{}}}}},"version":"v1"}