{"_sessions":{"BaUMj0phjaXx/1bsrnmLEJaEgeu6rMVgjDucypEGwW0J":{"registrationId":1062733741,"currentRatchet":{"ephemeralKeyPair":{"pubKey":"BTlxFx1bMfu6LcmJsK3flkezMLaJIXcmzNa0qPFhhBRB","privKey":"WK2SkjH3dEA0Qocmxr7K4lknFYT9HQr+9fsnhgRrQF4="},"lastRemoteEphemeralKey":"BU476cwDP6oO57JkgNehZNy0hR7SGLUdrWpmOA3cb99l","previousCounter":0,"rootKey":"9HTgudXt9UQ7UovHOwqmYoMxzW/ydje73IWcRdLXmQk="},"indexInfo":{"baseKey":"BaUMj0phjaXx/1bsrnmLEJaEgeu6rMVgjDucypEGwW0J","baseKeyType":1,"closed":-1,"used":1748739256263,"created":1748739256263,"remoteIdentityKey":"BUIsqIQIRAhAZkGzhUJRRQ7pR7Yhogkq4RxAC3/TrYId"},"_chains":{"BTlxFx1bMfu6LcmJsK3flkezMLaJIXcmzNa0qPFhhBRB":{"chainKey":{"counter":0,"key":"l9fGc77/2xPwfpOmPf4zG0rJbwdLV1bnvpLwAhKoYKk="},"chainType":1,"messageKeys":{}}},"pendingPreKey":{"signedKeyId":10263635,"baseKey":"BaUMj0phjaXx/1bsrnmLEJaEgeu6rMVgjDucypEGwW0J","preKeyId":5674}}},"version":"v1"}