{"_sessions":{"BcomvwZWL94IRKEraxngAyNq4FK/+jem2N25ZuikyHFS":{"registrationId":507063065,"currentRatchet":{"ephemeralKeyPair":{"pubKey":"BcgjyA7zyIY5CRUWZoAGgl2G5C7RcT5NaLVKJy0FZGln","privKey":"CDNhOFhkvoThdtArxUUzhVtGInL+LN2mk6SE5u50WnE="},"lastRemoteEphemeralKey":"BUsyY0TAHJt+7IOJmBfX8oOaOGLuNqxN9i7GAMqkCY4n","previousCounter":0,"rootKey":"7TntbVEYRwCPzjt4D1aUcP7fvTlShN+cujUEADCT1mQ="},"indexInfo":{"baseKey":"BcomvwZWL94IRKEraxngAyNq4FK/+jem2N25ZuikyHFS","baseKeyType":1,"closed":-1,"used":1748739260200,"created":1748739260200,"remoteIdentityKey":"BUMnEqew/ald3NvIgiF++u9jWIVUwkzxYjBlCCqgWIkb"},"_chains":{"BcgjyA7zyIY5CRUWZoAGgl2G5C7RcT5NaLVKJy0FZGln":{"chainKey":{"counter":0,"key":"h2VQm+U9VIjOdJEPSPzYQYdNRZhHPcB+uj7ad2zZ2pk="},"chainType":1,"messageKeys":{}}},"pendingPreKey":{"signedKeyId":8279094,"baseKey":"BcomvwZWL94IRKEraxngAyNq4FK/+jem2N25ZuikyHFS","preKeyId":7501}}},"version":"v1"}