{"_sessions":{"BVr3ZfBqTjeDkY6ehSgydgppQjgaTe3B3pZAzwm+DBga":{"registrationId":212806584,"currentRatchet":{"ephemeralKeyPair":{"pubKey":"BROCpn9izbVjHleE0T9byl1Id6CsZdOkIjGy+yUqwelb","privKey":"cNrO+8SR9Z0nE48juCFznqSlyD0JYejlsPJPoPFg5Uc="},"lastRemoteEphemeralKey":"BQQRFI/xNs5TIJYVMI9RfmAcVNHivrrcmhS255LOdcsw","previousCounter":0,"rootKey":"7o8iQYVMqqKyajHNNOn/bF6ez7eRq3Vq6wOl/pJd3qs="},"indexInfo":{"baseKey":"BVr3ZfBqTjeDkY6ehSgydgppQjgaTe3B3pZAzwm+DBga","baseKeyType":1,"closed":-1,"used":1748739260267,"created":1748739260267,"remoteIdentityKey":"BQYjXDqhvrBfz0gJzu3v2KzSLqnz4wY5i1O4/FB8bYUA"},"_chains":{"BROCpn9izbVjHleE0T9byl1Id6CsZdOkIjGy+yUqwelb":{"chainKey":{"counter":0,"key":"LaK6yF0Rlh2abLHYOa2Rn22vWlv3eA2vJ/ccs/uEB7U="},"chainType":1,"messageKeys":{}}},"pendingPreKey":{"signedKeyId":15,"baseKey":"BVr3ZfBqTjeDkY6ehSgydgppQjgaTe3B3pZAzwm+DBga","preKeyId":6219744}}},"version":"v1"}