{"_sessions":{"BdcRniGjO4mM8y+qaT4hR1j6yToVMfoHuhCtDf/Cb1F2":{"registrationId":1513687879,"currentRatchet":{"ephemeralKeyPair":{"pubKey":"Bb1enhAaMjzwIYmCB3cnVDMjTJyD5bV4mb/c9axuw9UL","privKey":"sB4C6Zk3jkTSjqEq3gKX89TVVKrK1yLe/B5ambdAiFQ="},"lastRemoteEphemeralKey":"BdAKPyD+x0rwfjCgborvCgPaj/mC7l+PKGUyN6orZ6Fq","previousCounter":0,"rootKey":"FfNHRtUXeelIVskaN0fXPKVcn/gpcB5C3zqcnp9wL3U="},"indexInfo":{"baseKey":"BdcRniGjO4mM8y+qaT4hR1j6yToVMfoHuhCtDf/Cb1F2","baseKeyType":1,"closed":-1,"used":1748739258061,"created":1748739258061,"remoteIdentityKey":"BYJTE6z3EQdH6nvoynRIe25a/5ggXAHJoY265g2h+w5c"},"_chains":{"Bb1enhAaMjzwIYmCB3cnVDMjTJyD5bV4mb/c9axuw9UL":{"chainKey":{"counter":0,"key":"WdVwFvDOoy0uwDsDpc36As89i3MzB3p90sD063U0PXI="},"chainType":1,"messageKeys":{}}},"pendingPreKey":{"signedKeyId":6796694,"baseKey":"BdcRniGjO4mM8y+qaT4hR1j6yToVMfoHuhCtDf/Cb1F2","preKeyId":4427}}},"version":"v1"}