{"_sessions":{"BZRRkWWDF0XVFYtYJdqs/VAFD2Y7gJY0Gk0820XgIhwH":{"registrationId":1478588482,"currentRatchet":{"ephemeralKeyPair":{"pubKey":"BWjvA63Klry1D3x6rKql0R0YppgKl/BI2ZN/kxvg00Qx","privKey":"8C0zhQMrjOBD7amP3gybGuWh7Kv/cVBAIAVtZNSvhUQ="},"lastRemoteEphemeralKey":"BazjtHIoV8hBk8OuCHzg/8gB7y1irmbRkGpfM9gkTjss","previousCounter":0,"rootKey":"vS7rUSu5DBG+CZbn2BQCMGPigPSVRKpiMuK2Xo2mL+A="},"indexInfo":{"baseKey":"BZRRkWWDF0XVFYtYJdqs/VAFD2Y7gJY0Gk0820XgIhwH","baseKeyType":1,"closed":-1,"used":1748739258249,"created":1748739258249,"remoteIdentityKey":"BW5OtFER74zTXR9+Y0St2y8rKIhccM6vhIw5836fh5YA"},"_chains":{"BWjvA63Klry1D3x6rKql0R0YppgKl/BI2ZN/kxvg00Qx":{"chainKey":{"counter":0,"key":"LsRgYvI/XyMW+BedzxtlyL59y+dMa/o4N5Ad9v+SKjQ="},"chainType":1,"messageKeys":{}}},"pendingPreKey":{"signedKeyId":0,"baseKey":"BZRRkWWDF0XVFYtYJdqs/VAFD2Y7gJY0Gk0820XgIhwH","preKeyId":12163502}}},"version":"v1"}