{"_sessions":{"BU/P96vUBZEwyR4Op8YmcLQkL63kGd6vznssqhgM0N5M":{"registrationId":68127343,"currentRatchet":{"ephemeralKeyPair":{"pubKey":"Bc8lTH/sZayF3L5BF9/rRCkGeVrWtRvtlzxu0SKfEU9W","privKey":"sMdDjVQCOapz4J+2MwzD5KD861kPoFTJjLiD8iXgREs="},"lastRemoteEphemeralKey":"BVQeUZpnCovlIBgHBvnRoyt5B/6VoH85vqLxOdcIt71d","previousCounter":0,"rootKey":"H51ktHjCqshnADK7D+4I8X2l4N0HE8bufIyEsUkmHKI="},"indexInfo":{"baseKey":"BU/P96vUBZEwyR4Op8YmcLQkL63kGd6vznssqhgM0N5M","baseKeyType":1,"closed":-1,"used":1748739258047,"created":1748739258047,"remoteIdentityKey":"BS6ZAVwxpkr6F/FOMtmLmwPrWf2yGyNvGXCAxR8FnXta"},"_chains":{"Bc8lTH/sZayF3L5BF9/rRCkGeVrWtRvtlzxu0SKfEU9W":{"chainKey":{"counter":0,"key":"yi1I1ZD6A3MSHuYk9an/S44QBGhrSvDWoN2NPc8PhhI="},"chainType":1,"messageKeys":{}}},"pendingPreKey":{"signedKeyId":10,"baseKey":"BU/P96vUBZEwyR4Op8YmcLQkL63kGd6vznssqhgM0N5M","preKeyId":11315654}}},"version":"v1"}