{"_sessions":{"BeJgKQ7q3t5RMw7kxAP8s1woq80b6FsXv8ULqZV6hcNy":{"registrationId":872060191,"currentRatchet":{"ephemeralKeyPair":{"pubKey":"Ba3Ni/ChPTwk+0MWmaETCLR1MCGrbF0Fp6fHX+6WXXsV","privKey":"sBCu7quWiKaHshoDy/yuWM/Of8sP4etQwtYsvWaaJWM="},"lastRemoteEphemeralKey":"BcROAf9jpqh72Gp1XeskcKffmd1+uxbtGLZtlRHBZUo0","previousCounter":0,"rootKey":"xgeoJxvLzoyTas7/tV7SVhthJNOfI3tJQ0qLkZbxQq8="},"indexInfo":{"baseKey":"BeJgKQ7q3t5RMw7kxAP8s1woq80b6FsXv8ULqZV6hcNy","baseKeyType":1,"closed":-1,"used":1748739256053,"created":1748739256053,"remoteIdentityKey":"BYfA6YZONqizXZJTZxtZ1+Dyzc54i1GSXkFnJ6jTioMo"},"_chains":{"Ba3Ni/ChPTwk+0MWmaETCLR1MCGrbF0Fp6fHX+6WXXsV":{"chainKey":{"counter":0,"key":"bRMWFhFez1S7Z6/P3C8OOR/sAxjiqd43USNpRwll/1Y="},"chainType":1,"messageKeys":{}}},"pendingPreKey":{"signedKeyId":1,"baseKey":"BeJgKQ7q3t5RMw7kxAP8s1woq80b6FsXv8ULqZV6hcNy","preKeyId":3804453}}},"version":"v1"}