{"_sessions":{"Bdbm8YlJI6rPjs8GJzD5iuF2gHcHMY2Qpfviy7Itwp4E":{"registrationId":619328586,"currentRatchet":{"ephemeralKeyPair":{"pubKey":"BXSbHL1trYjelsgNicX8IK9HaGBWuBiwpbBhIHX8/XUU","privKey":"yK/HziCjyZAg1CCKmCKoP40ivsM9gA54yTXcektww2Y="},"lastRemoteEphemeralKey":"BRxzIvNOLIc7ZLvFhWLOUqna9Mk3lQ5aNUEAzxg0wMof","previousCounter":0,"rootKey":"O/A2eobSYq+431QPGPu7P+68owqBkITCkTEaZqMsVxE="},"indexInfo":{"baseKey":"Bdbm8YlJI6rPjs8GJzD5iuF2gHcHMY2Qpfviy7Itwp4E","baseKeyType":1,"closed":-1,"used":1748739260205,"created":1748739260205,"remoteIdentityKey":"BWhv1seZklyswYZZEwBEgflB16E1lIdaRgEvA+FSfBVd"},"_chains":{"BXSbHL1trYjelsgNicX8IK9HaGBWuBiwpbBhIHX8/XUU":{"chainKey":{"counter":0,"key":"rbLcFEt6YyVN1ok64YVF61ehjB9rUOpgz58hqqsVOHc="},"chainType":1,"messageKeys":{}}},"pendingPreKey":{"signedKeyId":3,"baseKey":"Bdbm8YlJI6rPjs8GJzD5iuF2gHcHMY2Qpfviy7Itwp4E","preKeyId":8374470}}},"version":"v1"}