{"_sessions":{"BUgpzXrO8sBo9yuCDW6W9mC2KOml7HKMD4IGgVaP0L4p":{"registrationId":783797691,"currentRatchet":{"ephemeralKeyPair":{"pubKey":"BViQ0a9IGN3nzX4S+9jXKW4pXTf2qo4eJFCHRtUrBhFH","privKey":"GGU0HMuNP8IhpCDqEvMAPK/Y8Qw613uhZwDQ4JAQun8="},"lastRemoteEphemeralKey":"BTj7oxb0QD+yGCnqZTOGBq4/TzV8sDstUf/iRsYaucgv","previousCounter":0,"rootKey":"NX+96eUEOJdOLevqL+JvELtB/5ufTUVyIbFZpx6kqiI="},"indexInfo":{"baseKey":"BUgpzXrO8sBo9yuCDW6W9mC2KOml7HKMD4IGgVaP0L4p","baseKeyType":1,"closed":-1,"used":1748739260346,"created":1748739260346,"remoteIdentityKey":"BS5jRdMO9p8jgdc54RSCimKzKNCDr1z9yCd0+j2qpSwy"},"_chains":{"BViQ0a9IGN3nzX4S+9jXKW4pXTf2qo4eJFCHRtUrBhFH":{"chainKey":{"counter":0,"key":"LN0oIKO/jLM1oQ/56reG2pNGg7A7myab9UnNCa3j4AY="},"chainType":1,"messageKeys":{}}},"pendingPreKey":{"signedKeyId":14727376,"baseKey":"BUgpzXrO8sBo9yuCDW6W9mC2KOml7HKMD4IGgVaP0L4p"}}},"version":"v1"}