{"_sessions":{"BfeuqHVG8N/QFBr2qorbxMpTDKX9pmH8yeFrXnMQNa81":{"registrationId":1155902380,"currentRatchet":{"ephemeralKeyPair":{"pubKey":"Bd+I3IOENaLtmb7SqodxmAG6mQz+vosAsBG8EcevxzUJ","privKey":"2Pj1Kp+bCPl9yz2MNUSlmkB/N0hTv7QbmpPJhvKeeF4="},"lastRemoteEphemeralKey":"BesrvJCzaqttXwebVuxDf5wVkeqxtscjd0hjOw64xnl7","previousCounter":0,"rootKey":"Mwy2EEqa3YmS3xpVJpQImSAMa38t3YlUoNh5AmTXYck="},"indexInfo":{"baseKey":"BfeuqHVG8N/QFBr2qorbxMpTDKX9pmH8yeFrXnMQNa81","baseKeyType":1,"closed":-1,"used":1748739260342,"created":1748739260342,"remoteIdentityKey":"BbnHDSt8/EDOQIO/+gA1Das+l+3VgHVEOrsWJ35UaxgA"},"_chains":{"Bd+I3IOENaLtmb7SqodxmAG6mQz+vosAsBG8EcevxzUJ":{"chainKey":{"counter":0,"key":"3MXb/UhiKQV0COnf3WXKhb9IMj8iQzpGJF1IFM4ui20="},"chainType":1,"messageKeys":{}}},"pendingPreKey":{"signedKeyId":3,"baseKey":"BfeuqHVG8N/QFBr2qorbxMpTDKX9pmH8yeFrXnMQNa81","preKeyId":12672725}}},"version":"v1"}