{"_sessions":{"BV0u8hWRj9f4Cx+X6mDJh6heKq8xZRnVkS5q4L98WL02":{"registrationId":1526101919,"currentRatchet":{"ephemeralKeyPair":{"pubKey":"BUZKRwbwBhhyVsFjbARdUyxH2SqWwvhP7TYkEETCuBh4","privKey":"iLtVPnF+2I3HFK4PAHc3XnEKbCS6YamdCTk/vGz2/X4="},"lastRemoteEphemeralKey":"BbCc0xbyhKNrZCye5Gbk1ErtumMFPWi8548n9LhLjM4P","previousCounter":0,"rootKey":"weH+EB0lGFZghjypGRVlJ/N2XndEGw2nQwuVNRM//Q8="},"indexInfo":{"baseKey":"BV0u8hWRj9f4Cx+X6mDJh6heKq8xZRnVkS5q4L98WL02","baseKeyType":1,"closed":-1,"used":1748739258277,"created":1748739258277,"remoteIdentityKey":"BZhn20IIyhLa/LAz/PFt+uOHwpyKWiJhGCPxUISfQ5sZ"},"_chains":{"BUZKRwbwBhhyVsFjbARdUyxH2SqWwvhP7TYkEETCuBh4":{"chainKey":{"counter":0,"key":"Yx1XZn+M+11cMbju+od3ghtyu8rtXjmtgbv5K+Tqf6A="},"chainType":1,"messageKeys":{}}},"pendingPreKey":{"signedKeyId":6982013,"baseKey":"BV0u8hWRj9f4Cx+X6mDJh6heKq8xZRnVkS5q4L98WL02","preKeyId":11767}}},"version":"v1"}