{"_sessions":{"BSYIE5oyzeupwVQm/qWKu9YTtdxqp5Z+jFnEy0zPbuR4":{"registrationId":1958381549,"currentRatchet":{"ephemeralKeyPair":{"pubKey":"BcsWAgBfX3b1B1KYWn+YRyeoOUHii5huQOGqoYtbxyYr","privKey":"uM7aOibxNRQpIMPxKvkyW+uCmnYm+yi5KAubGcDRu00="},"lastRemoteEphemeralKey":"BfqOpEGGWHTtajRLzpOVeZhP+RRm4pBUQtHxVWtUw6kp","previousCounter":0,"rootKey":"qPwrGlxfDczOrc7tjWQOLJrApfNkJ+hW0A+AAIRGJCs="},"indexInfo":{"baseKey":"BSYIE5oyzeupwVQm/qWKu9YTtdxqp5Z+jFnEy0zPbuR4","baseKeyType":1,"closed":-1,"used":1748739256070,"created":1748739256070,"remoteIdentityKey":"BQPkx7R+xZz9UGBJiGNO3d7/UdKxeL73fCfnz4flcKtt"},"_chains":{"BcsWAgBfX3b1B1KYWn+YRyeoOUHii5huQOGqoYtbxyYr":{"chainKey":{"counter":0,"key":"LgPCEEqvDdHQRgA6vXL7RaO+1MOwjWcetcfXDkDDpQE="},"chainType":1,"messageKeys":{}}},"pendingPreKey":{"signedKeyId":1,"baseKey":"BSYIE5oyzeupwVQm/qWKu9YTtdxqp5Z+jFnEy0zPbuR4","preKeyId":14310107}}},"version":"v1"}