{"_sessions":{"BUhj01mKt4o7pZbl658HbybDJ67lGvdc4cOGirzQdoJr":{"registrationId":850929039,"currentRatchet":{"ephemeralKeyPair":{"pubKey":"BeUm4oYf0JO1MXd+vLltoq2sEMuO2HQecMOTNl/vDf0K","privKey":"2NiYoBpLKGV4yUxnUDm1BDVEzYaAdRDiJ9Uu7nBt1H4="},"lastRemoteEphemeralKey":"BQXQUbFPauk+BKeCL3xoJwEuzBTENS3IgSLx0fGA+Kxo","previousCounter":0,"rootKey":"sztgsmCkQijtBt8qjhSNjueivOE2HZfyuNUGaxVfbU8="},"indexInfo":{"baseKey":"BUhj01mKt4o7pZbl658HbybDJ67lGvdc4cOGirzQdoJr","baseKeyType":1,"closed":-1,"used":1748739260167,"created":1748739260167,"remoteIdentityKey":"BfeLLuAIkkweROe34wZc6qMLy+ocOGgeLqtNvW9ilDcs"},"_chains":{"BeUm4oYf0JO1MXd+vLltoq2sEMuO2HQecMOTNl/vDf0K":{"chainKey":{"counter":0,"key":"DrnSxt6DZ2DMnTRQKcoY7/IpfZcx7ClvED7RT/OoDO4="},"chainType":1,"messageKeys":{}}},"pendingPreKey":{"signedKeyId":837862,"baseKey":"BUhj01mKt4o7pZbl658HbybDJ67lGvdc4cOGirzQdoJr","preKeyId":528}}},"version":"v1"}