{"_sessions":{"BYO0RoGKx9mbWVnzvzHZ0RWoHjOcrJmle02CcwN6mHlI":{"registrationId":1062401009,"currentRatchet":{"ephemeralKeyPair":{"pubKey":"BRQYBINPW9gABDc6o/Rgm5BFztjExAXfVg2DqY1wUqgE","privKey":"iFDiCC6AXKcKxfCL5Ms1eLn4+QE+qykVs+21172OZUU="},"lastRemoteEphemeralKey":"BX0x/LFWNROLDLJK7nBDrn3USdb9f6htYw+Bw4NNI69p","previousCounter":0,"rootKey":"VNKcRT/3qp2LSmB0GiLj6bWmJ17bASajzQCy8BvxI5o="},"indexInfo":{"baseKey":"BYO0RoGKx9mbWVnzvzHZ0RWoHjOcrJmle02CcwN6mHlI","baseKeyType":1,"closed":-1,"used":1748739260224,"created":1748739260224,"remoteIdentityKey":"BR6R3HICY9IWktiaEHAj0yXwMpJc1QsSVEo2cuRlA2Ak"},"_chains":{"BRQYBINPW9gABDc6o/Rgm5BFztjExAXfVg2DqY1wUqgE":{"chainKey":{"counter":0,"key":"6VYfLuf76dV9mMZfh3Hb6wxpyjI/8WT5cwQ0MY61nmc="},"chainType":1,"messageKeys":{}}},"pendingPreKey":{"signedKeyId":5,"baseKey":"BYO0RoGKx9mbWVnzvzHZ0RWoHjOcrJmle02CcwN6mHlI","preKeyId":15311572}}},"version":"v1"}