{"_sessions":{"Bczfzkp9PlBUYsl0yuzkBP754chh/PT27w78gaMiB6hG":{"registrationId":234805889,"currentRatchet":{"ephemeralKeyPair":{"pubKey":"BRfkz6Gqc08b64bz33oDhHFykDau/eX8xqcabDdEIW1W","privKey":"0BKf7/OQQTWUJXb0hPiR/Ksh/jAoiVh/f8QYzFx52Es="},"lastRemoteEphemeralKey":"BavZF8jZqt4SQhrl5ovRQG4Gmt1iwVj3kGc8TF32BWZm","previousCounter":0,"rootKey":"yNJH/XHLVMKycWxgdWabr+7TdDtXIKuhRCEw4P8tzHQ="},"indexInfo":{"baseKey":"Bczfzkp9PlBUYsl0yuzkBP754chh/PT27w78gaMiB6hG","baseKeyType":1,"closed":-1,"used":1748739258194,"created":1748739258194,"remoteIdentityKey":"BTnHb8Gz5aSvwIhcO+3a7w8BxSDCLwGO/IXtBWUKGq0a"},"_chains":{"BRfkz6Gqc08b64bz33oDhHFykDau/eX8xqcabDdEIW1W":{"chainKey":{"counter":0,"key":"iI1o7CBMLzRYR/FZC2GinPQWRBYkihBpWV7w2BWsn0s="},"chainType":1,"messageKeys":{}}},"pendingPreKey":{"signedKeyId":3,"baseKey":"Bczfzkp9PlBUYsl0yuzkBP754chh/PT27w78gaMiB6hG","preKeyId":10752081}}},"version":"v1"}