{"_sessions":{"BU9+u2t4OT0PjWMOKaSP955mKAzlAcipQJ1ulJ/2t4RT":{"registrationId":939934365,"currentRatchet":{"ephemeralKeyPair":{"pubKey":"BdAGleYdjaBQkox88DJubms3iGZNa93y0irCIqc43okE","privKey":"oMjgX5Q1njFsdnCFMAY+puHmdO3n/mPx+j+jS2FhFWg="},"lastRemoteEphemeralKey":"BU9Dzqpe1i80xis0T/dKMifnQlbqAnsjlSV07iHqinh/","previousCounter":0,"rootKey":"obqt3+/F98n48Azf2hamJvqLVeB3No/v+tVqxqZjeUs="},"indexInfo":{"baseKey":"BU9+u2t4OT0PjWMOKaSP955mKAzlAcipQJ1ulJ/2t4RT","baseKeyType":1,"closed":-1,"used":1748739260126,"created":1748739260126,"remoteIdentityKey":"BfTFSSMKBBJdvim19CPmh1zJdUI10M715c30iQJNsBRY"},"_chains":{"BdAGleYdjaBQkox88DJubms3iGZNa93y0irCIqc43okE":{"chainKey":{"counter":0,"key":"q7pM+y1Bj/9eRUg771edekvwKI+XXniEhajTZsNjiCU="},"chainType":1,"messageKeys":{}}},"pendingPreKey":{"signedKeyId":1,"baseKey":"BU9+u2t4OT0PjWMOKaSP955mKAzlAcipQJ1ulJ/2t4RT","preKeyId":10283114}}},"version":"v1"}