{"_sessions":{"BbRs6mrq8SQjydhXFJGMihYaoVT/bxSSkSCT0/9Hod8/":{"registrationId":461415017,"currentRatchet":{"ephemeralKeyPair":{"pubKey":"Bdw8uXtlSGH76QWVaXGSuU/2yWT4PrkQAPdaciYPMdB4","privKey":"uGl1tpepm3efKfyuyGZWItpqV0frV9FAU80DHFW0AVU="},"lastRemoteEphemeralKey":"BRVMEQ4moPcPwSUeN/KHZFFSlchOKCo/7iFJMWrTmNVJ","previousCounter":0,"rootKey":"hRtthafF/97BKPdYx+ZbLKduyvqIWU7PT8/H04kL82M="},"indexInfo":{"baseKey":"BbRs6mrq8SQjydhXFJGMihYaoVT/bxSSkSCT0/9Hod8/","baseKeyType":1,"closed":-1,"used":1748739260290,"created":1748739260290,"remoteIdentityKey":"BfF6ESWb2VDO3ql1cCBGVgXgWdwRWQaaKpcQQ3CZgiIQ"},"_chains":{"Bdw8uXtlSGH76QWVaXGSuU/2yWT4PrkQAPdaciYPMdB4":{"chainKey":{"counter":0,"key":"hhF2Wb4R7HmfJEF9jSQf1y/v3iljkQ+/vMJ11x1JHeY="},"chainType":1,"messageKeys":{}}},"pendingPreKey":{"signedKeyId":515330,"baseKey":"BbRs6mrq8SQjydhXFJGMihYaoVT/bxSSkSCT0/9Hod8/","preKeyId":21368}}},"version":"v1"}