{"_sessions":{"BeDsxwFUqekr620gz5dmfAaw02Wg+9dOqgAm+TE7eY5G":{"registrationId":1945184670,"currentRatchet":{"ephemeralKeyPair":{"pubKey":"BbGmODgGVHRSW/2IBGQrGLSIf0yuKTFcyIJ48HtuLAcV","privKey":"mCXp39KOtN5FOKvzBgkRkI8q9eZTqD8Kfk0m1TfrS2Q="},"lastRemoteEphemeralKey":"Bbsj75tsVJ9efkv90XtKwzO8wcWiXJDDhQgJFNNej4Rx","previousCounter":0,"rootKey":"yKz3ENPfvarOOrY0+0eS54L3jfbxqYN2xTz5DUXRiVA="},"indexInfo":{"baseKey":"BeDsxwFUqekr620gz5dmfAaw02Wg+9dOqgAm+TE7eY5G","baseKeyType":1,"closed":-1,"used":1748739256272,"created":1748739256272,"remoteIdentityKey":"BUKe8xDw4rpN5NjxUxMIE4EQric/DIDfS3/Z9ifeSXky"},"_chains":{"BbGmODgGVHRSW/2IBGQrGLSIf0yuKTFcyIJ48HtuLAcV":{"chainKey":{"counter":0,"key":"/a31HcyXFgHSl2LVIiKzb2RPgbyyNBDxDxvIhZSkF3w="},"chainType":1,"messageKeys":{}}},"pendingPreKey":{"signedKeyId":23,"baseKey":"BeDsxwFUqekr620gz5dmfAaw02Wg+9dOqgAm+TE7eY5G","preKeyId":4834040}}},"version":"v1"}