{"_sessions":{"BVc+qmUk5cWwBth0Q6PWFmYS9hRcD5cli8vgwbnjYrhS":{"registrationId":713640568,"currentRatchet":{"ephemeralKeyPair":{"pubKey":"Bc8lApXOHmcKda6mxMR+5dCzGE0QmX7ojiI+/AZu7c9x","privKey":"cPk6eT3enQBBy61xbZM3RoVCRGlEoo5piVwzSKgV60g="},"lastRemoteEphemeralKey":"BZl1Vb7jZ59cBMz3hTvEptnF3ljIx0UMn3GHy2UPnu12","previousCounter":0,"rootKey":"LIzO9lYc6fVVk+oxufeExbgdWbcUBW2ihvu25z4MQ/8="},"indexInfo":{"baseKey":"BVc+qmUk5cWwBth0Q6PWFmYS9hRcD5cli8vgwbnjYrhS","baseKeyType":1,"closed":-1,"used":1748739260602,"created":1748739260602,"remoteIdentityKey":"BXJzbVSrjrGTMjBvj9Ta0OYnLjkkyFT9jUcOUUtoWENK"},"_chains":{"Bc8lApXOHmcKda6mxMR+5dCzGE0QmX7ojiI+/AZu7c9x":{"chainKey":{"counter":0,"key":"WHAlSdb1/+bRmY+p0ea1S8q92k5pgySAPHPZrAgJtqw="},"chainType":1,"messageKeys":{}}},"pendingPreKey":{"signedKeyId":0,"baseKey":"BVc+qmUk5cWwBth0Q6PWFmYS9hRcD5cli8vgwbnjYrhS"}}},"version":"v1"}