{"_sessions":{"Bf1CR95tIrzmDYWJ1lc4yK445b3sbit/71xwA2+GyFhm":{"registrationId":1281815765,"currentRatchet":{"ephemeralKeyPair":{"pubKey":"BTYxTuLWu6H4RJD7crNl9EPnrhx+VR6fbrBBrhi95MEx","privKey":"mJX80tbXPoDa6W6C9tHtO+x9+DT+8a7iZGJFRLPcfkA="},"lastRemoteEphemeralKey":"BXsXglOIBktfuO2XBteegZpShYHyXyBBNZAthhRghaAu","previousCounter":0,"rootKey":"ZPJNnBJ1qs4u/QY55icdRpuCjHnJyI1+XctF/eaA1R8="},"indexInfo":{"baseKey":"Bf1CR95tIrzmDYWJ1lc4yK445b3sbit/71xwA2+GyFhm","baseKeyType":1,"closed":-1,"used":1748739256119,"created":1748739256119,"remoteIdentityKey":"BQxHRedDAlYD2aD07yIQH/+SSXvTFL/GC4YP/dgpH3oF"},"_chains":{"BTYxTuLWu6H4RJD7crNl9EPnrhx+VR6fbrBBrhi95MEx":{"chainKey":{"counter":0,"key":"TfFzHfVnpslB6EzX+oMacFycoDREdVcANK6wyE1xjKw="},"chainType":1,"messageKeys":{}}},"pendingPreKey":{"signedKeyId":1,"baseKey":"Bf1CR95tIrzmDYWJ1lc4yK445b3sbit/71xwA2+GyFhm"}}},"version":"v1"}