{"_sessions":{"BdieQT9a8kQkMhgWTFmdXnAqJSxTPBt4sRtujlCybHsE":{"registrationId":1139547953,"currentRatchet":{"ephemeralKeyPair":{"pubKey":"BbmPqTiPKWnrLisB67J5AL1pqE5bAQyISNfHvmRF7VdA","privKey":"COytU2fvtGUWef6metR5AiujYeYIwuSc1Q5V5Bew6EA="},"lastRemoteEphemeralKey":"BdfW+zmNBGtvgqMlcNreCTebT+SoaLY44GOe50y8mgAs","previousCounter":0,"rootKey":"W8H8pSS/Sq0Os1heezPugjN68AqD5DhbdW0VoD3abs8="},"indexInfo":{"baseKey":"BdieQT9a8kQkMhgWTFmdXnAqJSxTPBt4sRtujlCybHsE","baseKeyType":1,"closed":-1,"used":1748739258216,"created":1748739258216,"remoteIdentityKey":"BR8qEMXxhA/3ptdD104Xaj9+U1lFSOq5pmmy34Tag8pB"},"_chains":{"BbmPqTiPKWnrLisB67J5AL1pqE5bAQyISNfHvmRF7VdA":{"chainKey":{"counter":0,"key":"cXLgc45ei6Y0Sqnw0R5SYkmeTff822pNXDWTuEBX3aU="},"chainType":1,"messageKeys":{}}},"pendingPreKey":{"signedKeyId":12,"baseKey":"BdieQT9a8kQkMhgWTFmdXnAqJSxTPBt4sRtujlCybHsE","preKeyId":1209218}}},"version":"v1"}