{"_sessions":{"BV0OC7DtmiCKtm9vYQtRW9lWvD7i1SnR96gAR+724bo3":{"registrationId":130216872,"currentRatchet":{"ephemeralKeyPair":{"pubKey":"BXdQSGz2UTKB26/r6je7yC5lRejih9uUe4Kh9gaS7hJJ","privKey":"IHGRFNB3v9DWg23TUnaK8Zobe9m6ufbsnPU0e2eaXEU="},"lastRemoteEphemeralKey":"BXz09UDM0/lMcCllGkvFDrbpzWTRnCf/T8egBPHDMBkJ","previousCounter":0,"rootKey":"uBJYvDCPpmg+bOieCDK+CLYzPdKU2jp2imjL79uWKXM="},"indexInfo":{"baseKey":"BV0OC7DtmiCKtm9vYQtRW9lWvD7i1SnR96gAR+724bo3","baseKeyType":1,"closed":-1,"used":1748739256151,"created":1748739256151,"remoteIdentityKey":"Bdqak1529Bal7uXHh5ne76lXIIMHMMHpHSWP/mLSgXAd"},"_chains":{"BXdQSGz2UTKB26/r6je7yC5lRejih9uUe4Kh9gaS7hJJ":{"chainKey":{"counter":0,"key":"yVOhrd3qpezAbL9KYsd2gBsKmwV60mRNUXNO20//bJ4="},"chainType":1,"messageKeys":{}}},"pendingPreKey":{"signedKeyId":1,"baseKey":"BV0OC7DtmiCKtm9vYQtRW9lWvD7i1SnR96gAR+724bo3","preKeyId":2445}}},"version":"v1"}