{"_sessions":{"BetxO+p4seH3zAkyprV8DMo+3znG0oyVDp55nAYc0aZJ":{"registrationId":2126345985,"currentRatchet":{"ephemeralKeyPair":{"pubKey":"BUGiMCvvkrId3cpDiJFXiu1UXeqgOIBGCwNzqD6ZyzFZ","privKey":"QHq9NLmOquisZ6v25k9foxiUZqfEQGTsVY46NJozhWQ="},"lastRemoteEphemeralKey":"BQO9U6rLMLCEm4tEiTlYQq6pVMNWsSZiu2JLkjtFq90M","previousCounter":0,"rootKey":"zC/CtH1wDzq95VH0Pe38Rtn5f/ZKpJQewXo2lv/AMiM="},"indexInfo":{"baseKey":"BetxO+p4seH3zAkyprV8DMo+3znG0oyVDp55nAYc0aZJ","baseKeyType":1,"closed":-1,"used":1748739260593,"created":1748739260593,"remoteIdentityKey":"BdjA/c+Dozi5ShaQomrgoFYS8sbP3MZ4jW2iHXdPalFv"},"_chains":{"BUGiMCvvkrId3cpDiJFXiu1UXeqgOIBGCwNzqD6ZyzFZ":{"chainKey":{"counter":0,"key":"RkTucLV883nlrZtGNe1E/nCt0Ne97RVViocOPns0ujk="},"chainType":1,"messageKeys":{}}},"pendingPreKey":{"signedKeyId":2,"baseKey":"BetxO+p4seH3zAkyprV8DMo+3znG0oyVDp55nAYc0aZJ","preKeyId":9387211}}},"version":"v1"}