{"_sessions":{"BZ3NzrsQaj+dIX+Nyo9pC5Ty+LdhDTas1B7Za64Izzgy":{"registrationId":662458232,"currentRatchet":{"ephemeralKeyPair":{"pubKey":"Ba3N6eDinA/lfId69NIC5jg6ZfWuMMYVtcM21/ctBMUP","privKey":"IGtPflYqb360WPqVmFzGxn2viKWS+g5MXSQbuycRY1g="},"lastRemoteEphemeralKey":"BfZ0AoZxgt+aGvFLozVZyvhKz1IE/SCNlh/zTeAe5klW","previousCounter":0,"rootKey":"eSnnWABqj8OEIrBjYZKmrrbtTo9TUKMlQd1WOv7mv9Q="},"indexInfo":{"baseKey":"BZ3NzrsQaj+dIX+Nyo9pC5Ty+LdhDTas1B7Za64Izzgy","baseKeyType":1,"closed":-1,"used":1748739260182,"created":1748739260182,"remoteIdentityKey":"BRrBN4/Xi9CAeUSCtWkaWKKc+kijnSlbqV861bDWKoEy"},"_chains":{"Ba3N6eDinA/lfId69NIC5jg6ZfWuMMYVtcM21/ctBMUP":{"chainKey":{"counter":0,"key":"OQoPf1TTJVxcVQdlZlc845fC6iciYtzpPxWJP6vbvn4="},"chainType":1,"messageKeys":{}}},"pendingPreKey":{"signedKeyId":7,"baseKey":"BZ3NzrsQaj+dIX+Nyo9pC5Ty+LdhDTas1B7Za64Izzgy","preKeyId":9958472}}},"version":"v1"}