{"_sessions":{"BQ1LaJRfNAA0JZIVAi3bzokDg8q43eWkkzVoBwAFEnMl":{"registrationId":1830958953,"currentRatchet":{"ephemeralKeyPair":{"pubKey":"Bc7XvpjzeOPQLvnBZIFn0+gGt9kpK2/OhFxs15V1O/Aa","privKey":"CCtIfnjo4Q0wqKCZ/r8GTVi6uuaXmpqD1/tfo5eTR28="},"lastRemoteEphemeralKey":"BWX9yfBXpDlLDEZ3cAhLWjCIUnllHRdvOcFd6BOH3kd2","previousCounter":0,"rootKey":"f0TSRs5vrHk0MZ+Cq/Y+G13UUChi5zLjf7TfvOgWaZ4="},"indexInfo":{"baseKey":"BQ1LaJRfNAA0JZIVAi3bzokDg8q43eWkkzVoBwAFEnMl","baseKeyType":1,"closed":-1,"used":1748739258100,"created":1748739258100,"remoteIdentityKey":"Bd+eaSzRhEZGosmAbZ7YsHfL+cV+n9fm3yiuRi4kesRn"},"_chains":{"Bc7XvpjzeOPQLvnBZIFn0+gGt9kpK2/OhFxs15V1O/Aa":{"chainKey":{"counter":0,"key":"oBfRXAzy6/F9fEjLltZ6hwynSCQyH0Kohc+rc6pup6g="},"chainType":1,"messageKeys":{}}},"pendingPreKey":{"signedKeyId":3,"baseKey":"BQ1LaJRfNAA0JZIVAi3bzokDg8q43eWkkzVoBwAFEnMl","preKeyId":6491423}}},"version":"v1"}