{"_sessions":{"BcncK+DaRscR+MQzofuKIYBZkEHS1/TEmkfN44PcbU9J":{"registrationId":1166738346,"currentRatchet":{"ephemeralKeyPair":{"pubKey":"BX7OKtiKm/c+fKx2QY1WA0U7tZ/qi3yVldM8P/08kpdg","privKey":"8O1VgMRxEBAgqHClQ5/2sk7dV9Ztm5rDRN5GM3ZXekE="},"lastRemoteEphemeralKey":"BZ/U9G6vEiA+CvOXwr++PiBXD0g5MPHfpAbn3QNNH/Yp","previousCounter":0,"rootKey":"l9y1yTj4hiVfgjKB89EpWo+2zphCwQJMSlu80WsbiME="},"indexInfo":{"baseKey":"BcncK+DaRscR+MQzofuKIYBZkEHS1/TEmkfN44PcbU9J","baseKeyType":1,"closed":-1,"used":1748739260297,"created":1748739260297,"remoteIdentityKey":"BensNfROD+fIT8aSGnja5qtsZYNC7v4ATJ3uBsQDiSBr"},"_chains":{"BX7OKtiKm/c+fKx2QY1WA0U7tZ/qi3yVldM8P/08kpdg":{"chainKey":{"counter":0,"key":"oQja8sCPXOUZ17Q7E+uiRCSJNbSptt99BdMRwAFncSA="},"chainType":1,"messageKeys":{}}},"pendingPreKey":{"signedKeyId":9590598,"baseKey":"BcncK+DaRscR+MQzofuKIYBZkEHS1/TEmkfN44PcbU9J","preKeyId":15906}}},"version":"v1"}