{"_sessions":{"BXOs+ierwOoTRmse2Dr9Qfr9bJwpw1GC8zXosYyFPRxS":{"registrationId":1628321208,"currentRatchet":{"ephemeralKeyPair":{"pubKey":"BQlcxyQvY/dKf27yypDf+uj/KZ1B5aRBX714r8Xly/tx","privKey":"AHlyTdjcGf7E+WrJKMWsl6UVsWIG94UrJiaNzxO3CHY="},"lastRemoteEphemeralKey":"BcL03fg0kRGoL4rKOKT/OEARm3sGMjmFcpFGAgfzha4v","previousCounter":0,"rootKey":"F+Qic05y9Tm4JKL1obpe2Pscu9nyMr1BqZjI0omm6WE="},"indexInfo":{"baseKey":"BXOs+ierwOoTRmse2Dr9Qfr9bJwpw1GC8zXosYyFPRxS","baseKeyType":1,"closed":-1,"used":1748739260600,"created":1748739260600,"remoteIdentityKey":"BTyMdCAUSye3HW0gUODFnHO60rYXEAzyY9dGh/LOd4U1"},"_chains":{"BQlcxyQvY/dKf27yypDf+uj/KZ1B5aRBX714r8Xly/tx":{"chainKey":{"counter":0,"key":"JUPdJfST10+yeTVsl9Ls1kx4+8VVz4N7T+OpV0sLF2M="},"chainType":1,"messageKeys":{}}},"pendingPreKey":{"signedKeyId":2,"baseKey":"BXOs+ierwOoTRmse2Dr9Qfr9bJwpw1GC8zXosYyFPRxS"}}},"version":"v1"}