{"_sessions":{"BY/y80iC6SfbGc1wvCVOB2Ba83XfjGLrMBlymK4Y2apa":{"registrationId":1593533977,"currentRatchet":{"ephemeralKeyPair":{"pubKey":"BbbPRsJ34wUqqtqKk2PM/Dqfx1O0lSGRovW6bAKyzUl3","privKey":"qLX4Dtm4uHQAo41FvgVRdYFOzcHveQKFyVjdTaIDam8="},"lastRemoteEphemeralKey":"Bbm5p9zu9ObrbjEnDvDyNLUyNZmYLg/FP9y32r+/o1dm","previousCounter":0,"rootKey":"Lp5V87/d4lI/NQhPu7JYeSVIH0NK5UxjmJ8GzpXX1ng="},"indexInfo":{"baseKey":"BY/y80iC6SfbGc1wvCVOB2Ba83XfjGLrMBlymK4Y2apa","baseKeyType":2,"closed":1748739895069,"used":1748739894551,"created":1748739894551,"remoteIdentityKey":"BSPzodDtPPTMF9i7j2pZFw/gFTDzjY10efrjd6nlhYVy"},"_chains":{"Bbm5p9zu9ObrbjEnDvDyNLUyNZmYLg/FP9y32r+/o1dm":{"chainKey":{"counter":1,"key":"BDh7MNTBGryTkelmvN24tFo8Te4jspCzKggsl02mSaE="},"chainType":2,"messageKeys":{}},"BbbPRsJ34wUqqtqKk2PM/Dqfx1O0lSGRovW6bAKyzUl3":{"chainKey":{"counter":-1,"key":"LacAzrUsilCyCLbYPz9MUGcxyCqv2JyPxNaS5CfkJxc="},"chainType":1,"messageKeys":{}}}},"BVFAgyB+bdJlkdu3RuHBtkWZPb1K7fqVYsx4LgibkQoV":{"registrationId":1593533977,"currentRatchet":{"ephemeralKeyPair":{"pubKey":"BcaRWV2xk6MJgGu0K5LsqPL8fuR5MToFkGRXhmJZTGYt","privKey":"WMHX0GJ2lC6N+k9IWxxHeQLzD3FEcdFoGfrdMWulE2s="},"lastRemoteEphemeralKey":"Bc8mQE6wLfWxs0eqZYtPAy8SJc03FaYHNCGwneFGu4EZ","previousCounter":0,"rootKey":"pJiAJ9OoHx5lata4aGcjI4AhrF/8O38kk9YM9sPcG24="},"indexInfo":{"baseKey":"BVFAgyB+bdJlkdu3RuHBtkWZPb1K7fqVYsx4LgibkQoV","baseKeyType":2,"closed":-1,"used":1748739895072,"created":1748739895072,"remoteIdentityKey":"BSPzodDtPPTMF9i7j2pZFw/gFTDzjY10efrjd6nlhYVy"},"_chains":{"Bc8mQE6wLfWxs0eqZYtPAy8SJc03FaYHNCGwneFGu4EZ":{"chainKey":{"counter":0,"key":"y1MPFA4Xj8koZH5c9UMNqeP7ZXZeXMpKGmtEp/X5JmE="},"chainType":2,"messageKeys":{}},"BcaRWV2xk6MJgGu0K5LsqPL8fuR5MToFkGRXhmJZTGYt":{"chainKey":{"counter":-1,"key":"aJsX1rb+A2yDu+f/QduIlbZvD2AISYEYAsdoTAiGTG4="},"chainType":1,"messageKeys":{}}}}},"version":"v1"}