{"_sessions":{"BYgD9smq7vbg/DpJ3HEwinnYOnKrtWXFnGz7DBVKkFk+":{"registrationId":1913808847,"currentRatchet":{"ephemeralKeyPair":{"pubKey":"Ba1jxQJ5ghZek3ibL2o+Uchmq7b6vCr30cGuIO5Ye+NF","privKey":"MD92j6dROaI21EB/FG9zXIjz687uQwCGJCO9I9b3LmU="},"lastRemoteEphemeralKey":"Bb0mKesfBI9njVhOtzX2ZsFUvVnHUC/Qp3pydx5ON/1q","previousCounter":0,"rootKey":"0WM5+TUO0icHh/ybOQQD1R5mJa/0uhba4jnu3F+t+CE="},"indexInfo":{"baseKey":"BYgD9smq7vbg/DpJ3HEwinnYOnKrtWXFnGz7DBVKkFk+","baseKeyType":1,"closed":-1,"used":1748739260330,"created":1748739260330,"remoteIdentityKey":"BVRsDttqclTY7bMr5RfREZaQJ7iVqPY7AVx5BPQl2icT"},"_chains":{"Ba1jxQJ5ghZek3ibL2o+Uchmq7b6vCr30cGuIO5Ye+NF":{"chainKey":{"counter":0,"key":"sNnJQ6MAYFPWXlLRTe8zu50bny9NTwEKIaUoV9eZ6N4="},"chainType":1,"messageKeys":{}}},"pendingPreKey":{"signedKeyId":1,"baseKey":"BYgD9smq7vbg/DpJ3HEwinnYOnKrtWXFnGz7DBVKkFk+","preKeyId":11207810}}},"version":"v1"}