{"_sessions":{"BQEqN6r5el/ZnFijKejp2XRX7+j9xbJa2l0NahG8ubpe":{"registrationId":1845249029,"currentRatchet":{"ephemeralKeyPair":{"pubKey":"BSdBZEcAugmlmtABVczyEPPyV+yphFmnOKJRr/UkwjhS","privKey":"CN9qDeLwbXnI/VoKwNilcHHqTNp6j5Qaz46OAOYdvWc="},"lastRemoteEphemeralKey":"BfiCBLx6gC0TZCh3FuVySjpHp5q8NA8iVGWyUSNBefdr","previousCounter":0,"rootKey":"NRO1SwQqaQrg/mcpKUJtdlj3JAcBOzg6BS5O8a8aNhM="},"indexInfo":{"baseKey":"BQEqN6r5el/ZnFijKejp2XRX7+j9xbJa2l0NahG8ubpe","baseKeyType":1,"closed":-1,"used":1748739258161,"created":1748739258161,"remoteIdentityKey":"BSClsgC4EzSxZQmrM2vb1Cv537XCUs+CQU5wFsabekEL"},"_chains":{"BSdBZEcAugmlmtABVczyEPPyV+yphFmnOKJRr/UkwjhS":{"chainKey":{"counter":0,"key":"4W8yxeqY+xT729geRbPYYzOfjBorIw6qoy5Tv437yxM="},"chainType":1,"messageKeys":{}}},"pendingPreKey":{"signedKeyId":13,"baseKey":"BQEqN6r5el/ZnFijKejp2XRX7+j9xbJa2l0NahG8ubpe","preKeyId":1184962}}},"version":"v1"}