{"_sessions":{"BU9whd/5Z4efweQw8PGTg8RIoIAf4lBwNCqBpt7Anl15":{"registrationId":1056432012,"currentRatchet":{"ephemeralKeyPair":{"pubKey":"BXjk5HLV2g74j1LKUrIq0hhvjDzvLFzVvWK9fGr5CX5l","privKey":"qH4iwRf2Y7lR1ppCOm+syoeDt7RGRPumSwPyF8TytWI="},"lastRemoteEphemeralKey":"BX8BavjitR0oeCUIHYyK6Y+IEC0+dzjU3LYYKoAaDcEQ","previousCounter":0,"rootKey":"KVq6tHmaxACKwqqTqEPHc8QO7H/j+UxiVLshlVoCK94="},"indexInfo":{"baseKey":"BU9whd/5Z4efweQw8PGTg8RIoIAf4lBwNCqBpt7Anl15","baseKeyType":1,"closed":-1,"used":1748739258138,"created":1748739258138,"remoteIdentityKey":"BbZ4cDudftdxLymCuapQseUut4jyKQIJQ/gVw87Y9cEc"},"_chains":{"BXjk5HLV2g74j1LKUrIq0hhvjDzvLFzVvWK9fGr5CX5l":{"chainKey":{"counter":0,"key":"z8azB95G1nBhbuYBXFs+13rgGg33a8IE20RKxKBX06Y="},"chainType":1,"messageKeys":{}}},"pendingPreKey":{"signedKeyId":0,"baseKey":"BU9whd/5Z4efweQw8PGTg8RIoIAf4lBwNCqBpt7Anl15","preKeyId":2202727}}},"version":"v1"}