{"_sessions":{"BYSDaGEJ5hB/Im9Kwi854u7YimpvvdQbTpChOJLonUtT":{"registrationId":965808976,"currentRatchet":{"ephemeralKeyPair":{"pubKey":"BT3gg8ofoTbYXPu46ZUQPqqRc4pw3OiXwDKG89QD9FU4","privKey":"0C9A6rzHi9YWqQwkJkLeejuStpYmA9aVRrmDYbdDgGY="},"lastRemoteEphemeralKey":"BRBS0IOliJ1EtKuczP6YtvBG/DtCi4Dca/vsiD/YXj87","previousCounter":0,"rootKey":"rdFwGQxQpucURL/P21psRaeeLSh+mWg3jssYgeobFFs="},"indexInfo":{"baseKey":"BYSDaGEJ5hB/Im9Kwi854u7YimpvvdQbTpChOJLonUtT","baseKeyType":1,"closed":-1,"used":1748739260257,"created":1748739260257,"remoteIdentityKey":"BUPNNjxcQO5TFqth+N1+RoqxoHC/kuFzE3w3vcLjiPVT"},"_chains":{"BT3gg8ofoTbYXPu46ZUQPqqRc4pw3OiXwDKG89QD9FU4":{"chainKey":{"counter":0,"key":"ub/gqikjLzwkq6IhVlXa9mVzAPtOBq0qldLAK9F08C0="},"chainType":1,"messageKeys":{}}},"pendingPreKey":{"signedKeyId":10,"baseKey":"BYSDaGEJ5hB/Im9Kwi854u7YimpvvdQbTpChOJLonUtT","preKeyId":2574304}}},"version":"v1"}