{"_sessions":{"BZ9le0nR1HEDEWCu24EiPXvz3hArzabOID/NVhDIp5lR":{"registrationId":1709818489,"currentRatchet":{"ephemeralKeyPair":{"pubKey":"BVy1hps6WySnhXbbmI29D9vEukkMK2HFspKvlC6jH2Bg","privKey":"aH8yqBhBZ5jX+lIuGh17QuA7qtD2ZYOxwmSWV6BtAUo="},"lastRemoteEphemeralKey":"Bbssh46Ne+PaZP1q/Xp5JKpNNF/zTlmTM114D64wOxUy","previousCounter":0,"rootKey":"Mv9YNBTKgcXixwNK8XPiow1mTWRxBfHY7HoKGZXSZbw="},"indexInfo":{"baseKey":"BZ9le0nR1HEDEWCu24EiPXvz3hArzabOID/NVhDIp5lR","baseKeyType":1,"closed":-1,"used":1748739256246,"created":1748739256246,"remoteIdentityKey":"BTGpGqisCCX99Y6GDMpwK4hhTJ2MYR9MGT+IeBZK6Zhm"},"_chains":{"BVy1hps6WySnhXbbmI29D9vEukkMK2HFspKvlC6jH2Bg":{"chainKey":{"counter":0,"key":"PQUtsheDHCl1iCJ5JyKnkwE079B1GFemZKOIqm0uLkU="},"chainType":1,"messageKeys":{}}},"pendingPreKey":{"signedKeyId":12,"baseKey":"BZ9le0nR1HEDEWCu24EiPXvz3hArzabOID/NVhDIp5lR","preKeyId":13883797}}},"version":"v1"}