{"_sessions":{"BbbpmASkBAHsra1pgoLecglk3ZycIPrH+oPWsiWoResd":{"registrationId":644374216,"currentRatchet":{"ephemeralKeyPair":{"pubKey":"BXrHxHjago19IFoOHm/aZaS5HdE9ekpUwtfWIjzFveQ+","privKey":"YJJQTPZ/IM5OHrRUKSwJm3lIrGdJut67EMsu8FAROng="},"lastRemoteEphemeralKey":"BT1apjWQy5xGh+XlCzXUhBzAVIwa9v+IiXq1Y2CW6jVT","previousCounter":0,"rootKey":"XS+X1q7xr6n+zOgPFe0zqhbU2ww8Ty+4OehFfu7eI8w="},"indexInfo":{"baseKey":"BbbpmASkBAHsra1pgoLecglk3ZycIPrH+oPWsiWoResd","baseKeyType":1,"closed":-1,"used":1748739260123,"created":1748739260123,"remoteIdentityKey":"BWgGvgdh986/JOjFm+WZvqj4qopL1TdxDwDMCJmq+nN0"},"_chains":{"BXrHxHjago19IFoOHm/aZaS5HdE9ekpUwtfWIjzFveQ+":{"chainKey":{"counter":0,"key":"1evdvxlQixywi+aH3E0blrHwhsji68fvfxZ98skHDbA="},"chainType":1,"messageKeys":{}}},"pendingPreKey":{"signedKeyId":3,"baseKey":"BbbpmASkBAHsra1pgoLecglk3ZycIPrH+oPWsiWoResd","preKeyId":10320889}}},"version":"v1"}