{"_sessions":{"BQttIiv1arJ6blJBJbdjbBUg20df2Y6vY3GfcsO/vewq":{"registrationId":1960655060,"currentRatchet":{"ephemeralKeyPair":{"pubKey":"BZPIIeEvzRPO5fmATfUoindDOty9V6OsLxMrlIXoLA8U","privKey":"UFCpSlTc0wCVWCJME+At1F5BePKPtIT0hZ2kHDaLjEs="},"lastRemoteEphemeralKey":"BY315Bybc5SQekQd0gG7ZfpR+Crtd7fSQRjer9EiGHIg","previousCounter":0,"rootKey":"wedLVSlVwsRNq/8oe2TOEd3FAaMJ8Jsh+Ils51ZTTgA="},"indexInfo":{"baseKey":"BQttIiv1arJ6blJBJbdjbBUg20df2Y6vY3GfcsO/vewq","baseKeyType":1,"closed":-1,"used":1748739260193,"created":1748739260193,"remoteIdentityKey":"Ba1F/y9HiczHI1d8Ve+VicSb0MNxR1UXPSf7RTh2mYcp"},"_chains":{"BZPIIeEvzRPO5fmATfUoindDOty9V6OsLxMrlIXoLA8U":{"chainKey":{"counter":0,"key":"01pCCuAO4+KKz+S+ft3HzjD/+pM/nwZUs8ZF/ZyVJ3U="},"chainType":1,"messageKeys":{}}},"pendingPreKey":{"signedKeyId":12502962,"baseKey":"BQttIiv1arJ6blJBJbdjbBUg20df2Y6vY3GfcsO/vewq","preKeyId":6525}}},"version":"v1"}