{"_sessions":{"BVcWeSLdFXZAE91k38fHEvnQZIcdtp6twbf7eElYccFI":{"registrationId":542445072,"currentRatchet":{"ephemeralKeyPair":{"pubKey":"BUgZaDSj4Wk8s+1Sn5gjAzyE99BPH/NyX57UQltpgPl7","privKey":"MCIEiFcrRRwflt50BEOT0iq1YDMyzgvZvO+XamPC20M="},"lastRemoteEphemeralKey":"BT0n69KcrXDjDM3qLcag0+3Czh2X9O919vfk+UhMU78z","previousCounter":0,"rootKey":"XdH95o1sQkQEk8+OERNX5iTrssBS8xAcG+ic5RtGu4A="},"indexInfo":{"baseKey":"BVcWeSLdFXZAE91k38fHEvnQZIcdtp6twbf7eElYccFI","baseKeyType":1,"closed":-1,"used":1748739260222,"created":1748739260222,"remoteIdentityKey":"BbSiTF0WJ5hm2Uyc4Cro91uTpMAvSypWX++9DW6EfVUS"},"_chains":{"BUgZaDSj4Wk8s+1Sn5gjAzyE99BPH/NyX57UQltpgPl7":{"chainKey":{"counter":0,"key":"P5xWU0HtiyHEaHArrh5emJmd/uH6MQafUA6f+SzmYlw="},"chainType":1,"messageKeys":{}}},"pendingPreKey":{"signedKeyId":0,"baseKey":"BVcWeSLdFXZAE91k38fHEvnQZIcdtp6twbf7eElYccFI","preKeyId":1612707}}},"version":"v1"}