{"_sessions":{"BaOxw1O2CdWOmMe+o/62043XM4XyCcKDL+VyOA2OLpxz":{"registrationId":1360116719,"currentRatchet":{"ephemeralKeyPair":{"pubKey":"BRIqv+uKuPZwHbHQlnbLWeXpBc8wDwdmaMgsVML22cVp","privKey":"uISLfdI/mM7RSuJV52y/cTDW+aSmCFStFsC5dWgeXVo="},"lastRemoteEphemeralKey":"BVx4lAt45M+s3aZlRxaVADhc7Ny273w8B/I37AxatKUl","previousCounter":0,"rootKey":"z2rAm3REH5HhgoyUse5V7zBStofAPjjeT34YE4qgcnQ="},"indexInfo":{"baseKey":"BaOxw1O2CdWOmMe+o/62043XM4XyCcKDL+VyOA2OLpxz","baseKeyType":1,"closed":-1,"used":1748739258244,"created":1748739258244,"remoteIdentityKey":"BQYqTOl3GhmvFEA1/QhUC9UaWAlTB+rZrvNVvAHtRCQv"},"_chains":{"BRIqv+uKuPZwHbHQlnbLWeXpBc8wDwdmaMgsVML22cVp":{"chainKey":{"counter":0,"key":"vzaEsFpkU7/yq2HokBQI5pIKZWg+DoiH/2t+eoW19RY="},"chainType":1,"messageKeys":{}}},"pendingPreKey":{"signedKeyId":34,"baseKey":"BaOxw1O2CdWOmMe+o/62043XM4XyCcKDL+VyOA2OLpxz","preKeyId":8109867}}},"version":"v1"}