{"_sessions":{"BWXfTjrHxzv6NX/xSBUtwYxFyRqcMGQu1+uAV5Yk/GlG":{"registrationId":1150738693,"currentRatchet":{"ephemeralKeyPair":{"pubKey":"Bd1TRUfCSocBuzSSCg4gSxQbUxfgt3BGPzcTaa0NjPxB","privKey":"cLtm28PoRadlKsuKhronuKDhAvrfoqIFiSLivKYLhlU="},"lastRemoteEphemeralKey":"BchpAP0cS4T+Z3wKCczn1ZZngJfmoThuOhlMtAFi2ho3","previousCounter":0,"rootKey":"W0FsDiJHxSMZZPd3sGaQr1DHj8sNjKyZaBdq0IaENQA="},"indexInfo":{"baseKey":"BWXfTjrHxzv6NX/xSBUtwYxFyRqcMGQu1+uAV5Yk/GlG","baseKeyType":1,"closed":-1,"used":1748739260135,"created":1748739260135,"remoteIdentityKey":"BQLqr3EAQojaCU8fCDxKIfE/YHUN48auEtMORc53TCgJ"},"_chains":{"Bd1TRUfCSocBuzSSCg4gSxQbUxfgt3BGPzcTaa0NjPxB":{"chainKey":{"counter":0,"key":"JQtPcguMyD1vOTUZEYbHta2JrTfQg0p/YDGFcG8+CoI="},"chainType":1,"messageKeys":{}}},"pendingPreKey":{"signedKeyId":26,"baseKey":"BWXfTjrHxzv6NX/xSBUtwYxFyRqcMGQu1+uAV5Yk/GlG","preKeyId":3897029}}},"version":"v1"}