{"_sessions":{"BePZDAPFHsNgysML2+pr3vsta8iuST8Fc/tqAmr6+sYN":{"registrationId":202540957,"currentRatchet":{"ephemeralKeyPair":{"pubKey":"BWHSCT7vAlYH8ysxkwojhLMvUumN1fuYcSG7ZG9nIdF6","privKey":"iNQYvInLCezTJDXtoDKJUZesTrxrT9jb3qbhm1MAs2w="},"lastRemoteEphemeralKey":"BSDxqursft55bOfvJurlpj/wPhWWqPCIHG34hnBnTjcB","previousCounter":0,"rootKey":"aguvshpzmV2An0AfEt8zFWI/IsdiR0WOE6/0Q9w7JEY="},"indexInfo":{"baseKey":"BePZDAPFHsNgysML2+pr3vsta8iuST8Fc/tqAmr6+sYN","baseKeyType":1,"closed":-1,"used":1748739258272,"created":1748739258272,"remoteIdentityKey":"BWcNtKDSRHn1BQmvAeb4SxJ+NrIAKWhV9mV+w0v2sjob"},"_chains":{"BWHSCT7vAlYH8ysxkwojhLMvUumN1fuYcSG7ZG9nIdF6":{"chainKey":{"counter":0,"key":"0e/Uv5zUy1JUchBHlGL4W64TxajY5PkusyOwG6ofZt4="},"chainType":1,"messageKeys":{}}},"pendingPreKey":{"signedKeyId":15467061,"baseKey":"BePZDAPFHsNgysML2+pr3vsta8iuST8Fc/tqAmr6+sYN","preKeyId":1389}}},"version":"v1"}