{"_sessions":{"BfiHfhXhICFrMywa8i09e6uXwOp0tg5/28ch0pQpHoJG":{"registrationId":1626466208,"currentRatchet":{"ephemeralKeyPair":{"pubKey":"BXmfuWEbqcXFlZHokwVmupTHr06B+tO7sjlR01CoYKRp","privKey":"CEeUXl5CczMZHH5LMFIK6rBvyuT5eHMFtqkV1VCdGX8="},"lastRemoteEphemeralKey":"BfLrG9IYpM3zzMZE7zu0M9OXEsynFfgYZTaGp75quclA","previousCounter":0,"rootKey":"ibj7tLEJh2kkf7Bf3yo6BY77UTCJaRalMzN5vclyPf4="},"indexInfo":{"baseKey":"BfiHfhXhICFrMywa8i09e6uXwOp0tg5/28ch0pQpHoJG","baseKeyType":1,"closed":-1,"used":1748739258040,"created":1748739258040,"remoteIdentityKey":"BW8IIUizL2GUZjRktssoF+GNOUK8ZI7vKUXVtXjB8akr"},"_chains":{"BXmfuWEbqcXFlZHokwVmupTHr06B+tO7sjlR01CoYKRp":{"chainKey":{"counter":0,"key":"m0VhrraWeOxjVlgOSQFOKEZdSNaazrkzU6hRAMrWMC0="},"chainType":1,"messageKeys":{}}},"pendingPreKey":{"signedKeyId":0,"baseKey":"BfiHfhXhICFrMywa8i09e6uXwOp0tg5/28ch0pQpHoJG","preKeyId":5458439}}},"version":"v1"}