{"_sessions":{"BUzQvA0FJNtHnQhEoJ1+xrMFkE8CcyueToXr3+80kHEw":{"registrationId":1698273469,"currentRatchet":{"ephemeralKeyPair":{"pubKey":"BaM8zeSj3S8p9QV5SwhA2D+LH9ZeDA/NcnP/T5SmSbwQ","privKey":"AJQKAy936/ZaIWSqtOjUQgXNd2hFrt7r0oYoiz8z/Hc="},"lastRemoteEphemeralKey":"BVlCjyrxkGz27EP8vi0iy4dmTtIQbJeB7IgINBNzpbt2","previousCounter":0,"rootKey":"VXM9A314wkLcUKMbN0IB/6EQXYoXP8R3AitxefB/bYA="},"indexInfo":{"baseKey":"BUzQvA0FJNtHnQhEoJ1+xrMFkE8CcyueToXr3+80kHEw","baseKeyType":1,"closed":-1,"used":1748739260217,"created":1748739260217,"remoteIdentityKey":"BenO4ESx5HbFkOcKb+NDvO1pLo9F6bDv5UBciwwkT3ps"},"_chains":{"BaM8zeSj3S8p9QV5SwhA2D+LH9ZeDA/NcnP/T5SmSbwQ":{"chainKey":{"counter":0,"key":"zPwd+PuDAs2g6QNgTZAayyoZ7q9fe56QVvtVHpqDcpc="},"chainType":1,"messageKeys":{}}},"pendingPreKey":{"signedKeyId":0,"baseKey":"BUzQvA0FJNtHnQhEoJ1+xrMFkE8CcyueToXr3+80kHEw","preKeyId":13032085}}},"version":"v1"}