{"_sessions":{"BcwEOfcM+6XjO3hQKjEV+7ulsG6YddHUiBAQcZxqkFF5":{"registrationId":77,"currentRatchet":{"ephemeralKeyPair":{"pubKey":"BXekRTtvzaKZazFR19PVpD9Xf0+o1pWt2V5noQg1VIBY","privKey":"yFgI9N5H2alkfRIRht+o7FB0HZz3CNojKu1T6eOLYFc="},"lastRemoteEphemeralKey":"BQwoZTHy/49fo7Yw9uTg7MXz/Ftc57tSniv7wrKW5F4f","previousCounter":0,"rootKey":"UpleucX4tin0cgCOHXpw49EU2G2EMfU6wyguAhErydM="},"indexInfo":{"baseKey":"BcwEOfcM+6XjO3hQKjEV+7ulsG6YddHUiBAQcZxqkFF5","baseKeyType":1,"closed":-1,"used":1748739256080,"created":1748739256080,"remoteIdentityKey":"BfeMlOE6DSsZh0traoQnS3XWN1+TR8aQaQZv4n/akv5i"},"_chains":{"BXekRTtvzaKZazFR19PVpD9Xf0+o1pWt2V5noQg1VIBY":{"chainKey":{"counter":0,"key":"2dzyXycaDIBXRRs0Ee3QEQ2X7+Wg+pK19qp2tkjP7CE="},"chainType":1,"messageKeys":{}}},"pendingPreKey":{"signedKeyId":1,"baseKey":"BcwEOfcM+6XjO3hQKjEV+7ulsG6YddHUiBAQcZxqkFF5"}}},"version":"v1"}