{"_sessions":{"BUQNBdwNCI8jqwn//zNqxYk0FC5IlITjxKGRS+nhELEV":{"registrationId":246571294,"currentRatchet":{"ephemeralKeyPair":{"pubKey":"BZTqhEOft1+pnY5MrFVKg4diuBk6L4B9W6kEgrJnf/xX","privKey":"6Mb3M++9TZDOpC+rlBOsTHZ9tbEp7cWFXtxu0cCEfEE="},"lastRemoteEphemeralKey":"BbUXCG6s8lNIo9UXHBhiGdi8CnQyfX+uQ28bkkhQKUk3","previousCounter":0,"rootKey":"nSel1YB5s94mcZR6NL4EhGgJ/Qt76efwS+aW7AWkuKI="},"indexInfo":{"baseKey":"BUQNBdwNCI8jqwn//zNqxYk0FC5IlITjxKGRS+nhELEV","baseKeyType":1,"closed":-1,"used":1748739260128,"created":1748739260128,"remoteIdentityKey":"BTrihed6y/UKbnf/xWs2I28F7j/ik84v37O8HGNV/W1A"},"_chains":{"BZTqhEOft1+pnY5MrFVKg4diuBk6L4B9W6kEgrJnf/xX":{"chainKey":{"counter":0,"key":"QPhfcW0pFWfoPzBE1WXXjCVqpSVcfaoLPUwYp4K4vm8="},"chainType":1,"messageKeys":{}}},"pendingPreKey":{"signedKeyId":11,"baseKey":"BUQNBdwNCI8jqwn//zNqxYk0FC5IlITjxKGRS+nhELEV","preKeyId":7972339}}},"version":"v1"}