{"_sessions":{"BbCN5k9uqsMReCnR5g0ShLsxwTiR7b7A9+jFOkPyz3o8":{"registrationId":2147392923,"currentRatchet":{"ephemeralKeyPair":{"pubKey":"BU/bcPZ38tFRkv/eIu1Qy+h7EahSsYV1/E8RZsTWH4xQ","privKey":"yBr3FVjGL/14Sptgcy7xO/nHTQwEMmw5eITSHxdvxHw="},"lastRemoteEphemeralKey":"BUIRSG8G9tOXhtlgTtEFV/ep67kR+mN4MtGDudJDQNEN","previousCounter":0,"rootKey":"9oyDytiNKdF/mvrB9EDYxJ94VN4qtsLT08/TkXolS1o="},"indexInfo":{"baseKey":"BbCN5k9uqsMReCnR5g0ShLsxwTiR7b7A9+jFOkPyz3o8","baseKeyType":1,"closed":-1,"used":1748739258050,"created":1748739258050,"remoteIdentityKey":"BRrhFoJ5eA7KCLKVDaanfrRopSytyoaRDnjcqW7douRd"},"_chains":{"BU/bcPZ38tFRkv/eIu1Qy+h7EahSsYV1/E8RZsTWH4xQ":{"chainKey":{"counter":0,"key":"yAbxfOfp0tdJpVsE2idFZswKtzVeye2Xib7QLu5s6xk="},"chainType":1,"messageKeys":{}}},"pendingPreKey":{"signedKeyId":11402732,"baseKey":"BbCN5k9uqsMReCnR5g0ShLsxwTiR7b7A9+jFOkPyz3o8","preKeyId":3073}}},"version":"v1"}