{"_sessions":{"Bddq4za6fHPuTiGuWceEs2vxwbq61tjl0rI6SEDCsRcP":{"registrationId":339588121,"currentRatchet":{"ephemeralKeyPair":{"pubKey":"BZmZ6UaDhuQFsCC4VXQhmJ+CXKxOGoiRLn758vRHTSVQ","privKey":"4K20++q8nPugC8WjoYRKO302YIn1Ijte70fSDDpOHVY="},"lastRemoteEphemeralKey":"BW1ht9uYezq4VQcpjafIB8jCAX/I4uM1SORWZTNE/PQ5","previousCounter":0,"rootKey":"30QJ+Bgcy0XEQPesL1q+7RoX9woE3V4om0KBASGl72A="},"indexInfo":{"baseKey":"Bddq4za6fHPuTiGuWceEs2vxwbq61tjl0rI6SEDCsRcP","baseKeyType":1,"closed":-1,"used":1748739260287,"created":1748739260287,"remoteIdentityKey":"BTEGlG4GjCJZ68AjEflRBFRiu8Ov2idZYWuha11fvF5c"},"_chains":{"BZmZ6UaDhuQFsCC4VXQhmJ+CXKxOGoiRLn758vRHTSVQ":{"chainKey":{"counter":0,"key":"1hu6VZcecNryMe723FilZZHdDTW37YhJTKWYQ2mWb3E="},"chainType":1,"messageKeys":{}}},"pendingPreKey":{"signedKeyId":1,"baseKey":"Bddq4za6fHPuTiGuWceEs2vxwbq61tjl0rI6SEDCsRcP","preKeyId":10069448}}},"version":"v1"}