{"_sessions":{"Beel+kg1jssgMef9j5Ok27Fw9ZTMhTQuJ4n3m2AFn35U":{"registrationId":1016161751,"currentRatchet":{"ephemeralKeyPair":{"pubKey":"BYUP3wxTTMG7OknBJlwfyQwgGBrSirO+c1l5xD/hNRAw","privKey":"AHemFGamvGxHH4HWhC4cOFhQ4JuG6STUB4HSAwhXnko="},"lastRemoteEphemeralKey":"BRCLloyvaS3cyycuhjaqJXOeg2GtiVW8gu68bsQQ/ydU","previousCounter":0,"rootKey":"hiNiz/OPWjkW0fgeBr1GiBguf83NYhq/zoydTtTHiRM="},"indexInfo":{"baseKey":"Beel+kg1jssgMef9j5Ok27Fw9ZTMhTQuJ4n3m2AFn35U","baseKeyType":1,"closed":-1,"used":1748753148759,"created":1748739256185,"remoteIdentityKey":"BVomRaLXF56Xpa9lTH+JMgbK1B0Hsw9+CcwWyBqapMkd"},"_chains":{"BRCLloyvaS3cyycuhjaqJXOeg2GtiVW8gu68bsQQ/ydU":{"chainKey":{"counter":1,"key":"Ns/cB4tWE9ni+jUh7mesAcfSHsXKyf/1/jmhOiGNPfk="},"chainType":2,"messageKeys":{"0":"ZQjyuXsvEOILanNQOCNQvbGaAgVwTs3vOzC+5zyK+Ow="}},"BYUP3wxTTMG7OknBJlwfyQwgGBrSirO+c1l5xD/hNRAw":{"chainKey":{"counter":-1,"key":"5+Bg6jDVzfZaT4ok9Yu0oFVPfqZ5V7trgJsn7OVOCA4="},"chainType":1,"messageKeys":{}}}}},"version":"v1"}