{"_sessions":{"BTcWuk6s1r3Jjbbov1OHkHqCcn3+WWLqncIsbvOkgOd2":{"registrationId":509821577,"currentRatchet":{"ephemeralKeyPair":{"pubKey":"BYUWy6dG10P+9wBWewYEIsdSuJNz1NwDtey9AXviSdZL","privKey":"QB5iuesTw5WjwGVChiDrfkAdLeJACgMKkkoumBslTlQ="},"lastRemoteEphemeralKey":"Bey7aYfphqPKluiEPkn4xd5zdcye/EYC9VRxOVo/EbRa","previousCounter":0,"rootKey":"Fc9xCLBh/zDrW+KhM6QuwYosLfV3jKS3NDZ9zMRXDlI="},"indexInfo":{"baseKey":"BTcWuk6s1r3Jjbbov1OHkHqCcn3+WWLqncIsbvOkgOd2","baseKeyType":1,"closed":-1,"used":1748739256194,"created":1748739256194,"remoteIdentityKey":"BasRiQVWSXOpaoTig/Ds9WcRpd1UgNC/Ace+qKq8rPk9"},"_chains":{"BYUWy6dG10P+9wBWewYEIsdSuJNz1NwDtey9AXviSdZL":{"chainKey":{"counter":0,"key":"mw6YuoqUbgUtZE6RYre7GhApaNDB36mIUWxgQ1R2X4E="},"chainType":1,"messageKeys":{}}},"pendingPreKey":{"signedKeyId":14,"baseKey":"BTcWuk6s1r3Jjbbov1OHkHqCcn3+WWLqncIsbvOkgOd2","preKeyId":10278276}}},"version":"v1"}