{"_sessions":{"BYKTv8EUHT1q/Cyqow+stLlnFn9FO/CPbYrCqnq1Zepl":{"registrationId":875108812,"currentRatchet":{"ephemeralKeyPair":{"pubKey":"Ba9+1yojoeLIbxGpEse8Sms0o8DzWGRAfDZ4nKxs3X1Z","privKey":"oFT7yLMebqkppWHv+JYkwPt0DVr66FDt/mk4KZhbs3Y="},"lastRemoteEphemeralKey":"BXPbUcQtX/d2Ub2CGzLd9sAJaDNvN6rwG3DMY6VwSXYJ","previousCounter":0,"rootKey":"LkAtv1l0RQQhIHC0p+MOJQ1xgPnzO6Gtv2PeXlJxhEU="},"indexInfo":{"baseKey":"BYKTv8EUHT1q/Cyqow+stLlnFn9FO/CPbYrCqnq1Zepl","baseKeyType":1,"closed":-1,"used":1748739258169,"created":1748739258169,"remoteIdentityKey":"BbVVLX8CrQxSjee2BfN16tRSqBJJrPEPlqibJL9/f+gY"},"_chains":{"Ba9+1yojoeLIbxGpEse8Sms0o8DzWGRAfDZ4nKxs3X1Z":{"chainKey":{"counter":0,"key":"pofsUrmz8hym7iNWY4uE9bVmOYEN6mk9TvGlswXm6ig="},"chainType":1,"messageKeys":{}}},"pendingPreKey":{"signedKeyId":4,"baseKey":"BYKTv8EUHT1q/Cyqow+stLlnFn9FO/CPbYrCqnq1Zepl","preKeyId":5099989}}},"version":"v1"}