{"_sessions":{"BXPhr3ilaTdExscZUsbTk5Wb9PWi3bxX7kciWu2dstRC":{"registrationId":1376361748,"currentRatchet":{"ephemeralKeyPair":{"pubKey":"BQATxubSgdd8lIQR/6Ba3O+V2sSjvy1xqEEYDLhN8/cz","privKey":"EKLtJcMaKFw/J3rplQvOJteuO251hH9Z6v62zD8bjHk="},"lastRemoteEphemeralKey":"BZM7dmsxaQ4q3qFvdqKlOTXp/fCHaZGUeLaxLR+bQ3Y1","previousCounter":0,"rootKey":"Mh94PZxTM8RdjglNKudXrGDbZPMlzbKRFz31nD+NWs8="},"indexInfo":{"baseKey":"BXPhr3ilaTdExscZUsbTk5Wb9PWi3bxX7kciWu2dstRC","baseKeyType":1,"closed":-1,"used":1748739258171,"created":1748739258171,"remoteIdentityKey":"BclqodNqLRz3rX9Y1Z2hzX1WQ0N9eGM4lvtE/fuhyFwI"},"_chains":{"BQATxubSgdd8lIQR/6Ba3O+V2sSjvy1xqEEYDLhN8/cz":{"chainKey":{"counter":0,"key":"qT3pfgsL5uWcN+y5clZ/UcTZ7iBb/S86Di4b9QAFc6s="},"chainType":1,"messageKeys":{}}},"pendingPreKey":{"signedKeyId":0,"baseKey":"BXPhr3ilaTdExscZUsbTk5Wb9PWi3bxX7kciWu2dstRC","preKeyId":8085747}}},"version":"v1"}