{"_sessions":{"BSFigELs0LJ2p0lB5ahfNsq4ZGCMpbKSni3+yr/b/sY1":{"registrationId":1145758135,"currentRatchet":{"ephemeralKeyPair":{"pubKey":"BVa/8wRCbhIkUw37W3xBw/n6d6Z+WKscjaSL6GgzTG0O","privKey":"cOjJ7LekIIQOnZ4T5+p6mBiPmJu1gGc+9loPUuedTVk="},"lastRemoteEphemeralKey":"BeTm+3kxmTacbshtgMO3BynIadVCKRFHo+SBx36yoeR1","previousCounter":0,"rootKey":"OVGSG7InFBHNcQbprSCbN/jBJdOdRVKJCWGizeURFU0="},"indexInfo":{"baseKey":"BSFigELs0LJ2p0lB5ahfNsq4ZGCMpbKSni3+yr/b/sY1","baseKeyType":1,"closed":-1,"used":1748739258183,"created":1748739258183,"remoteIdentityKey":"BVU9i0x7gFZTSy9hHoQbYvwCOXY3e3YrtlZwHkvV/MZv"},"_chains":{"BVa/8wRCbhIkUw37W3xBw/n6d6Z+WKscjaSL6GgzTG0O":{"chainKey":{"counter":0,"key":"+4Hv++ttCqYju1lu19XHOlxbobXfc47MXRlEP547f9k="},"chainType":1,"messageKeys":{}}},"pendingPreKey":{"signedKeyId":2,"baseKey":"BSFigELs0LJ2p0lB5ahfNsq4ZGCMpbKSni3+yr/b/sY1","preKeyId":8829413}}},"version":"v1"}