{"_sessions":{"BUP6ewYAVQBPYanmye6uIelmA/A7juPFUfPXZQyiBB8m":{"registrationId":1292506195,"currentRatchet":{"ephemeralKeyPair":{"pubKey":"BbJB3Z5dBtNcNGe5LvLzvdjlovk/6G9WiBM5QPiDoBYw","privKey":"ECbm0jDbkBRmWpCxm+PJdakEkAbuntTRx+ngnsp6iVA="},"lastRemoteEphemeralKey":"Bepto23mxpbQpqHl7IiXdFgwc2XNEtM18NSFq+tzksEz","previousCounter":0,"rootKey":"Us7/+3YPt89i/WYtG4FtKnoMjSNdoSYKi+OScG2HuXA="},"indexInfo":{"baseKey":"BUP6ewYAVQBPYanmye6uIelmA/A7juPFUfPXZQyiBB8m","baseKeyType":1,"closed":-1,"used":1748739258135,"created":1748739258135,"remoteIdentityKey":"Bc5M4CxNYVMuuyNNFl9uBh86SDMrBf4beziCWUPpp1oK"},"_chains":{"BbJB3Z5dBtNcNGe5LvLzvdjlovk/6G9WiBM5QPiDoBYw":{"chainKey":{"counter":0,"key":"HGGGdytH8rars//z/TkVRAn1xqDnEso4IWmJ8A1ihRg="},"chainType":1,"messageKeys":{}}},"pendingPreKey":{"signedKeyId":11,"baseKey":"BUP6ewYAVQBPYanmye6uIelmA/A7juPFUfPXZQyiBB8m","preKeyId":6428884}}},"version":"v1"}