{"_sessions":{"Bb1Idg1NvQL2UDJcaGcNzi7XxIcKbwovo6qFrjcQxqJ3":{"registrationId":1956123425,"currentRatchet":{"ephemeralKeyPair":{"pubKey":"BWDYY1+7Trx7yPjMOqXZTThqFDw9R0om0/E8lq1ZPYVp","privKey":"YAR3p01wwqIJDZHAE69FhjHRCliOQ8kN74ovQEyw1kA="},"lastRemoteEphemeralKey":"BdSs7aKnHbOj93ajiwR6haqWYsuOv5yUXOB6JJZHRc0f","previousCounter":0,"rootKey":"Kl50maulj+qUeWC+mEAVsku1oG4UZmtRFwfdcNvJObs="},"indexInfo":{"baseKey":"Bb1Idg1NvQL2UDJcaGcNzi7XxIcKbwovo6qFrjcQxqJ3","baseKeyType":1,"closed":-1,"used":1748739256133,"created":1748739256133,"remoteIdentityKey":"BeAMmsqnQj688SEPTP10+tuDtvm5une2Q504ne7zie4F"},"_chains":{"BWDYY1+7Trx7yPjMOqXZTThqFDw9R0om0/E8lq1ZPYVp":{"chainKey":{"counter":0,"key":"WBn5vl8eedbr+9Vv75wIlhBDoA/q/Xqq4rw/uoIOanw="},"chainType":1,"messageKeys":{}}},"pendingPreKey":{"signedKeyId":1,"baseKey":"Bb1Idg1NvQL2UDJcaGcNzi7XxIcKbwovo6qFrjcQxqJ3","preKeyId":1262}}},"version":"v1"}