{"_sessions":{"BWRXaFxlew325I5LqHuGqR0z2EQaE1zfQZCiyL0f7DMW":{"registrationId":668423950,"currentRatchet":{"ephemeralKeyPair":{"pubKey":"BWG3UXH750edWgb91i9F3hPiq6dvUcPKJA0xV66MNhkG","privKey":"CBZSd98AZQKUh9Au9fg8OBrDEinzRUgbRIiBGGHCIEg="},"lastRemoteEphemeralKey":"BVmflQ3U2PY1oVnO4uGV1AbcmKNHrHwoHmhCbilYTpAX","previousCounter":0,"rootKey":"MqieGZFE49sf70g87UrHt6uF7xRVtHfif8k83QdQORM="},"indexInfo":{"baseKey":"BWRXaFxlew325I5LqHuGqR0z2EQaE1zfQZCiyL0f7DMW","baseKeyType":1,"closed":-1,"used":1748739258190,"created":1748739258190,"remoteIdentityKey":"BdX/eiZc7vu4E0/Y5d+dJEQMwt1/rQH0W2mOKbVOjfsu"},"_chains":{"BWG3UXH750edWgb91i9F3hPiq6dvUcPKJA0xV66MNhkG":{"chainKey":{"counter":0,"key":"CZpYDZFZYV6g9acfUK/Xf+M+7C1jdNjro34jKxfYB6Y="},"chainType":1,"messageKeys":{}}},"pendingPreKey":{"signedKeyId":2,"baseKey":"BWRXaFxlew325I5LqHuGqR0z2EQaE1zfQZCiyL0f7DMW","preKeyId":11452028}}},"version":"v1"}