{"_sessions":{"BQ2An5Q3swYtEgdaPCXIipbwOu2tY2GRrJstSqgN07xq":{"registrationId":1587232145,"currentRatchet":{"ephemeralKeyPair":{"pubKey":"BUhpwrP3M3+zr8WBqxgOPdEMGiKjIzanTEhPbl81CAwr","privKey":"8KKY5sOwPtJe/R8WbUZRRfMktDDCk9s1ryd+xZSOFHI="},"lastRemoteEphemeralKey":"BbcmOK7pLJCW8wOxzNCdt9ABtp5w+4Qrk7LP4ip651d/","previousCounter":0,"rootKey":"AuWuC1eUOxrtx1tMxx9ziMnfOTBtB+4ozeKTvJ7DKHU="},"indexInfo":{"baseKey":"BQ2An5Q3swYtEgdaPCXIipbwOu2tY2GRrJstSqgN07xq","baseKeyType":1,"closed":-1,"used":1748739258152,"created":1748739258152,"remoteIdentityKey":"BXkY++XH2yHl5nYoJcgZ7ZZso5wfckK2Vfe0hpcSIR1m"},"_chains":{"BUhpwrP3M3+zr8WBqxgOPdEMGiKjIzanTEhPbl81CAwr":{"chainKey":{"counter":0,"key":"jHQsuPwDiSW08og5f5pXLX7izE7rHGSp455o/s/pt+w="},"chainType":1,"messageKeys":{}}},"pendingPreKey":{"signedKeyId":6,"baseKey":"BQ2An5Q3swYtEgdaPCXIipbwOu2tY2GRrJstSqgN07xq","preKeyId":16447821}}},"version":"v1"}