{"_sessions":{"BU+ih7laGYGJ+doockUiF7GkhZ6yCLkSRjzggBSEm9tw":{"registrationId":1794612804,"currentRatchet":{"ephemeralKeyPair":{"pubKey":"BQHV5ADJPsCVEDO9dsZGDMnrFKZXR4kn0bP+lMv2Onki","privKey":"6PBIwHBSDxHSKXn4nDW0evL4VQg6KHj3Aanpxndb+HE="},"lastRemoteEphemeralKey":"BXNtpO85OBKolXY1LeHl+zbMW7sxw0XZY5xHcrH49c0a","previousCounter":0,"rootKey":"hFqGOiQ3P++yZz13ohq5omOZZIu802ojcs3J4goa0Qo="},"indexInfo":{"baseKey":"BU+ih7laGYGJ+doockUiF7GkhZ6yCLkSRjzggBSEm9tw","baseKeyType":1,"closed":-1,"used":1748739260337,"created":1748739260337,"remoteIdentityKey":"BTnQ6IHk7w5mCGCZFLwEt2sZcm0ccMu1EcPaNe9DtNNI"},"_chains":{"BQHV5ADJPsCVEDO9dsZGDMnrFKZXR4kn0bP+lMv2Onki":{"chainKey":{"counter":0,"key":"0cMO3mte2zolp4BgNtq8x8z0EHJu52JwYwmAwS9MaNE="},"chainType":1,"messageKeys":{}}},"pendingPreKey":{"signedKeyId":6119957,"baseKey":"BU+ih7laGYGJ+doockUiF7GkhZ6yCLkSRjzggBSEm9tw","preKeyId":593}}},"version":"v1"}