{"_sessions":{"BaFKA264e+QtWC8t/4dFrpDQnUYr+XS0AMGX7TV6dI9L":{"registrationId":1837371226,"currentRatchet":{"ephemeralKeyPair":{"pubKey":"BfPabhftxMvzMgT+UryyNL3HZzmlgCmy5tuLuwkiOdVt","privKey":"sNhwl3lU3q3U1AzpdNWSFFZRZfrRI3uygt5PHEUxjG8="},"lastRemoteEphemeralKey":"BfqQ7DcM9dZiHX9j/uMsBm7rsOMPXTehu9wtVutD0s13","previousCounter":0,"rootKey":"ivbWXAP7Y+WipanLpSd2tBYZdY36DrRXXpcXVfNGEns="},"indexInfo":{"baseKey":"BaFKA264e+QtWC8t/4dFrpDQnUYr+XS0AMGX7TV6dI9L","baseKeyType":1,"closed":-1,"used":1748739256102,"created":1748739256102,"remoteIdentityKey":"BanTse7kQQk5HIbELpJ/2UAki/fOk+NenyiS2sR6fIJ6"},"_chains":{"BfPabhftxMvzMgT+UryyNL3HZzmlgCmy5tuLuwkiOdVt":{"chainKey":{"counter":0,"key":"wSYWaIWf9voNjk9gJtrK4ryB/LuqMQYdpEC3p9iwYOU="},"chainType":1,"messageKeys":{}}},"pendingPreKey":{"signedKeyId":1,"baseKey":"BaFKA264e+QtWC8t/4dFrpDQnUYr+XS0AMGX7TV6dI9L","preKeyId":1247}}},"version":"v1"}