{"_sessions":{"BWhLcoeLtf8pdgj2KMc2MxOpTxF3DdkcbbIEz56BYOg4":{"registrationId":1067993282,"currentRatchet":{"ephemeralKeyPair":{"pubKey":"Bakt//9Q9drGLInLhI7xC0mWn4RvKLQV5rnJSyAXVjh+","privKey":"WJINQQPNh/2mBXUJXksThUGaC2gaXKkHD6AMfr67t20="},"lastRemoteEphemeralKey":"BQM1w5T+lMHt2yekKc0Hm2GdetHzaYYQhQWmOUdrntEk","previousCounter":0,"rootKey":"gfQmZ02q8Ke0DfOICsANfKTdtkZB+zUHW0Ptbh90V10="},"indexInfo":{"baseKey":"BWhLcoeLtf8pdgj2KMc2MxOpTxF3DdkcbbIEz56BYOg4","baseKeyType":1,"closed":-1,"used":1748739260315,"created":1748739260315,"remoteIdentityKey":"BdKY7PgehhO95U//OdsSyV2Q69Q5MhgxUMPV5bnG8PId"},"_chains":{"Bakt//9Q9drGLInLhI7xC0mWn4RvKLQV5rnJSyAXVjh+":{"chainKey":{"counter":0,"key":"oQjmJJ5XwYLGsf8f7xwn8f5X63V9qqCkuOtTZwFHFk8="},"chainType":1,"messageKeys":{}}},"pendingPreKey":{"signedKeyId":0,"baseKey":"BWhLcoeLtf8pdgj2KMc2MxOpTxF3DdkcbbIEz56BYOg4","preKeyId":5827408}}},"version":"v1"}