{"_sessions":{"BYE5ILaUvMWf8EbAvDPX3pNSaMkfQW0pa0Yo0aHURXFK":{"registrationId":386859467,"currentRatchet":{"ephemeralKeyPair":{"pubKey":"BQ9IUfKAF0Ga6JEh/lC/CvvL7/EzZjzLqiY8jWA2HqMB","privKey":"gAM8j1zsjs+/lj2CfJKrLAqws2FhXTpIk/6cyNYCznc="},"lastRemoteEphemeralKey":"BaitRS9YDa/HlLImBwsTQghbYdBuZo+7SPZmZknJBD4m","previousCounter":0,"rootKey":"ZYLvdft5tFwVIxW098OOFTQAIzJBWD/vQPdEN+FGB60="},"indexInfo":{"baseKey":"BYE5ILaUvMWf8EbAvDPX3pNSaMkfQW0pa0Yo0aHURXFK","baseKeyType":1,"closed":-1,"used":1748739260353,"created":1748739260353,"remoteIdentityKey":"BbNJzA9YB2fzMT4ZJTuAHkH0U4aFA3xf5bI51yDkFM1C"},"_chains":{"BQ9IUfKAF0Ga6JEh/lC/CvvL7/EzZjzLqiY8jWA2HqMB":{"chainKey":{"counter":0,"key":"iGQneENSItEJvcOJO/OcSQq/56gItKt9bn4RAwXsaQk="},"chainType":1,"messageKeys":{}}},"pendingPreKey":{"signedKeyId":5,"baseKey":"BYE5ILaUvMWf8EbAvDPX3pNSaMkfQW0pa0Yo0aHURXFK","preKeyId":11187800}}},"version":"v1"}