{"_sessions":{"BcLIEG1QyL3EQZuX7qZ1HT/OlUqMAQXLC4u0sR1zIX4/":{"registrationId":1593533977,"currentRatchet":{"ephemeralKeyPair":{"pubKey":"BUVjyvOqPcuO+Kwb2GFPqk1EFotbsDOVbGLja59PTpwV","privKey":"SBj4g3ifDHKg7KS90+RszuXNM649YFP6wtMGpXVcsHM="},"lastRemoteEphemeralKey":"BUk/eBbj9zTwy8noJVIX7GlAFlwvg8Ma+SovjJSuDUAp","previousCounter":0,"rootKey":"4FBJvS0ak96wq/cGOQSKwKpjHjcGQFpbsxI1Pdus1LU="},"indexInfo":{"baseKey":"BcLIEG1QyL3EQZuX7qZ1HT/OlUqMAQXLC4u0sR1zIX4/","baseKeyType":1,"closed":-1,"used":1748739260348,"created":1748739260348,"remoteIdentityKey":"BSPzodDtPPTMF9i7j2pZFw/gFTDzjY10efrjd6nlhYVy"},"_chains":{"BUVjyvOqPcuO+Kwb2GFPqk1EFotbsDOVbGLja59PTpwV":{"chainKey":{"counter":0,"key":"MkyM4+0Sl2FFcKjOO6BluZIXPF6QZzhuzW9iNeXkEmU="},"chainType":1,"messageKeys":{}}},"pendingPreKey":{"signedKeyId":0,"baseKey":"BcLIEG1QyL3EQZuX7qZ1HT/OlUqMAQXLC4u0sR1zIX4/"}}},"version":"v1"}