{"_sessions":{"Baw9uZYSzC0JJRcc8mLNWet2TeNIiWfULfDLJLgud44W":{"registrationId":553963708,"currentRatchet":{"ephemeralKeyPair":{"pubKey":"BUFeIlJ+Hjee1WJCY01oet6z54EVBPBWmrvb7xy74CVW","privKey":"SBoKee46HDBF+ZxQtPKQFZt/wXFGuG7YoC4nKpj6VWs="},"lastRemoteEphemeralKey":"BXIn/Y7t9D9uzXZrXlGNmqw7KqEuzX8B0i4BjnpJsZZG","previousCounter":0,"rootKey":"KdH2wErPli56lfSd3KrysMFAWgxi0F4fxl6GJxPyJc4="},"indexInfo":{"baseKey":"Baw9uZYSzC0JJRcc8mLNWet2TeNIiWfULfDLJLgud44W","baseKeyType":1,"closed":-1,"used":1748739256258,"created":1748739256258,"remoteIdentityKey":"Bbrm+jbfvjFCo7lerf6ICmkXcFVF4BAVDr7yaOOw108y"},"_chains":{"BUFeIlJ+Hjee1WJCY01oet6z54EVBPBWmrvb7xy74CVW":{"chainKey":{"counter":0,"key":"yMN6vMbkeJmVpp9OaPy+euK1xLdDid3x0dufh9uOX/8="},"chainType":1,"messageKeys":{}}},"pendingPreKey":{"signedKeyId":12,"baseKey":"Baw9uZYSzC0JJRcc8mLNWet2TeNIiWfULfDLJLgud44W","preKeyId":13413403}}},"version":"v1"}