{"_sessions":{"BXJEpv84itcG+7GuAuS2+BB6quwwrZf7JhOYEjLAqcJE":{"registrationId":110,"currentRatchet":{"ephemeralKeyPair":{"pubKey":"BcX4IeNtEjmzwt//8L+IQJ+gh9XUl4c3HN4Zc8ZX8CUa","privKey":"oIAnQsDuRNIgsg685tf2InSjSHrCBM/57yvvnFL+fGI="},"lastRemoteEphemeralKey":"BaJ41LaEYXDy2F+JgSAaVm51sKXSGgTin+Zjdux9kEd4","previousCounter":0,"rootKey":"owcnGttfFI4htNGt7jYWSEezchUDeJia0XKZ6oMGIOY="},"indexInfo":{"baseKey":"BXJEpv84itcG+7GuAuS2+BB6quwwrZf7JhOYEjLAqcJE","baseKeyType":1,"closed":-1,"used":1748739256076,"created":1748739256076,"remoteIdentityKey":"BewCG2hsKl/mv14eClRvcdFjH93GEIvjhRooVOtBTKJw"},"_chains":{"BcX4IeNtEjmzwt//8L+IQJ+gh9XUl4c3HN4Zc8ZX8CUa":{"chainKey":{"counter":0,"key":"QcjkcuVrnTARNqRWgsynzFndxswgw9NPwelbVsjs/lA="},"chainType":1,"messageKeys":{}}},"pendingPreKey":{"signedKeyId":1,"baseKey":"BXJEpv84itcG+7GuAuS2+BB6quwwrZf7JhOYEjLAqcJE"}}},"version":"v1"}