{"_sessions":{"Bal5RbsB2lkXRncRCnIR48ZFqyGgRq2thC2e/0Wi/Bx7":{"registrationId":1440543634,"currentRatchet":{"ephemeralKeyPair":{"pubKey":"BcDDAFK4npo9+WYjsyJsqGGjSm6GfUZb7Bh+lsGkFd51","privKey":"CGFz6EGPrjq++XDsKwaiZ2bdLZxhy/tYziYjiAZG6Ho="},"lastRemoteEphemeralKey":"BfB8pPuw92QD/RJBbr760lDRRis9X8mhJ2oQ/dCb/381","previousCounter":0,"rootKey":"wHR65zod9IRjDC/XBYv6RmusWUEWH6ZvKz9Fnt5sTYE="},"indexInfo":{"baseKey":"Bal5RbsB2lkXRncRCnIR48ZFqyGgRq2thC2e/0Wi/Bx7","baseKeyType":1,"closed":-1,"used":1748739658945,"created":1748739258105,"remoteIdentityKey":"BTB+dREBp+VRV3My10Krc2upg2ox/y51prcU+5nQnQVy"},"_chains":{"BfB8pPuw92QD/RJBbr760lDRRis9X8mhJ2oQ/dCb/381":{"chainKey":{"counter":0,"key":"pMw9wMcNxFJdKbfTjhFRV3PHBNq+O/xK7KMhCsDPUUw="},"chainType":2,"messageKeys":{}},"BcDDAFK4npo9+WYjsyJsqGGjSm6GfUZb7Bh+lsGkFd51":{"chainKey":{"counter":-1,"key":"MiaUXC8wpfd97BPBnMwZ65Y7ZLwzfNr8kmkzXoFJ5Zc="},"chainType":1,"messageKeys":{}}}}},"version":"v1"}