{"_sessions":{"Bf4LxMk6rfZwfyxugnzxUssBmHxnn/7+Gi/x5jArde0w":{"registrationId":1287543433,"currentRatchet":{"ephemeralKeyPair":{"pubKey":"BWfdtJ7jq8K4xuyRJId00LRlN5d3pUHi3oGGzhmM/7pc","privKey":"+BGjxpae/owf7nag4NRnWF1xOnruzWvY8dj1yv00t2w="},"lastRemoteEphemeralKey":"BabfL1YWMAKdXbkYrQ0SAsw4NUvIfCjpphOTz5OvsZ59","previousCounter":0,"rootKey":"V9m8pbb6mTVHhhxvjKyM8+IsgYT5Kbu1aQ2rEHCgKZc="},"indexInfo":{"baseKey":"Bf4LxMk6rfZwfyxugnzxUssBmHxnn/7+Gi/x5jArde0w","baseKeyType":1,"closed":-1,"used":1748739256106,"created":1748739256106,"remoteIdentityKey":"BZqrPyOfChQub341jIpcE57H3leWEU9NsdXOifVGsoRU"},"_chains":{"BWfdtJ7jq8K4xuyRJId00LRlN5d3pUHi3oGGzhmM/7pc":{"chainKey":{"counter":0,"key":"fnqDZUoKSoJIQvwZjTyYz3iEkTh7frqBU2/77cYZkPM="},"chainType":1,"messageKeys":{}}},"pendingPreKey":{"signedKeyId":1,"baseKey":"Bf4LxMk6rfZwfyxugnzxUssBmHxnn/7+Gi/x5jArde0w"}}},"version":"v1"}