{"_sessions":{"BVV6DFhF9m4oo385G48YqVxhnt1RwoNEWRR5StVq+7ZS":{"registrationId":841987874,"currentRatchet":{"ephemeralKeyPair":{"pubKey":"BWdr7eaHKvChRYGIeZca903XXqr6QfKQV5Zx8YzVwh4s","privKey":"6F9exFGNJ4Avpztr/4D1KNK3yARymO2xLCnNPPzwyF8="},"lastRemoteEphemeralKey":"BQdePoZL+gzyspLSro8Mkd2MlrZrjBZ31CvtnCbjVGVu","previousCounter":0,"rootKey":"VVSHV3wKI266+vQ0QM00fXaNFnvqsnX3RZbK4K7rCCo="},"indexInfo":{"baseKey":"BVV6DFhF9m4oo385G48YqVxhnt1RwoNEWRR5StVq+7ZS","baseKeyType":1,"closed":-1,"used":1748739260304,"created":1748739260304,"remoteIdentityKey":"BVgT55t1RielTyqvuNzLC9v5lrp4/7pLgTi2GKBf8MYJ"},"_chains":{"BWdr7eaHKvChRYGIeZca903XXqr6QfKQV5Zx8YzVwh4s":{"chainKey":{"counter":0,"key":"5+yxK1rTI+6vsshkEKrVp0jq4M5b+jet12UHgOqFAcw="},"chainType":1,"messageKeys":{}}},"pendingPreKey":{"signedKeyId":3,"baseKey":"BVV6DFhF9m4oo385G48YqVxhnt1RwoNEWRR5StVq+7ZS","preKeyId":3634983}}},"version":"v1"}