{"_sessions":{"BWUDVasMRN1zpE/j6dwc6PS0EMnnNGTPXkDSNbaBhapC":{"registrationId":1259294898,"currentRatchet":{"ephemeralKeyPair":{"pubKey":"Bbm66apqg8AIp5vC6wpIogC8gcBKzCQQwPaKzlAWe4El","privKey":"oLeJyCOR7tqEAHm6ZX3lMSbn/E3b2L00eU936i100WU="},"lastRemoteEphemeralKey":"BQuBAupmi9RPXeWR464hoobZa9EVOb0l/I5uOF+BYPlG","previousCounter":0,"rootKey":"ndhA4p/GZbMldO6Iz9+7lQYwaECsiFd7mz0ZKJtUiI4="},"indexInfo":{"baseKey":"BWUDVasMRN1zpE/j6dwc6PS0EMnnNGTPXkDSNbaBhapC","baseKeyType":1,"closed":-1,"used":1748739256220,"created":1748739256220,"remoteIdentityKey":"BWNAmqF6rVLV023ljTmX0H4h5FobzbhRpCQPqY8plulM"},"_chains":{"Bbm66apqg8AIp5vC6wpIogC8gcBKzCQQwPaKzlAWe4El":{"chainKey":{"counter":0,"key":"RKff7nbnIIe1V7LAXc93IrxuLi982Hbdcns3LsL37HA="},"chainType":1,"messageKeys":{}}},"pendingPreKey":{"signedKeyId":3,"baseKey":"BWUDVasMRN1zpE/j6dwc6PS0EMnnNGTPXkDSNbaBhapC","preKeyId":8457259}}},"version":"v1"}