{"_sessions":{"Bfkr9OXtT0GjqFWeIeeeYig0Y1NeYd1r80SLIu4kx/5j":{"registrationId":1038491569,"currentRatchet":{"ephemeralKeyPair":{"pubKey":"BVRpBxgfKJH99kX98vmi8RFBF5A8DfI6o3xwllJ0yywd","privKey":"cC3EiVaFms8KQGyZKBQrfG5Aorpjdx3jYcahJkefCmg="},"lastRemoteEphemeralKey":"BdD4i/FBw2MPRkphQUOSW3iXXg3yCuol/aASy/KveZk0","previousCounter":0,"rootKey":"Gr/Tg81DR8nHoeIoA1fYlvFiZli7WGgSyqecNZfliGI="},"indexInfo":{"baseKey":"Bfkr9OXtT0GjqFWeIeeeYig0Y1NeYd1r80SLIu4kx/5j","baseKeyType":1,"closed":-1,"used":1748739256268,"created":1748739256268,"remoteIdentityKey":"BW6Xl5u5tCpuX4HmQpi7HJ2Zq/ZYb9+PkPZgftSD+FFF"},"_chains":{"BVRpBxgfKJH99kX98vmi8RFBF5A8DfI6o3xwllJ0yywd":{"chainKey":{"counter":0,"key":"lgO7RvWudT34iFCYJTjynd7cztNRvXZVcKxSIT3VpM8="},"chainType":1,"messageKeys":{}}},"pendingPreKey":{"signedKeyId":17,"baseKey":"Bfkr9OXtT0GjqFWeIeeeYig0Y1NeYd1r80SLIu4kx/5j","preKeyId":5735705}}},"version":"v1"}