{"_sessions":{"BVIgzqHNhV/DKsXsPqDfAcWYe5GSXprr/+TZHvtMungL":{"registrationId":1267467488,"currentRatchet":{"ephemeralKeyPair":{"pubKey":"BcsryK6S6qppol+PgssCCR9rjIbAkHH3JH25rQzVKIAI","privKey":"oIpqTbBvLkMYGTwS/16nSJGdMqN7mXVAi58iyvyLdU8="},"lastRemoteEphemeralKey":"BcHNnmA3PQsTrIPwwzb+tR++zGBdRkQZa/WCyqdqnkgi","previousCounter":0,"rootKey":"+nsXD/ZZBHMajZ2oc7XFQpQnTZG9oJB8oY3cGbRvIqA="},"indexInfo":{"baseKey":"BVIgzqHNhV/DKsXsPqDfAcWYe5GSXprr/+TZHvtMungL","baseKeyType":1,"closed":-1,"used":1748739256229,"created":1748739256229,"remoteIdentityKey":"BdBjvZwQhdb/OJA59/vn9GGgmBizkiClOb/ckMlQ5e4N"},"_chains":{"BcsryK6S6qppol+PgssCCR9rjIbAkHH3JH25rQzVKIAI":{"chainKey":{"counter":0,"key":"0AFCiP3qsWmCUNp+tXLdP1fGAPjfEWlUwaMZ6QAAc3U="},"chainType":1,"messageKeys":{}}},"pendingPreKey":{"signedKeyId":1,"baseKey":"BVIgzqHNhV/DKsXsPqDfAcWYe5GSXprr/+TZHvtMungL","preKeyId":2298976}}},"version":"v1"}