{"_sessions":{"BWcGAECB7mXiBeD30ofejcbYsc9PuTg2xqdhVDNcc5R0":{"registrationId":927093494,"currentRatchet":{"ephemeralKeyPair":{"pubKey":"BZzE8f3uyRxrIHG5arEHTIowcIY7L96eAsdd7osE5Ope","privKey":"sBfXhh1InRxbvvAZF/NA/N9NNpM/9bbSV7NfWxUtsko="},"lastRemoteEphemeralKey":"BYhQM90OMCSuP7D2oGqgqwmLc+DOpoZx5ptiFZ3GLEos","previousCounter":0,"rootKey":"IfqztCH3L4BmHBUbpR+MJphhJ3o26Ldx1zierLMDnpw="},"indexInfo":{"baseKey":"BWcGAECB7mXiBeD30ofejcbYsc9PuTg2xqdhVDNcc5R0","baseKeyType":1,"closed":-1,"used":1748739260253,"created":1748739260253,"remoteIdentityKey":"BSWHcBR5GOZDwhkOsztIHasOxy3eMsVsbHW5PXf8TBV5"},"_chains":{"BZzE8f3uyRxrIHG5arEHTIowcIY7L96eAsdd7osE5Ope":{"chainKey":{"counter":0,"key":"zpMBZPYsR9u9PbEX7uhRLEI4+i7QuncJL4I7zXlL5ZA="},"chainType":1,"messageKeys":{}}},"pendingPreKey":{"signedKeyId":11,"baseKey":"BWcGAECB7mXiBeD30ofejcbYsc9PuTg2xqdhVDNcc5R0","preKeyId":10004188}}},"version":"v1"}