{"_sessions":{"Bb0yzW6197tTxxi9u/x36iK8DfrQFNUVsTCqePJ2/vF8":{"registrationId":1095921790,"currentRatchet":{"ephemeralKeyPair":{"pubKey":"BbF805RPKigh2l1WOHZv4y71xKcafXDwbAltOpKlpYIa","privKey":"ENd7ZUgewJn7hoHHe7IncxIrkRfKyzdDmRYhWoXBtmQ="},"lastRemoteEphemeralKey":"BUBCHl37RbWBt3FTR4bQN/FbSSOUZDMfYbJptfX11bR7","previousCounter":0,"rootKey":"p7PJSzLzjV+/bQvh734xBYxOYGlTwCZ8J61OlrLn7mg="},"indexInfo":{"baseKey":"Bb0yzW6197tTxxi9u/x36iK8DfrQFNUVsTCqePJ2/vF8","baseKeyType":1,"closed":-1,"used":1748739260189,"created":1748739260189,"remoteIdentityKey":"BQBwE4DEZ+V7upqoG7OzmoNx0CREunBZoBo3/8GsaioH"},"_chains":{"BbF805RPKigh2l1WOHZv4y71xKcafXDwbAltOpKlpYIa":{"chainKey":{"counter":0,"key":"nHvRYKRWOkPovdykhZHMoWgytmzfCZdxhvA0PmC2ZgQ="},"chainType":1,"messageKeys":{}}},"pendingPreKey":{"signedKeyId":2,"baseKey":"Bb0yzW6197tTxxi9u/x36iK8DfrQFNUVsTCqePJ2/vF8","preKeyId":8489146}}},"version":"v1"}