{"_sessions":{"BbQKuQG005pKIO2iTGznBumdQxxLvzIjLPPh8Jt6371L":{"registrationId":1520797391,"currentRatchet":{"ephemeralKeyPair":{"pubKey":"BeJ1bk8QC9uPby2qcszx9xFjAc0sYQ1UZkKMGopXe+h4","privKey":"OD0Y90xsI8ywjuxhTEEcC33QWeKfAms9RH9BfQ73cGc="},"lastRemoteEphemeralKey":"BVT/3RrWXOJ4bbUPEPRMmsgKvMztH/2t3rwuovccEJAn","previousCounter":0,"rootKey":"ihHm88umQtQwWufNtGq59Gyb64gCBQRDKunH5DoSP8g="},"indexInfo":{"baseKey":"BbQKuQG005pKIO2iTGznBumdQxxLvzIjLPPh8Jt6371L","baseKeyType":1,"closed":-1,"used":1748739258089,"created":1748739258089,"remoteIdentityKey":"BYwiq7vslpeYsWYj4lRD5QFU+AKeW3Oo3mcuIZw1OHRF"},"_chains":{"BeJ1bk8QC9uPby2qcszx9xFjAc0sYQ1UZkKMGopXe+h4":{"chainKey":{"counter":0,"key":"tGaqnw7i3Cw85yyUiGS5cqb/VerNBIj8+lbsPsvfH/I="},"chainType":1,"messageKeys":{}}},"pendingPreKey":{"signedKeyId":6,"baseKey":"BbQKuQG005pKIO2iTGznBumdQxxLvzIjLPPh8Jt6371L","preKeyId":6100294}}},"version":"v1"}