{"_sessions":{"Ba8P/SRd0Rk0mzxHNElCIC4KbdBgKB04yJWkFHMl47Bf":{"registrationId":1723751201,"currentRatchet":{"ephemeralKeyPair":{"pubKey":"Ba0aaxxDuFwG4dpj2HJ2lQdmPiLbwwwjkEcBfFMB/ot9","privKey":"CKt0T/ygyuREOVYucLxCWlNlfgALqrPHXLG+7H3UgnU="},"lastRemoteEphemeralKey":"BcIwptUZ9YOESv7yATBNf8y7J496oYS72c4chbEuxJUW","previousCounter":0,"rootKey":"x+4OPuAQjcHMrG4uLuhh21uBIVa4nWx9rfy2fPbHbqg="},"indexInfo":{"baseKey":"Ba8P/SRd0Rk0mzxHNElCIC4KbdBgKB04yJWkFHMl47Bf","baseKeyType":1,"closed":-1,"used":1748739260271,"created":1748739260271,"remoteIdentityKey":"Bcmb8WiILNlv7wqPeS55xhzR2jb2CdwBXhrUH9vu8XR6"},"_chains":{"Ba0aaxxDuFwG4dpj2HJ2lQdmPiLbwwwjkEcBfFMB/ot9":{"chainKey":{"counter":0,"key":"IrKak48E2gDBSkIAx1Mf4Nc8ONvoOm0xgZ7HXChneoY="},"chainType":1,"messageKeys":{}}},"pendingPreKey":{"signedKeyId":17,"baseKey":"Ba8P/SRd0Rk0mzxHNElCIC4KbdBgKB04yJWkFHMl47Bf","preKeyId":14570447}}},"version":"v1"}