{"_sessions":{"BU9091GKzVlf3LvRLJWC4/GqOJO6j2CxBxJV6jIukhdP":{"registrationId":894296159,"currentRatchet":{"ephemeralKeyPair":{"pubKey":"BdJvITdIgl3OHklzFPH9iYkBDE2r758il1u0BhCDBxp8","privKey":"kAFMXM+MXupnZ4Qx2Jl/EGjrzi3M4tGGq2KNAfI3F0Y="},"lastRemoteEphemeralKey":"BQIwTXfmxUGFO/n8o1c5V7EMi8FAa/RgUVYA5Ay/PgA1","previousCounter":0,"rootKey":"vziN5MNBdUf8r56hGYYgQqwV6OilRGUe19eiX9heFIg="},"indexInfo":{"baseKey":"BU9091GKzVlf3LvRLJWC4/GqOJO6j2CxBxJV6jIukhdP","baseKeyType":2,"closed":-1,"used":1748738760162,"created":1748738760162,"remoteIdentityKey":"BTwuMuCFNwk1H7MTNdptVqjcER7vSyeem/lUVHRrQeMz"},"_chains":{"BQIwTXfmxUGFO/n8o1c5V7EMi8FAa/RgUVYA5Ay/PgA1":{"chainKey":{"counter":3,"key":"a7eujMAhpFgWd14DwHjHyX1RmKUYNqP6QOtPgHRL7Kg="},"chainType":2,"messageKeys":{}},"BdJvITdIgl3OHklzFPH9iYkBDE2r758il1u0BhCDBxp8":{"chainKey":{"counter":-1,"key":"8TKxo4bsTqL/13eXjqK1j74EpS3f5pKtVa/NBuyECxY="},"chainType":1,"messageKeys":{}}}}},"version":"v1"}