{"_sessions":{"Bd+HJ5PIzl6hNwqy5dUNGQSdfallKU3g0RVLXNV5nSdd":{"registrationId":487300835,"currentRatchet":{"ephemeralKeyPair":{"pubKey":"BWJyCMrXGqnA3oGsHZrz5tYiJNbpLUcuij3xT0dYG+cY","privKey":"uAi22FJm9uuefIqecuV+13M2q6fsDwigBf9e6J5JWEY="},"lastRemoteEphemeralKey":"BVrAs6LY6bHQlQhG1mWSxxi1+AzS5ciy9FpaIukOCxVx","previousCounter":0,"rootKey":"6+wJv0F7m9A4IL3CTLNkCQU+5tYYPHzqby0yeEXc1RU="},"indexInfo":{"baseKey":"Bd+HJ5PIzl6hNwqy5dUNGQSdfallKU3g0RVLXNV5nSdd","baseKeyType":1,"closed":-1,"used":1748739260306,"created":1748739260306,"remoteIdentityKey":"BcVVNOPaysPJSNG1k/+qfLBdcFdzaC3lrevuc3OMET1p"},"_chains":{"BWJyCMrXGqnA3oGsHZrz5tYiJNbpLUcuij3xT0dYG+cY":{"chainKey":{"counter":0,"key":"G4aBOSzKxXSwdAkgFADec/0fRTWb/+/D5cfxAa2GaYk="},"chainType":1,"messageKeys":{}}},"pendingPreKey":{"signedKeyId":2,"baseKey":"Bd+HJ5PIzl6hNwqy5dUNGQSdfallKU3g0RVLXNV5nSdd","preKeyId":6371904}}},"version":"v1"}