{"_sessions":{"BQC4Ln/Nv7unWSbwSgXc2ndKT+BLmsj1SGiFC99ruHpM":{"registrationId":509138688,"currentRatchet":{"ephemeralKeyPair":{"pubKey":"BaMccSlVVQu+COfHjMTlh4o4B2LjVXtrxJ7k8V3OJ8UW","privKey":"qI73mdLZDn7HgQJTaZj72A9owLjhPS+y8bwXYmLyaFw="},"lastRemoteEphemeralKey":"Be2qIQ6UPlM5AsivFsKlsukZ1SNANm5gev3X2x7hMzcX","previousCounter":0,"rootKey":"/YeBxGdG6SzZE1oobXJ7l9h5+2v20tRipALR8qPHPVs="},"indexInfo":{"baseKey":"BQC4Ln/Nv7unWSbwSgXc2ndKT+BLmsj1SGiFC99ruHpM","baseKeyType":1,"closed":-1,"used":1748739258043,"created":1748739258043,"remoteIdentityKey":"BWxgLenaRqkyGdocbXJb591HhNufzGKavRjQEzU2SR8+"},"_chains":{"BaMccSlVVQu+COfHjMTlh4o4B2LjVXtrxJ7k8V3OJ8UW":{"chainKey":{"counter":0,"key":"cogu4jRc4v+n2ZfkFa5GBT2jQAmFa157yxzDTbqu3/k="},"chainType":1,"messageKeys":{}}},"pendingPreKey":{"signedKeyId":6,"baseKey":"BQC4Ln/Nv7unWSbwSgXc2ndKT+BLmsj1SGiFC99ruHpM","preKeyId":4360185}}},"version":"v1"}