{"_sessions":{"BX3A2Wq26q/TpBsi4oy0oWYl7w+xh/lxZYsF/GqZTzYZ":{"registrationId":1150100192,"currentRatchet":{"ephemeralKeyPair":{"pubKey":"BagxNc41968Z3vA+UCJiBilfqS7szPNCDtJQzrXE9mYz","privKey":"WK+6sbjcQUi94UCHBlQTIUbDqL9QjA5oG2MZEMWF50E="},"lastRemoteEphemeralKey":"BXg1QlNVvaMVuMaE9ZGGHRyn+NvEf6OHTOFnDky0P+ob","previousCounter":0,"rootKey":"/lpRJcfyyLZiilietYNusdLSMTOY8lUFX9/GxwO5iJY="},"indexInfo":{"baseKey":"BX3A2Wq26q/TpBsi4oy0oWYl7w+xh/lxZYsF/GqZTzYZ","baseKeyType":1,"closed":-1,"used":1748739457818,"created":1748739260339,"remoteIdentityKey":"Ba+FffvnkXoLtBsFNtV2BtgQqOoJnFg4wrm8FGM4BWUa"},"_chains":{"BXg1QlNVvaMVuMaE9ZGGHRyn+NvEf6OHTOFnDky0P+ob":{"chainKey":{"counter":1,"key":"58L7WRPn5NRbHry04Aw/BbmCGf1j9al2GvwUFkCWQto="},"chainType":2,"messageKeys":{}},"BagxNc41968Z3vA+UCJiBilfqS7szPNCDtJQzrXE9mYz":{"chainKey":{"counter":-1,"key":"Va47cg+Ja25FSHDcOCTY8FeRgeskNsU2PZbIfUA4nkQ="},"chainType":1,"messageKeys":{}}}}},"version":"v1"}