{"_sessions":{"BRFEzKVZq+Gdtu1/zhsiDOFVek0oIjhcuXd38DMnBlpx":{"registrationId":1230668041,"currentRatchet":{"ephemeralKeyPair":{"pubKey":"BRBy6M44HxdyD/vg7u+VSHKC24Mw/00vCGKzEuKk5qZW","privKey":"iGFqK7HALAgm8gZEAkMDvSRef1K4UG3tByJflCluEnA="},"lastRemoteEphemeralKey":"BV1+OVtkzvnYDeD15UhlKc/jfwZgSrXuPo1o3fn58cBu","previousCounter":0,"rootKey":"jpQUq/XdTTG/1Al02R56bCHM2AupG1vo3kIlwiRdG0c="},"indexInfo":{"baseKey":"BRFEzKVZq+Gdtu1/zhsiDOFVek0oIjhcuXd38DMnBlpx","baseKeyType":1,"closed":-1,"used":1748739260186,"created":1748739260186,"remoteIdentityKey":"BW7mqdvDN2c1iUhsWN8JXqSvdoeHDtjibcPlSue/28Yk"},"_chains":{"BRBy6M44HxdyD/vg7u+VSHKC24Mw/00vCGKzEuKk5qZW":{"chainKey":{"counter":0,"key":"mHfuoJRRfyNNALnXGPkEe+srPfiTR4jKj+X83rMuh7E="},"chainType":1,"messageKeys":{}}},"pendingPreKey":{"signedKeyId":5,"baseKey":"BRFEzKVZq+Gdtu1/zhsiDOFVek0oIjhcuXd38DMnBlpx","preKeyId":15221460}}},"version":"v1"}