{"_sessions":{"BSU+nT68rCIa13VppNUUVEJC2sU2vr1UiTCI5zbwcI4a":{"registrationId":2130919469,"currentRatchet":{"ephemeralKeyPair":{"pubKey":"BQ5KU7jDq27AiFMOYZFhAuwopHKvSa/3XOiLpkn1B+sW","privKey":"8Pi164HwjGxSEQx2pA8929dAhzB22KsQu79tIE9VQFo="},"lastRemoteEphemeralKey":"BZpiZ4uegB5eB49SwnGiaNUzc9dCBXPpSpXHVk34sDEB","previousCounter":0,"rootKey":"hMBYSZ5YyBzjQEMPptbG7MeoU6pINAIJ1aNhGsmKzWk="},"indexInfo":{"baseKey":"BSU+nT68rCIa13VppNUUVEJC2sU2vr1UiTCI5zbwcI4a","baseKeyType":1,"closed":-1,"used":1748739256232,"created":1748739256232,"remoteIdentityKey":"BeoJ3SRLnXPhHdwUVUdwoxeag7BeHzXiYoHajA5qUX8R"},"_chains":{"BQ5KU7jDq27AiFMOYZFhAuwopHKvSa/3XOiLpkn1B+sW":{"chainKey":{"counter":0,"key":"Rpj4zRrTVtWeRbU4mjaa1G8TYj+tPT8FpJw/1Pb9GPU="},"chainType":1,"messageKeys":{}}},"pendingPreKey":{"signedKeyId":15581645,"baseKey":"BSU+nT68rCIa13VppNUUVEJC2sU2vr1UiTCI5zbwcI4a","preKeyId":6741}}},"version":"v1"}