{"_sessions":{"BUpHtbqQjw/0/xrIdsNHsVAJuu6kskGOsLLsdKTjcat4":{"registrationId":117,"currentRatchet":{"ephemeralKeyPair":{"pubKey":"BQJBCRQ9oBEOMUuGIMnTy2GAeNVbF4FtxMBP4hQm5oBV","privKey":"mBrvnU8jUkID3a31bAh7agfPra51Z1TwayzmryCMvWM="},"lastRemoteEphemeralKey":"BQ+FKH7YXpfY/Kd9W90FvsvtFu+O7+AH2LTR478SGg4S","previousCounter":0,"rootKey":"pkcZ2+L/tRLpryDNRwVEXIthqjuC9shNiiP9n0r2bXc="},"indexInfo":{"baseKey":"BUpHtbqQjw/0/xrIdsNHsVAJuu6kskGOsLLsdKTjcat4","baseKeyType":1,"closed":-1,"used":1748739256153,"created":1748739256153,"remoteIdentityKey":"Bf79p6UsU6V/jAvFvXyMh/A58YALzJvt8GVG20NIz0Fd"},"_chains":{"BQJBCRQ9oBEOMUuGIMnTy2GAeNVbF4FtxMBP4hQm5oBV":{"chainKey":{"counter":0,"key":"s5K6yvo32caDfPCSoPbNNSyGPwrA1IkkBWm83wzhazg="},"chainType":1,"messageKeys":{}}},"pendingPreKey":{"signedKeyId":1,"baseKey":"BUpHtbqQjw/0/xrIdsNHsVAJuu6kskGOsLLsdKTjcat4"}}},"version":"v1"}