{"_sessions":{"Beyp7ciuzBcSJjBjSeC0F4SU6ZvjVvx8LnVLbrOdEqdH":{"registrationId":1866036619,"currentRatchet":{"ephemeralKeyPair":{"pubKey":"Bani2OY6rvL0sIYpRj6FfFbc/fbvr7l42eDH+8HcprQw","privKey":"qGhBM7nDL/cr+L/yfEZKPe+PsH0SpZUONFGkkJXIe1U="},"lastRemoteEphemeralKey":"BRMiTN7x9A+KNlC8O3fIWtCeA5dWRfwNkSRjykm9W6l5","previousCounter":0,"rootKey":"Cqz7WGL87UoWaknYcLiZTDOpSbv4qEV5iFPcUuxpdvU="},"indexInfo":{"baseKey":"Beyp7ciuzBcSJjBjSeC0F4SU6ZvjVvx8LnVLbrOdEqdH","baseKeyType":1,"closed":-1,"used":1748739258122,"created":1748739258122,"remoteIdentityKey":"BZnXj7GuG7q93JkrQ4obdtYhOm1MMIcNnu8aJ3QqCooo"},"_chains":{"Bani2OY6rvL0sIYpRj6FfFbc/fbvr7l42eDH+8HcprQw":{"chainKey":{"counter":0,"key":"HQeVawUxilFpXaD+mjgsDSI3z1K4qYfzPxybTFqZN2c="},"chainType":1,"messageKeys":{}}},"pendingPreKey":{"signedKeyId":20,"baseKey":"Beyp7ciuzBcSJjBjSeC0F4SU6ZvjVvx8LnVLbrOdEqdH","preKeyId":13894416}}},"version":"v1"}