{"_sessions":{"Bez7V+mR5TPtZxpQbtDYWjuq6R5XrjvG7QcL1kyF2XxK":{"registrationId":1380129923,"currentRatchet":{"ephemeralKeyPair":{"pubKey":"Ba2Pe4o103NZuJC2btzfUg6WdLq1MwAv8HNSnWyLxQtI","privKey":"SJgQ+XPtZiFuXU3jwRp0i8wAMoe73kfJcGQDlsrv6Xw="},"lastRemoteEphemeralKey":"BRGwjeCNnJM84Hwn9+Ais+xk4RSoQ/QjyGCO8d90ufQF","previousCounter":0,"rootKey":"Pa7ZCj1LSODIMfmx8CzDF2o3PzP6vgxGGBkOA4Aidhk="},"indexInfo":{"baseKey":"Bez7V+mR5TPtZxpQbtDYWjuq6R5XrjvG7QcL1kyF2XxK","baseKeyType":1,"closed":-1,"used":1748739260327,"created":1748739260327,"remoteIdentityKey":"BYvUCdcUbIB5Nb+D0d4gzBdyRRWZ7sxv7mnntL6knHgn"},"_chains":{"Ba2Pe4o103NZuJC2btzfUg6WdLq1MwAv8HNSnWyLxQtI":{"chainKey":{"counter":0,"key":"XhROIUUu7fSq7zxWRSuvpTyclRyJj6/8ilg1ifQuFwM="},"chainType":1,"messageKeys":{}}},"pendingPreKey":{"signedKeyId":12415624,"baseKey":"Bez7V+mR5TPtZxpQbtDYWjuq6R5XrjvG7QcL1kyF2XxK"}}},"version":"v1"}