{"_sessions":{"BdEAK7lJLMFUy5UDRLl58kIycXSRRgsSoRqi8RoJ8Dga":{"registrationId":970867973,"currentRatchet":{"ephemeralKeyPair":{"pubKey":"BYp2u8b5lfknm1oaWhxnTWquVcDWr173rVMbQ31j1pxg","privKey":"KACK0XesIXyCl1YjSCkkbPEs/8PD/sU1+eMq1zuXvnM="},"lastRemoteEphemeralKey":"BT7u01hb1PRyMTLoFpTnd7KYRX5LHqoD3uluokEpbM9u","previousCounter":0,"rootKey":"aAf0RBqEX7jgUsJPQrjq0NNyUcNoyirXia9FbFcoXpU="},"indexInfo":{"baseKey":"BdEAK7lJLMFUy5UDRLl58kIycXSRRgsSoRqi8RoJ8Dga","baseKeyType":1,"closed":-1,"used":1748739260294,"created":1748739260294,"remoteIdentityKey":"BQrIqAntFbdWbvrwpvTkUgpY7C0hTyPkfcuDHBYyc25L"},"_chains":{"BYp2u8b5lfknm1oaWhxnTWquVcDWr173rVMbQ31j1pxg":{"chainKey":{"counter":0,"key":"qwqDi3Ae2hINpSlKcxrATB/tTI1eS8gUP/g6ezrIOgA="},"chainType":1,"messageKeys":{}}},"pendingPreKey":{"signedKeyId":5050859,"baseKey":"BdEAK7lJLMFUy5UDRLl58kIycXSRRgsSoRqi8RoJ8Dga","preKeyId":3226}}},"version":"v1"}