{"_sessions":{"Bc3ZRf7ZFR5eu7DbvU+z0oG+sbowvTNrIv3yjs8j4bIy":{"registrationId":642357082,"currentRatchet":{"ephemeralKeyPair":{"pubKey":"BXaX533RDqEIHaTiP4jG1GPWoHgvp3cgBCbFPFg7890m","privKey":"+Ns+kGbwj/DTynRx7bqitC1ZtQzqJBc9bFYuE/xLuXY="},"lastRemoteEphemeralKey":"BQ9f2wtPsHTrnNAqMLyFl9Xmhprx6ZiEf54VcUcDv1Q5","previousCounter":0,"rootKey":"AGb7tDUQUgH9EAV3ANdVQ2AyTMplWcJbYFdvVEJyv9o="},"indexInfo":{"baseKey":"Bc3ZRf7ZFR5eu7DbvU+z0oG+sbowvTNrIv3yjs8j4bIy","baseKeyType":1,"closed":-1,"used":1748739260133,"created":1748739260133,"remoteIdentityKey":"Bde/1w69AD3f0n3po+HbwZmTA+vHrg3SCKyhBL/fog8B"},"_chains":{"BXaX533RDqEIHaTiP4jG1GPWoHgvp3cgBCbFPFg7890m":{"chainKey":{"counter":0,"key":"U4XfTQzneEdeOZ2Y3AhPFeqAd3J0MI7p9TExHhNbtx0="},"chainType":1,"messageKeys":{}}},"pendingPreKey":{"signedKeyId":14,"baseKey":"Bc3ZRf7ZFR5eu7DbvU+z0oG+sbowvTNrIv3yjs8j4bIy","preKeyId":6635436}}},"version":"v1"}