{"_sessions":{"Bee2AsJZ5UbCBwSoY38FI2ZlyCmmbj2/F+nWKiF2DtFt":{"registrationId":433571720,"currentRatchet":{"ephemeralKeyPair":{"pubKey":"BX6Xj1PE1q6GpP3oyrUp6mMPUGMDAZCSQwV5MAC/wFVs","privKey":"eMK9j4nHkPV7BkfB9VJv8asqp29q503eYnZZWHOXvGk="},"lastRemoteEphemeralKey":"BXqMthriMfQg1R5LVqb1pqKd88rXNnRLEKMxQ/Ht/dkY","previousCounter":0,"rootKey":"oXHEfAQmVH06u3lg8hjrLacGROdF+ideTOsImq8cweE="},"indexInfo":{"baseKey":"Bee2AsJZ5UbCBwSoY38FI2ZlyCmmbj2/F+nWKiF2DtFt","baseKeyType":1,"closed":-1,"used":1748739258206,"created":1748739258206,"remoteIdentityKey":"BcRBs+Jb72VkyEq85MLubwPE9uWjIWNrGlsSbTPu8GET"},"_chains":{"BX6Xj1PE1q6GpP3oyrUp6mMPUGMDAZCSQwV5MAC/wFVs":{"chainKey":{"counter":0,"key":"dJicdRRfWid1saMtnLHlItRfg/pqGxELaHn3SY3B5ys="},"chainType":1,"messageKeys":{}}},"pendingPreKey":{"signedKeyId":11779989,"baseKey":"Bee2AsJZ5UbCBwSoY38FI2ZlyCmmbj2/F+nWKiF2DtFt","preKeyId":2327}}},"version":"v1"}