{"_sessions":{"Belht4186bAPE6dOImuaKyBfEh/E4huURxCivarBprJr":{"registrationId":1216896693,"currentRatchet":{"ephemeralKeyPair":{"pubKey":"BXn2dhHIlGYvGc8z5hc9k3dQKNG0PLSaUuGfMX0BMrQ+","privKey":"AEPmRfPwUkcq/SRFqGiTt253UpS5DzOnA6gunqwyqEQ="},"lastRemoteEphemeralKey":"BSoOjoZOkjjx/QriLHgPau9XtqLsy0As6oy4rxrJLW0y","previousCounter":0,"rootKey":"QLUQxWx2ludrdjrVUbtkw11BZz5l2NyQ5VCKt4haiqI="},"indexInfo":{"baseKey":"Belht4186bAPE6dOImuaKyBfEh/E4huURxCivarBprJr","baseKeyType":1,"closed":-1,"used":1748739256169,"created":1748739256169,"remoteIdentityKey":"Ba5maExFm0RmN0Mu6mFAtsq8y1nX940kLYWlvR1bAZQG"},"_chains":{"BXn2dhHIlGYvGc8z5hc9k3dQKNG0PLSaUuGfMX0BMrQ+":{"chainKey":{"counter":0,"key":"PVPx3iZiEgLvGy1L+QbaFdDk5M9RMyEIb025iTw1zTM="},"chainType":1,"messageKeys":{}}},"pendingPreKey":{"signedKeyId":29,"baseKey":"Belht4186bAPE6dOImuaKyBfEh/E4huURxCivarBprJr","preKeyId":23435}}},"version":"v1"}