{"_sessions":{"BZTR6fp7v4ivusVnx9KIkZIJZgQqH8vGEGnUtZoXeiEN":{"registrationId":557143173,"currentRatchet":{"ephemeralKeyPair":{"pubKey":"BUyvQzutC++svthQFd78kTkZSnQavdVbieCRjieAef8O","privKey":"eFKKU5+f+diPX34+rMciGn/FWQj40r6pvAiolJFIzVM="},"lastRemoteEphemeralKey":"Becs7Gh+esNATotBu2AokyUQNpRd1ZZk4unrAXK4fplC","previousCounter":0,"rootKey":"6xylX+i/xGWT37kT3loUHq/eGtclJ6m/VYJZZ9Tt76Y="},"indexInfo":{"baseKey":"BZTR6fp7v4ivusVnx9KIkZIJZgQqH8vGEGnUtZoXeiEN","baseKeyType":1,"closed":-1,"used":1748739256166,"created":1748739256166,"remoteIdentityKey":"BYi0UR82KZC5y0/Gs2HWww0lskCYZQIZw1si8Dz/4WwL"},"_chains":{"BUyvQzutC++svthQFd78kTkZSnQavdVbieCRjieAef8O":{"chainKey":{"counter":0,"key":"RPPiotW8QGt1MmZyjU14sHwpmmGdPAbDoHX6b5CK6A4="},"chainType":1,"messageKeys":{}}},"pendingPreKey":{"signedKeyId":5055458,"baseKey":"BZTR6fp7v4ivusVnx9KIkZIJZgQqH8vGEGnUtZoXeiEN","preKeyId":7665}}},"version":"v1"}