{"_sessions":{"BbrGwZi5IPCQ8tyPYNWQyK+ObwUVu5Ey3wCZjtKKjgFa":{"registrationId":1716756288,"currentRatchet":{"ephemeralKeyPair":{"pubKey":"BRZc2mJOTZSRYWxpakWladk0TpsTA0rq/MpWYDb81gUl","privKey":"KE+KvxonvB9hM7vpt94+RVzjviPkqXlfWDDBF4zQ904="},"lastRemoteEphemeralKey":"Bc/urplXHwAqjrp45CLC7dI/QsSGAq7j5aSHy5IBQwdc","previousCounter":0,"rootKey":"plmKa+mG4198E36vZtJQx09EPr5PtqoPdLsgWZTnVnY="},"indexInfo":{"baseKey":"BbrGwZi5IPCQ8tyPYNWQyK+ObwUVu5Ey3wCZjtKKjgFa","baseKeyType":1,"closed":-1,"used":1748739258154,"created":1748739258154,"remoteIdentityKey":"BalexlwXsNwHzm00j4ISmTJfSo6KCf3eca1oo182pGoq"},"_chains":{"BRZc2mJOTZSRYWxpakWladk0TpsTA0rq/MpWYDb81gUl":{"chainKey":{"counter":0,"key":"rFj3G87aCk2H9ivPRBx29d8eCmzsc4n6D1yPC5bSd+0="},"chainType":1,"messageKeys":{}}},"pendingPreKey":{"signedKeyId":4,"baseKey":"BbrGwZi5IPCQ8tyPYNWQyK+ObwUVu5Ey3wCZjtKKjgFa","preKeyId":3952344}}},"version":"v1"}