{"_sessions":{"BfnDg3OisG5lq9B9cdFptBJ7UwHiVaP81bnXP2x+V4dU":{"registrationId":437530983,"currentRatchet":{"ephemeralKeyPair":{"pubKey":"BewxWyfttkZ+/hxFNS+nNNsQbvSzesCsZSoWw0Tr7BcN","privKey":"UKBt3gQyNgM9ZjxivVEyufCW3NJztdEjWXNopZ7pwU0="},"lastRemoteEphemeralKey":"BYVjmLNc8XQzuQ/WSQ1hc/THYFn2OXiHC6B17ifBVLMb","previousCounter":0,"rootKey":"UxIf80Y7x+mmMZL1tY2iLbvM5siZglnzMtE7P0sA3Z0="},"indexInfo":{"baseKey":"BfnDg3OisG5lq9B9cdFptBJ7UwHiVaP81bnXP2x+V4dU","baseKeyType":1,"closed":-1,"used":1748739256237,"created":1748739256237,"remoteIdentityKey":"BSNOzdRKaOCCzj2tZxksDzsRqjwChFwDU5TKn40w8FAq"},"_chains":{"BewxWyfttkZ+/hxFNS+nNNsQbvSzesCsZSoWw0Tr7BcN":{"chainKey":{"counter":0,"key":"hQwu1bKqPJcSr/ubN4U6eRRs95OFqnl0AzHCqcM6hS0="},"chainType":1,"messageKeys":{}}},"pendingPreKey":{"signedKeyId":1,"baseKey":"BfnDg3OisG5lq9B9cdFptBJ7UwHiVaP81bnXP2x+V4dU","preKeyId":4160768}}},"version":"v1"}