{"_sessions":{"BbI1Z26TuIjw7nvUCU5opRQqmjOSJkvrMw7F94LHMSoG":{"registrationId":952903020,"currentRatchet":{"ephemeralKeyPair":{"pubKey":"BfGteTsbl5wBl75pRCSujHVxTu18pSUGcnCbvj8YK/o0","privKey":"oFXAGG7rM3TN369JPDTjE0jNvNHCZCqdVleXt+gAJXU="},"lastRemoteEphemeralKey":"BQLo2P4XSg8QDi+iKhOsSN2Kt16Doe17OCij3sdiovdZ","previousCounter":0,"rootKey":"1rZbGWfUQmrqmg3atow8SXbX4dWgL8INa9gSQEAZPpk="},"indexInfo":{"baseKey":"BbI1Z26TuIjw7nvUCU5opRQqmjOSJkvrMw7F94LHMSoG","baseKeyType":1,"closed":-1,"used":1748739260234,"created":1748739260234,"remoteIdentityKey":"BZE9zfUd3WmgP34exzvUeI4YEK28wJ8pUE3XB8JHuyV4"},"_chains":{"BfGteTsbl5wBl75pRCSujHVxTu18pSUGcnCbvj8YK/o0":{"chainKey":{"counter":0,"key":"IX1cLdynqBegwIK2cKYcIeF+RbAvroUF3fuNPv7Uvyg="},"chainType":1,"messageKeys":{}}},"pendingPreKey":{"signedKeyId":3,"baseKey":"BbI1Z26TuIjw7nvUCU5opRQqmjOSJkvrMw7F94LHMSoG","preKeyId":14515590}}},"version":"v1"}