{"_sessions":{"BYfb3wZb891wNuxqOp38rcvkMaB1y3qE8uaXsEO2EsB/":{"registrationId":402060938,"currentRatchet":{"ephemeralKeyPair":{"pubKey":"BV0D8vCfFbn+F4MXIf6npTvZaX5OlEDO2qEsQTf7Zex4","privKey":"uC8M4fhGvTLTsyf7Z015C7mj/Wmqc8ssVXeCKOCGHGU="},"lastRemoteEphemeralKey":"BdxXS7x5UIwW5bLy1+ulnZBEmolWF3OR6gHbDX8t0uMp","previousCounter":0,"rootKey":"DdnQKoQbwNFihk7/0lQ/HPDmtNf9QmG+ZNppH8jvCEs="},"indexInfo":{"baseKey":"BYfb3wZb891wNuxqOp38rcvkMaB1y3qE8uaXsEO2EsB/","baseKeyType":1,"closed":-1,"used":1748739260614,"created":1748739260614,"remoteIdentityKey":"BewjrZRb9+H/Nle2XI3XUsFA4iTjn6kBwsbcUR+XAXJI"},"_chains":{"BV0D8vCfFbn+F4MXIf6npTvZaX5OlEDO2qEsQTf7Zex4":{"chainKey":{"counter":0,"key":"bzfQegTTxc0ifPXXGL10X7xv7lnAb/N67h5bjKKUq00="},"chainType":1,"messageKeys":{}}},"pendingPreKey":{"signedKeyId":20,"baseKey":"BYfb3wZb891wNuxqOp38rcvkMaB1y3qE8uaXsEO2EsB/"}}},"version":"v1"}