{"_sessions":{"BaVg8pNHh4+i95wlKpQznwlNBUoSKXiHOmtMiavsu5MY":{"registrationId":2077399248,"currentRatchet":{"ephemeralKeyPair":{"pubKey":"Bd1uWFKRMhuhQQ7MybqJGv6gF6AeqI0umr4aOBlWvZFS","privKey":"mF2AeQJb68bSBoSmuyqVND0NALfDAXMEy8l+e3FqJGk="},"lastRemoteEphemeralKey":"BRcw7ldjwBBsBM5EqAIDmIIC358KK/GWb/spjqDbjmhg","previousCounter":0,"rootKey":"2i8byFImtvwKOpTECoB35la90IMtubAbj7SZQ/U1nj8="},"indexInfo":{"baseKey":"BaVg8pNHh4+i95wlKpQznwlNBUoSKXiHOmtMiavsu5MY","baseKeyType":1,"closed":-1,"used":1748739258096,"created":1748739258096,"remoteIdentityKey":"BfXbGkScb/rRWUfX+84SS5Fcwr1R+F9NC1oeCRjaIjgt"},"_chains":{"Bd1uWFKRMhuhQQ7MybqJGv6gF6AeqI0umr4aOBlWvZFS":{"chainKey":{"counter":0,"key":"Mv35mbj7Cr1khJJc+8+bjmPHsR6YVLFXU05gKR4k6e4="},"chainType":1,"messageKeys":{}}},"pendingPreKey":{"signedKeyId":27,"baseKey":"BaVg8pNHh4+i95wlKpQznwlNBUoSKXiHOmtMiavsu5MY","preKeyId":12639534}}},"version":"v1"}