{"_sessions":{"BS1Qu7F3B0Da2EzP8wn7yhw35XR53gvOfyqE2SN+vjUb":{"registrationId":1716098048,"currentRatchet":{"ephemeralKeyPair":{"pubKey":"BT+WwB2BWn8LIyZH2lOIZpv6Knevfkzv0XnFpqqSoeQi","privKey":"KC7tLvplFAka2g+8Y6snaqkSXSOCkvWS1p/uJ8H4NXg="},"lastRemoteEphemeralKey":"BdYoh2paZYpXyPACcg3s4E3YkHFxlyPEdJWljV8cwSV8","previousCounter":0,"rootKey":"D5wL3H8C2d+/Hf8HmnjugD6wn4F67pLi1RS6ZY60H9I="},"indexInfo":{"baseKey":"BS1Qu7F3B0Da2EzP8wn7yhw35XR53gvOfyqE2SN+vjUb","baseKeyType":1,"closed":-1,"used":1748739260149,"created":1748739260149,"remoteIdentityKey":"BZAHWMjbXDekeJfYZjMGdjQ3K1Uzx9Nn6v71SajuW0My"},"_chains":{"BT+WwB2BWn8LIyZH2lOIZpv6Knevfkzv0XnFpqqSoeQi":{"chainKey":{"counter":0,"key":"9UKk8OFpkLU1vlKzPHyLhBmxXWIvRJUzPrEQ7EO5XGc="},"chainType":1,"messageKeys":{}}},"pendingPreKey":{"signedKeyId":4,"baseKey":"BS1Qu7F3B0Da2EzP8wn7yhw35XR53gvOfyqE2SN+vjUb","preKeyId":16270691}}},"version":"v1"}