{"_sessions":{"BYDpqfIqH7kXe8BdviV6f9jKR7uS5YfKYgFZ5hlNhTkv":{"registrationId":285009938,"currentRatchet":{"ephemeralKeyPair":{"pubKey":"BTdvmv2JKGpEkutMFTYBwUWYS2x00GZ9V6r4y0Z8INc+","privKey":"uBGJEBxzsdfcdMXZRbCGsxAsQMMeVprcLJ+CnUG7bnw="},"lastRemoteEphemeralKey":"Bb7fZZqRwLI/4KBZz1udM+tc9+hN0tfHNN3zB6yPGUMY","previousCounter":0,"rootKey":"hR1F9cZyhxtPO823XbCnOdcPb1AljL/CWSz89uQnLAc="},"indexInfo":{"baseKey":"BYDpqfIqH7kXe8BdviV6f9jKR7uS5YfKYgFZ5hlNhTkv","baseKeyType":1,"closed":-1,"used":1748739256223,"created":1748739256223,"remoteIdentityKey":"BRbop964I74smCN4Gd6jcXNcuOd18ZX4L87lkNTsTahG"},"_chains":{"BTdvmv2JKGpEkutMFTYBwUWYS2x00GZ9V6r4y0Z8INc+":{"chainKey":{"counter":0,"key":"0twxG3UqLgFStszgKCoiW+ZoQ9dhCbTVVw/vVkmxW7k="},"chainType":1,"messageKeys":{}}},"pendingPreKey":{"signedKeyId":10169355,"baseKey":"BYDpqfIqH7kXe8BdviV6f9jKR7uS5YfKYgFZ5hlNhTkv","preKeyId":3900}}},"version":"v1"}