{"_sessions":{"BaN9gtnKZEhRlCaSAfsiEwT3tby/ZzKCUz51LNimfN1d":{"registrationId":173141031,"currentRatchet":{"ephemeralKeyPair":{"pubKey":"BR0aK47u7f9JbRPFmhPCZGE9ppwkfgVjmVpoC3Jba0EU","privKey":"MB1sYeq6Alwot5gAMTli6M70dCZuWaEWjFyS0iI5j0c="},"lastRemoteEphemeralKey":"BR12pv0aW499MECysKgcgiPn0vbFPG0mc9pDMeXMl4of","previousCounter":0,"rootKey":"p69H3wAt7iHIHkilK1lu219SpySSlBs8yHUrnIhNnzQ="},"indexInfo":{"baseKey":"BaN9gtnKZEhRlCaSAfsiEwT3tby/ZzKCUz51LNimfN1d","baseKeyType":1,"closed":-1,"used":1748739260229,"created":1748739260229,"remoteIdentityKey":"BX08sZVQlYqbvb6xEHXjAw7iQThUI5iKgk/Qi9y9y200"},"_chains":{"BR0aK47u7f9JbRPFmhPCZGE9ppwkfgVjmVpoC3Jba0EU":{"chainKey":{"counter":0,"key":"H1bM6Sbowrgr8OKBlkEWPUutI4QgYotJnTKTDV7YPQc="},"chainType":1,"messageKeys":{}}},"pendingPreKey":{"signedKeyId":4,"baseKey":"BaN9gtnKZEhRlCaSAfsiEwT3tby/ZzKCUz51LNimfN1d","preKeyId":4335767}}},"version":"v1"}