{"_sessions":{"BSs7IEEVZ/YpkM3gpEPehJxrxfUGJV5nGT3NTkmA8QAr":{"registrationId":1036689861,"currentRatchet":{"ephemeralKeyPair":{"pubKey":"BQIo37ugr7C2oNUK+Hr57q6qRvpd8RspGdiXwFCgkJsr","privKey":"yFKX9W7Z6QcVG7Qq1BVIF0xI7YXCTR+fIHxd+dL5QlI="},"lastRemoteEphemeralKey":"Bb9RBRC1aZ+I72bbCAb7MUEqp4eBHw7xfnntUAzttSpx","previousCounter":0,"rootKey":"I2EiKJ/Q2fr++Xodixn51jh2pribZdZgdPsrpIe4i8A="},"indexInfo":{"baseKey":"BSs7IEEVZ/YpkM3gpEPehJxrxfUGJV5nGT3NTkmA8QAr","baseKeyType":1,"closed":-1,"used":1748739256256,"created":1748739256256,"remoteIdentityKey":"BfMF94knZ+B+3rVHJM8SIiF/Vs4hd19XKbHlU77NRDdI"},"_chains":{"BQIo37ugr7C2oNUK+Hr57q6qRvpd8RspGdiXwFCgkJsr":{"chainKey":{"counter":0,"key":"XrpOxeQ3qKg1QcE96AINj3knE0tjwQcl8iCGc1UzTk8="},"chainType":1,"messageKeys":{}}},"pendingPreKey":{"signedKeyId":11,"baseKey":"BSs7IEEVZ/YpkM3gpEPehJxrxfUGJV5nGT3NTkmA8QAr","preKeyId":13546071}}},"version":"v1"}