{"_sessions":{"BSFcIrmlN7+PQOqavhwhkubT19aAJtOrNwMZKMRT8fIw":{"registrationId":562538302,"currentRatchet":{"ephemeralKeyPair":{"pubKey":"BXJKiL2ENMeAv4HeKzk67XSoetgzma+KbLk/HSC4PURL","privKey":"8AwKiSy82cTE6EdLmYDP/8h7NuO7XEBFdvnMzJ8r4Fs="},"lastRemoteEphemeralKey":"BZFDDRusAXAHF7W6Wa5donBoUfqZX72nI1zwY4oC6sN7","previousCounter":0,"rootKey":"nM5SIk7Fb9qRfEfqZH7Nb//H6fwusFUR87/RMdhJKHo="},"indexInfo":{"baseKey":"BSFcIrmlN7+PQOqavhwhkubT19aAJtOrNwMZKMRT8fIw","baseKeyType":1,"closed":-1,"used":1748739256144,"created":1748739256144,"remoteIdentityKey":"Bal8Hn7Fint6bb6wojXskeyGaScwWrxfl/kmFyWGKEtn"},"_chains":{"BXJKiL2ENMeAv4HeKzk67XSoetgzma+KbLk/HSC4PURL":{"chainKey":{"counter":0,"key":"HCufs36rSqba1X19bBdz+kPkuZU2QJ0zjeMnEO2eS2U="},"chainType":1,"messageKeys":{}}},"pendingPreKey":{"signedKeyId":460,"baseKey":"BSFcIrmlN7+PQOqavhwhkubT19aAJtOrNwMZKMRT8fIw","preKeyId":158707}}},"version":"v1"}