{"_sessions":{"BdQ4B3xrDllCQLNOO2HloRCmHuB9zx3jXsrPkxhu7jk9":{"registrationId":1624607476,"currentRatchet":{"ephemeralKeyPair":{"pubKey":"BU++i10OrGP4OPpPwF00a2p375yxOVZ2XLR/x8g/nUM7","privKey":"SM43K3uqXpTa75P0Z0FHuvfltLXoONIISg00bMerlVA="},"lastRemoteEphemeralKey":"BfSDFOAnD5/ar2gX+ZdEArCeOWuodR3MYdrljls+JyY5","previousCounter":0,"rootKey":"8U/U9X9rsdbxXhmk1/gcst/1lqlT3jXox4BiQvFaeAU="},"indexInfo":{"baseKey":"BdQ4B3xrDllCQLNOO2HloRCmHuB9zx3jXsrPkxhu7jk9","baseKeyType":1,"closed":-1,"used":1748754639378,"created":1748739258230,"remoteIdentityKey":"Bd+I8ujzUy1z/tRccXdWq25QlEXev6j6RIz8oJkR7sVP"},"_chains":{"BfSDFOAnD5/ar2gX+ZdEArCeOWuodR3MYdrljls+JyY5":{"chainKey":{"counter":0,"key":"xc4R2wM7tNYARUiiP4rQJVdQjU91q3s7EvAXCdk3xi4="},"chainType":2,"messageKeys":{}},"BU++i10OrGP4OPpPwF00a2p375yxOVZ2XLR/x8g/nUM7":{"chainKey":{"counter":-1,"key":"3nPyyXe7w6tb/j+/ouePWtrhKUfMWgQ6TmxSfy3/SUg="},"chainType":1,"messageKeys":{}}}}},"version":"v1"}