{"_sessions":{"BRQlaH/tYtp2zvmXQdUOCvspWQYmBDjpZAD1BSvJY/t4":{"registrationId":221878686,"currentRatchet":{"ephemeralKeyPair":{"pubKey":"Be0WT/+4SnIB4JLFvTIAk1FJ/8PShUeVlA73Lxx9QeJu","privKey":"oE1Nz1R48w1iImYQkjlzvzjQfvu8Ulb163/Da4kTQH0="},"lastRemoteEphemeralKey":"BeymTO1ygligZ5UbpNVUm6DGlQAFHJkvJZo8EWzJCG0F","previousCounter":0,"rootKey":"0ECNVzYT//yX5fSB0WXMbOdQzA+ADC+5nKarVXQkriI="},"indexInfo":{"baseKey":"BRQlaH/tYtp2zvmXQdUOCvspWQYmBDjpZAD1BSvJY/t4","baseKeyType":1,"closed":-1,"used":1748739256208,"created":1748739256208,"remoteIdentityKey":"BXIRSpHWW1CpfwNUzV0I65fXxptvvA5iCh8oP/PddZ4e"},"_chains":{"Be0WT/+4SnIB4JLFvTIAk1FJ/8PShUeVlA73Lxx9QeJu":{"chainKey":{"counter":0,"key":"nqdSE04/jKoXMDLtEdIMam33yz2Nh1zPdmoAyRhocLY="},"chainType":1,"messageKeys":{}}},"pendingPreKey":{"signedKeyId":3,"baseKey":"BRQlaH/tYtp2zvmXQdUOCvspWQYmBDjpZAD1BSvJY/t4","preKeyId":300262}}},"version":"v1"}