{"_sessions":{"BUHRm/7PCJg6azSZfHv64cdFaZJ+y+9mmyO5zO7V+09C":{"registrationId":1733521414,"currentRatchet":{"ephemeralKeyPair":{"pubKey":"BUNwQ34aDoLWejjxesM7+Ue3rOgfmEEcvLgjpNWFVmga","privKey":"CH1GlcE6DllfFZDIPqQgT56Gl6FraTO+5c6DH8IjwFc="},"lastRemoteEphemeralKey":"BZeF2yH7QACvhzWflvOwzxNY+Z4Qxzsn8nacZ6/dkP5m","previousCounter":0,"rootKey":"VSCLQTib3brRh5iWYGkJZmc2kuXRuaFsSgJuI5LorSA="},"indexInfo":{"baseKey":"BUHRm/7PCJg6azSZfHv64cdFaZJ+y+9mmyO5zO7V+09C","baseKeyType":1,"closed":-1,"used":1748739260246,"created":1748739260246,"remoteIdentityKey":"BVS2HRNuruAkZO7S+wk4N2qHH0nJZ/TOJCGk7jCfAf5Z"},"_chains":{"BUNwQ34aDoLWejjxesM7+Ue3rOgfmEEcvLgjpNWFVmga":{"chainKey":{"counter":0,"key":"+xC4VaDUaHDFqQzDa0nLxCEELC5xu0Tcn0m/O4lXT/U="},"chainType":1,"messageKeys":{}}},"pendingPreKey":{"signedKeyId":7,"baseKey":"BUHRm/7PCJg6azSZfHv64cdFaZJ+y+9mmyO5zO7V+09C","preKeyId":9950713}}},"version":"v1"}