{"_sessions":{"Bbg95NVSMNjh04WffBWbMm5huQFJDI+pV/2hHYHQdepk":{"registrationId":1649909240,"currentRatchet":{"ephemeralKeyPair":{"pubKey":"BZ6bruInIvFj1vWcEO7ffwJLRNI227cEq7sFCqbYd3VD","privKey":"mAM4a/KZoZkwcPEOTcUFNyw/4QKvgApDBwy4VFnne1I="},"lastRemoteEphemeralKey":"BZjCMMswp5/Ul1Ir/H4EK6vAiz/3GT/oJCg+39d668d+","previousCounter":0,"rootKey":"tDEy9U/Ipx72FPlgokbxsOZnYWT6iTiIGtlU5RjjsJA="},"indexInfo":{"baseKey":"Bbg95NVSMNjh04WffBWbMm5huQFJDI+pV/2hHYHQdepk","baseKeyType":1,"closed":-1,"used":1748739260184,"created":1748739260184,"remoteIdentityKey":"BbKWbgZyaPYlYlRJrek5z7y9W4/29dANdoSAZsaufocA"},"_chains":{"BZ6bruInIvFj1vWcEO7ffwJLRNI227cEq7sFCqbYd3VD":{"chainKey":{"counter":0,"key":"Z6BuHDvjYdhKfrG+/KoqOAbUJgaOdZvbY1NAJ+Gd0SA="},"chainType":1,"messageKeys":{}}},"pendingPreKey":{"signedKeyId":4,"baseKey":"Bbg95NVSMNjh04WffBWbMm5huQFJDI+pV/2hHYHQdepk","preKeyId":13640036}}},"version":"v1"}