{"_sessions":{"BV0+wbetkXQSKQ2LytvE8zB/Iw4N9UHdvaUaslwFUdcv":{"registrationId":50315151,"currentRatchet":{"ephemeralKeyPair":{"pubKey":"BeDic2eJr9qIT6t+NacyBryBcv0HVd8iLF7yFQF7FlAe","privKey":"4MGIgXlS7Wt4cPeONa75ZdKF9Y+VZ/isSkmbwax7d1s="},"lastRemoteEphemeralKey":"BbdVtvh18Q3NI1+4GiJjX8VcEN4fgFEel68ucPlnVYk3","previousCounter":0,"rootKey":"Bi2qCJf94zm0MP16x4SRgNvlWfHvinKPrbR+RO4xO7Q="},"indexInfo":{"baseKey":"BV0+wbetkXQSKQ2LytvE8zB/Iw4N9UHdvaUaslwFUdcv","baseKeyType":1,"closed":-1,"used":1748739258131,"created":1748739258131,"remoteIdentityKey":"BZUHYL7f+IViHOH47keh+j1qxHv/sAf5E71EnrbS1w8R"},"_chains":{"BeDic2eJr9qIT6t+NacyBryBcv0HVd8iLF7yFQF7FlAe":{"chainKey":{"counter":0,"key":"9bpVTrqIddG6sCV3oQdZQL1xlE6lW7ewqxSFhSjF7gw="},"chainType":1,"messageKeys":{}}},"pendingPreKey":{"signedKeyId":14,"baseKey":"BV0+wbetkXQSKQ2LytvE8zB/Iw4N9UHdvaUaslwFUdcv","preKeyId":10677452}}},"version":"v1"}