{"_sessions":{"BeOpBT/8gtmGXo1WDnWzb2IVMkcKe+WSmAYw4FJYfVd3":{"registrationId":1057867960,"currentRatchet":{"ephemeralKeyPair":{"pubKey":"BW760mAkiZAKiLA2zZ2hKNMSSNlTOtJ2AaxQV+zae3lU","privKey":"UB4FfdJKi9BJpEbtq/P7/TDD3dzhB4NKBV/hyHU4q1M="},"lastRemoteEphemeralKey":"BS3Rj+PiqfyOloP9xMyXxH2/xQDLIM7gKGJSo8c8K8NP","previousCounter":0,"rootKey":"Vz9U/7/h6a6nxYwxLMDiHThW6LzcUcTc2E9yffxCvh0="},"indexInfo":{"baseKey":"BeOpBT/8gtmGXo1WDnWzb2IVMkcKe+WSmAYw4FJYfVd3","baseKeyType":1,"closed":-1,"used":1748739258112,"created":1748739258112,"remoteIdentityKey":"BXLUJMZxVZYThRSywDAJYrnalS2WIDrwMuYSe8tCri5I"},"_chains":{"BW760mAkiZAKiLA2zZ2hKNMSSNlTOtJ2AaxQV+zae3lU":{"chainKey":{"counter":0,"key":"WOFIQZTUJDKbts1qQghrWtQTJqL+UTYKCwMsj8dsW7M="},"chainType":1,"messageKeys":{}}},"pendingPreKey":{"signedKeyId":15581279,"baseKey":"BeOpBT/8gtmGXo1WDnWzb2IVMkcKe+WSmAYw4FJYfVd3","preKeyId":4481}}},"version":"v1"}