{"_sessions":{"BZZfQmFRHWSE1r2ZdsP2Op8SPpKdE+E7NqGWN7aGZXYR":{"registrationId":13761,"currentRatchet":{"ephemeralKeyPair":{"pubKey":"Bc3v6qY0Z49s4XcACV+5SSqH2cx1SnkKYsJ1HneaTtdb","privKey":"oJPuW27Z9zdpAiObAqms655CcfiOWtKM4DafbrM8cHU="},"lastRemoteEphemeralKey":"BTJ9odPHbfHj5Wtjj5iIIXraHLZj2XDzMX23NL2cMNwW","previousCounter":0,"rootKey":"BYxHwqf2z5A0a1tOEJc70kVo9/PbpQv/CSQgBnxCxy0="},"indexInfo":{"baseKey":"BZZfQmFRHWSE1r2ZdsP2Op8SPpKdE+E7NqGWN7aGZXYR","baseKeyType":1,"closed":-1,"used":1748739256095,"created":1748739256095,"remoteIdentityKey":"BXxPJ/x7uBbaTcHGhMMP3AbF2lpGk5wGSe512oIKypBB"},"_chains":{"Bc3v6qY0Z49s4XcACV+5SSqH2cx1SnkKYsJ1HneaTtdb":{"chainKey":{"counter":0,"key":"biVoWN6kOH5dIWO21B3UyMM5jiPXy8VP2zBBsy5B1ZM="},"chainType":1,"messageKeys":{}}},"pendingPreKey":{"signedKeyId":1,"baseKey":"BZZfQmFRHWSE1r2ZdsP2Op8SPpKdE+E7NqGWN7aGZXYR","preKeyId":485}}},"version":"v1"}