{"_sessions":{"Bd2MhBaO9PTlivrqzmYjGPTlAsQ0/5lvLpzJOqZrT3cv":{"registrationId":1366513709,"currentRatchet":{"ephemeralKeyPair":{"pubKey":"BXqoXrycLc6YJz0UbNbqw2TvQGD4SqpezjSC/kQ2ze1b","privKey":"wDg0sokxVDjKTysIYs05TvF+lC3GxBX3tCJzMxafc3Q="},"lastRemoteEphemeralKey":"BRRyd/YQHH5V4aqYxcOKQRGFMTwgEDlaUdz6cDwp9HkQ","previousCounter":0,"rootKey":"/1DwEVHF4O1heBvM8qQw3kPxVZkNCTaavTh5SJo4UsE="},"indexInfo":{"baseKey":"Bd2MhBaO9PTlivrqzmYjGPTlAsQ0/5lvLpzJOqZrT3cv","baseKeyType":1,"closed":-1,"used":1748739256197,"created":1748739256197,"remoteIdentityKey":"BSO37/tnT3+BvsBa/hPBFJK5RvT+zU1BkoswATDDebEb"},"_chains":{"BXqoXrycLc6YJz0UbNbqw2TvQGD4SqpezjSC/kQ2ze1b":{"chainKey":{"counter":0,"key":"TkxFRWM4lI/7Vz+DzauQiKc/JcJtbztRrxVHJD3zRrM="},"chainType":1,"messageKeys":{}}},"pendingPreKey":{"signedKeyId":1,"baseKey":"Bd2MhBaO9PTlivrqzmYjGPTlAsQ0/5lvLpzJOqZrT3cv","preKeyId":4015541}}},"version":"v1"}