{"_sessions":{"BWlrpsGqi190U87zHxpuVfs0k6yLjc7YFLDvcYGNk0Ql":{"registrationId":1489444930,"currentRatchet":{"ephemeralKeyPair":{"pubKey":"BeRSxYxu8CgjiBRwIC07ZViACImJI16DL4+zqTmue+Qi","privKey":"CEbaSBjiJrJ+s5k28iTMoMP2tUEf3vTjE2L/UmfCYF0="},"lastRemoteEphemeralKey":"Bd5qUmdVmNQP865FfPkztWih+ZToitZcpd8X3bT2W50V","previousCounter":0,"rootKey":"IWgq5Asb25Yt0MpJfIxVh6k67AduQJqEVWSJ8llmLTY="},"indexInfo":{"baseKey":"BWlrpsGqi190U87zHxpuVfs0k6yLjc7YFLDvcYGNk0Ql","baseKeyType":1,"closed":-1,"used":1748739256241,"created":1748739256241,"remoteIdentityKey":"BRLTud4g6baz6qtsMrYdaCQAQWPXlQ6im10Sh9yupVo0"},"_chains":{"BeRSxYxu8CgjiBRwIC07ZViACImJI16DL4+zqTmue+Qi":{"chainKey":{"counter":0,"key":"E+baR9lIS8oKP45QHQOE6c0UytTNMNhc75q08qv2iCU="},"chainType":1,"messageKeys":{}}},"pendingPreKey":{"signedKeyId":1,"baseKey":"BWlrpsGqi190U87zHxpuVfs0k6yLjc7YFLDvcYGNk0Ql","preKeyId":11675780}}},"version":"v1"}