{"_sessions":{"BW3nf02VUt/+WFUMjuQxo9WZsdpPSVHIHSPYqu5PAtJs":{"registrationId":1337993099,"currentRatchet":{"ephemeralKeyPair":{"pubKey":"BU2S3lAMBxGezq8pG6MRgbqDpCPfmc8NBkEcDjAaep5R","privKey":"IM03B59sF1DhkoTrGVUliuQ2RM6PyQAZRgX6Ly8SEW0="},"lastRemoteEphemeralKey":"BYRzI/DRss40IALByj4j6CkLXQ1/ilbQVWjxDGMsz/oE","previousCounter":0,"rootKey":"Ee1SQe1mWo+64NAjHv8xyi9ZgZSxRmxiblkcsFbyqQg="},"indexInfo":{"baseKey":"BW3nf02VUt/+WFUMjuQxo9WZsdpPSVHIHSPYqu5PAtJs","baseKeyType":1,"closed":-1,"used":1748739260313,"created":1748739260313,"remoteIdentityKey":"BQ2DTErD3gJSYalfqdZ2kZeH4e/7sDbPCmshFbiXgzZX"},"_chains":{"BU2S3lAMBxGezq8pG6MRgbqDpCPfmc8NBkEcDjAaep5R":{"chainKey":{"counter":0,"key":"V4Yuje2zmbtwtnF2ocWNiCjV3IC0kHnlPdAM+ouph+k="},"chainType":1,"messageKeys":{}}},"pendingPreKey":{"signedKeyId":14828795,"baseKey":"BW3nf02VUt/+WFUMjuQxo9WZsdpPSVHIHSPYqu5PAtJs","preKeyId":19035}}},"version":"v1"}