{"_sessions":{"Baby44HusGpobjsRJk4eSBZHnviaHnxVJ9+4P/ExFExj":{"registrationId":1775645765,"currentRatchet":{"ephemeralKeyPair":{"pubKey":"BXhfl12ULtBVehi9lros92WJxL5KGjg8LvuH1kw3ZaUZ","privKey":"yMxEaCqu2oTmUeLni5pkPCBYfqb25PlDjBIbWvkVjW0="},"lastRemoteEphemeralKey":"BTI/01tIlIDFAmw5ynKhCJcy4qAFRNkKHf89XzENWYRH","previousCounter":0,"rootKey":"f0mgY0CRSRLV8CHmZS58mnBntOZCuCsdsIxQ7lf8j+E="},"indexInfo":{"baseKey":"Baby44HusGpobjsRJk4eSBZHnviaHnxVJ9+4P/ExFExj","baseKeyType":1,"closed":-1,"used":1748739256206,"created":1748739256206,"remoteIdentityKey":"BX/mYTlcQM9TrVpyzJdbGEfmGjTQ3CB3kW+XeAuOgz5m"},"_chains":{"BXhfl12ULtBVehi9lros92WJxL5KGjg8LvuH1kw3ZaUZ":{"chainKey":{"counter":0,"key":"OagRVwHngm/t2oCNo9T5xL8N0k/630LtUGqMoXVLI9c="},"chainType":1,"messageKeys":{}}},"pendingPreKey":{"signedKeyId":13532595,"baseKey":"Baby44HusGpobjsRJk4eSBZHnviaHnxVJ9+4P/ExFExj","preKeyId":3232}}},"version":"v1"}