{"_sessions":{"Be4sqEgJ4WWShMdBYiSPOcDX3RlYGvlaScIQn6gnI+s3":{"registrationId":1722858290,"currentRatchet":{"ephemeralKeyPair":{"pubKey":"BfvAcVnegVre8aAJBVPYCTl20NRzEf6zO3sF914L9hA5","privKey":"iLgJkjfah9SUFYOx8NximWh52Zz2uEaqp1yhij34PGY="},"lastRemoteEphemeralKey":"Ba0EX1i79q1DfsXNskyioQvf/jGqntri9x+LrqU6S79u","previousCounter":0,"rootKey":"JWewvtju+Rel1OY9q/YXs5OXsNQp2nKIDLT0MtbVMvc="},"indexInfo":{"baseKey":"Be4sqEgJ4WWShMdBYiSPOcDX3RlYGvlaScIQn6gnI+s3","baseKeyType":1,"closed":-1,"used":1748739256253,"created":1748739256253,"remoteIdentityKey":"BejjkOv/u2EVjMNMYfIkiVhDJ54xBBaHeEaCbEtJQzg6"},"_chains":{"BfvAcVnegVre8aAJBVPYCTl20NRzEf6zO3sF914L9hA5":{"chainKey":{"counter":0,"key":"l1REMri9KVQjQN9d4caq+++4ma8ZmkTx8+nLEoi9ZO8="},"chainType":1,"messageKeys":{}}},"pendingPreKey":{"signedKeyId":12179498,"baseKey":"Be4sqEgJ4WWShMdBYiSPOcDX3RlYGvlaScIQn6gnI+s3","preKeyId":5217}}},"version":"v1"}