{"_sessions":{"BXEAIt3ajNQBFbNiZfQ/qE7E10INKJ1sUNJjpnTrZkB+":{"registrationId":370538328,"currentRatchet":{"ephemeralKeyPair":{"pubKey":"BQiADmVq95atjn0el7mRu/nacmkCQLdrrCBnQ3y+QGYC","privKey":"mIKVpIhRbpkyT1Fs+7SrBITNmSLd0qRU5YIF620pEGA="},"lastRemoteEphemeralKey":"BVeQZAlWwbmiRnTEpeGnbOpuFM/aB/CFQAEF+LEin4Ua","previousCounter":0,"rootKey":"McjZi2HXFGaeUMAA6EUM/p8gJsNmCEdPNL48AceUrMw="},"indexInfo":{"baseKey":"BXEAIt3ajNQBFbNiZfQ/qE7E10INKJ1sUNJjpnTrZkB+","baseKeyType":2,"closed":-1,"used":1748738845912,"created":1748738845912,"remoteIdentityKey":"BTr+AbswfsKVTuISET4wWnZWOOOPn2cKyn2z/G4aZy93"},"_chains":{"BVeQZAlWwbmiRnTEpeGnbOpuFM/aB/CFQAEF+LEin4Ua":{"chainKey":{"counter":1,"key":"vCJ25ph/XECSGSb7NzWxRMatgRtxfN+rKLWc/k+vgLE="},"chainType":2,"messageKeys":{}},"BQiADmVq95atjn0el7mRu/nacmkCQLdrrCBnQ3y+QGYC":{"chainKey":{"counter":-1,"key":"ee9IkvYfNoOuyogPKTZ9AWwaIhMLcsqQ8HXsx+s0aeQ="},"chainType":1,"messageKeys":{}}}}},"version":"v1"}