{"_sessions":{"BXZVK2H2UNqIaHGc8oN4l7epR7Z4yIutAtVlnfKKr2l2":{"registrationId":343039103,"currentRatchet":{"ephemeralKeyPair":{"pubKey":"BZ5RWzfUFIJsDKWJ7xEwp2l+tyYjXawtc8/OZXXj02t1","privKey":"0AzEDBuzvXjcpEYDUH5Rto3UatjyZOh+IOeeP+Qk9kE="},"lastRemoteEphemeralKey":"BTFILAQzkT4MKRFq1IGlnkXcZgAJBWb5W7k6zg1GeZko","previousCounter":0,"rootKey":"PwfrFH8o95692GP0vtOXcZXMu7kbwTr4LLGhnfF/WkM="},"indexInfo":{"baseKey":"BXZVK2H2UNqIaHGc8oN4l7epR7Z4yIutAtVlnfKKr2l2","baseKeyType":1,"closed":-1,"used":1748739260308,"created":1748739260308,"remoteIdentityKey":"BVJbsxgsVfjH931WGJ//EZJ7j/R78yYT89qecQoKIxtW"},"_chains":{"BZ5RWzfUFIJsDKWJ7xEwp2l+tyYjXawtc8/OZXXj02t1":{"chainKey":{"counter":0,"key":"ycTHEe63wuNfliFPdTjISMDn9dIn2rjff6rGbiy8VMM="},"chainType":1,"messageKeys":{}}},"pendingPreKey":{"signedKeyId":0,"baseKey":"BXZVK2H2UNqIaHGc8oN4l7epR7Z4yIutAtVlnfKKr2l2"}}},"version":"v1"}