{"_sessions":{"BeqeYNu7fk1Z/AuScF+o4sKJ3KtiTBytgYFIdRhZOG80":{"registrationId":1591632450,"currentRatchet":{"ephemeralKeyPair":{"pubKey":"BRd5cxlJI9HV4uPhIOCGU8hfWRVtIZ4GIhGhayEGx2tx","privKey":"MHCzsZNte2kcCvk8Weuz2KzjHe9NrqqEqkdQbzTcr2Y="},"lastRemoteEphemeralKey":"BfWQXYyv9mMT0/n/S1vuZbGoz78sX2R1VTcDomAF52wv","previousCounter":0,"rootKey":"mM5ZsBxLNuad/JUFkGpPYewVmmzQXmj34mPTnpfNEi0="},"indexInfo":{"baseKey":"BeqeYNu7fk1Z/AuScF+o4sKJ3KtiTBytgYFIdRhZOG80","baseKeyType":1,"closed":-1,"used":1748739260280,"created":1748739260280,"remoteIdentityKey":"BRl4Zj44Rcq3KvB7hMFMQd0g97jbYpJMEy8K5ogr5a1C"},"_chains":{"BRd5cxlJI9HV4uPhIOCGU8hfWRVtIZ4GIhGhayEGx2tx":{"chainKey":{"counter":0,"key":"9qgmhx8jyAiieK72JrctmFNHhDuRXKzxh7edfs8H7M8="},"chainType":1,"messageKeys":{}}},"pendingPreKey":{"signedKeyId":2,"baseKey":"BeqeYNu7fk1Z/AuScF+o4sKJ3KtiTBytgYFIdRhZOG80","preKeyId":3965498}}},"version":"v1"}