{"_sessions":{"BSCOXlFcYfjL5Ewsu58FQ3hoOgDDjj7bNK74M8WGp3BO":{"registrationId":1992831742,"currentRatchet":{"ephemeralKeyPair":{"pubKey":"BSZgAYiHy1wZ9i84xC7GAy63mKXCAQw49oY97pe1XOwr","privKey":"CGNlJRfX96BBGMkfUUVY+SP+3V8TF8mrw4ZfX295OmE="},"lastRemoteEphemeralKey":"Bc7PZym16CjIUuT1bXrTWNfmJJDoZoVDZUm8ldriwdE/","previousCounter":0,"rootKey":"gmVbmNDrP6bKbsAVfiGMV/bNVkSMFENXL6iqWit2Lds="},"indexInfo":{"baseKey":"BSCOXlFcYfjL5Ewsu58FQ3hoOgDDjj7bNK74M8WGp3BO","baseKeyType":1,"closed":-1,"used":1748739258145,"created":1748739258145,"remoteIdentityKey":"BR9zhtl2+oplbwHzo9ki3EG8OVtslwMG2s2vJj646YdQ"},"_chains":{"BSZgAYiHy1wZ9i84xC7GAy63mKXCAQw49oY97pe1XOwr":{"chainKey":{"counter":0,"key":"WAYm/a4xI3pDwSWpsYiyRrTiUZPe3rIaoX9nd0YCKgA="},"chainType":1,"messageKeys":{}}},"pendingPreKey":{"signedKeyId":2,"baseKey":"BSCOXlFcYfjL5Ewsu58FQ3hoOgDDjj7bNK74M8WGp3BO","preKeyId":8889254}}},"version":"v1"}