{"_sessions":{"BQcLjSuy7aZPIyxdKpopeXOPu7sOelI9Kz0pGFHmfW8s":{"registrationId":1789895997,"currentRatchet":{"ephemeralKeyPair":{"pubKey":"BQUUSmqhZZHVANEjxMIznrBTIokYUJ5LpVg+2gZeerg7","privKey":"ANSTaIMr47EeRuh2tolCUu3yAWPtTWcxkyag5fz5U2Y="},"lastRemoteEphemeralKey":"BQut6bwooATZJGrP3gfWF3J+1M8xMBPJEVA72TD8tdlj","previousCounter":0,"rootKey":"ZQ1PhzRvm2p40835AegSvENjMuIUfh8Es8XD3wnYteg="},"indexInfo":{"baseKey":"BQcLjSuy7aZPIyxdKpopeXOPu7sOelI9Kz0pGFHmfW8s","baseKeyType":1,"closed":-1,"used":1748739260273,"created":1748739260273,"remoteIdentityKey":"BXY9mLOCT+hVJ4fn+bF3W46ZX/ye8WBE+7Knm/QXoF15"},"_chains":{"BQUUSmqhZZHVANEjxMIznrBTIokYUJ5LpVg+2gZeerg7":{"chainKey":{"counter":0,"key":"ep3UNx2NJQF4tglupOWaXALywJCGoGJk3Vz3bz4SDUk="},"chainType":1,"messageKeys":{}}},"pendingPreKey":{"signedKeyId":1,"baseKey":"BQcLjSuy7aZPIyxdKpopeXOPu7sOelI9Kz0pGFHmfW8s"}}},"version":"v1"}