{"_sessions":{"BWQZ1TqKQjElp/Gkkk0339+A5KH+KqUWOpS3ITap34hv":{"registrationId":963795195,"currentRatchet":{"ephemeralKeyPair":{"pubKey":"BZvXtNh7QQuuebmTcvclOQb6xLlEnTy1OWIzPBPjvsFp","privKey":"KIvOV922iHdhMfiIMTYpXDje1W8CQKKq2YyRJ0UlRW8="},"lastRemoteEphemeralKey":"BTjf/coPx259AFu0naWnvrNlC34Rnzpixi32ZvCV8rVH","previousCounter":0,"rootKey":"RUqFE09hFktM+o6Hr9Cl3hqYyPcdJQ3xwTDgK8fS70g="},"indexInfo":{"baseKey":"BWQZ1TqKQjElp/Gkkk0339+A5KH+KqUWOpS3ITap34hv","baseKeyType":1,"closed":-1,"used":1748739256104,"created":1748739256104,"remoteIdentityKey":"BV3MZdNtfcVKpHjqPQhtXjO7IvgFFNuXZK6jwGxc3JNT"},"_chains":{"BZvXtNh7QQuuebmTcvclOQb6xLlEnTy1OWIzPBPjvsFp":{"chainKey":{"counter":0,"key":"MmSxX9FyhBkm7Nr109fF140D+IQ4DcaEbyttx1iGq00="},"chainType":1,"messageKeys":{}}},"pendingPreKey":{"signedKeyId":10491747,"baseKey":"BWQZ1TqKQjElp/Gkkk0339+A5KH+KqUWOpS3ITap34hv"}}},"version":"v1"}