{"_sessions":{"BWbw3QDw+ettHSdthxXmLsBNtJ2cRCnwlhj8QN2wGMpT":{"registrationId":2112300996,"currentRatchet":{"ephemeralKeyPair":{"pubKey":"BfmO7vWqZcyukFIW9GInpr6hBurLGx8LA/DhV0WHp/hm","privKey":"mGd0HlPvK9/+MzWQo9Mba7Kd2GXIXkbD2CF+sPjLQ0Y="},"lastRemoteEphemeralKey":"BTLTFcD93JDc+V7J2jx8ugEK9/0QLtexvr1gAT6ypHZN","previousCounter":0,"rootKey":"N7ekzVyzQUPsMdYHyiHUbN+PsWfXeyVBr+mgSTyZcaw="},"indexInfo":{"baseKey":"BWbw3QDw+ettHSdthxXmLsBNtJ2cRCnwlhj8QN2wGMpT","baseKeyType":1,"closed":-1,"used":1748739258204,"created":1748739258204,"remoteIdentityKey":"BQAl0B7qU+HxmcU/XIaliKTDFt7hgrGOIADljq0dfw4E"},"_chains":{"BfmO7vWqZcyukFIW9GInpr6hBurLGx8LA/DhV0WHp/hm":{"chainKey":{"counter":0,"key":"RwMVmhUYb9f0r8tx3ZNObHnlf9yITuBnWdMl7aKfdCU="},"chainType":1,"messageKeys":{}}},"pendingPreKey":{"signedKeyId":0,"baseKey":"BWbw3QDw+ettHSdthxXmLsBNtJ2cRCnwlhj8QN2wGMpT","preKeyId":15841075}}},"version":"v1"}