{"_sessions":{"Bb+kK8Q2RF9N/ikX5myT7ru0v3l9uvngn/2T5mC57wpd":{"registrationId":1415559921,"currentRatchet":{"ephemeralKeyPair":{"pubKey":"Ba0lB1ebaBo9XwjSCU23wn6FcxuwJs6dFFaJjA0ddhgj","privKey":"UOwGlbAICbhZtr+7KxoS++xgLuqJY6ybPXdM/71k5Ws="},"lastRemoteEphemeralKey":"BTrGU9PaK37GCIIra3c6PGNUc66sMHLi+l50SMzJbn4j","previousCounter":0,"rootKey":"tRjSWU7P45lhnn04BhFZjLrod6oz3ABF3shaQ1ehUKs="},"indexInfo":{"baseKey":"Bb+kK8Q2RF9N/ikX5myT7ru0v3l9uvngn/2T5mC57wpd","baseKeyType":1,"closed":-1,"used":1748739260203,"created":1748739260203,"remoteIdentityKey":"BbbRL/gr8Yr+gmXfrxbTFP7QzOulTtJ6SeZat488VI4O"},"_chains":{"Ba0lB1ebaBo9XwjSCU23wn6FcxuwJs6dFFaJjA0ddhgj":{"chainKey":{"counter":0,"key":"6VCdY2KAVwIL8iB9k44lP7MX88DGeiB9vPJAXF98vNE="},"chainType":1,"messageKeys":{}}},"pendingPreKey":{"signedKeyId":8754331,"baseKey":"Bb+kK8Q2RF9N/ikX5myT7ru0v3l9uvngn/2T5mC57wpd","preKeyId":9870}}},"version":"v1"}