{"_sessions":{"BQCqoLSrW+BMJWBg9o564/OHo7wKHxGKP1iZWEx7tWUk":{"registrationId":987754794,"currentRatchet":{"ephemeralKeyPair":{"pubKey":"BSAsTusyN43195tJY/VcxVP0wKNvghs8pEaPXFTGUAwz","privKey":"MB64pH5WaYH+scF88i1YLgdFq59UkO8r9qIIRWFUt18="},"lastRemoteEphemeralKey":"BaLa7jOFAMK/r1/FOrYq0p7RBXu8xiWkqkwEEfEyAZBA","previousCounter":0,"rootKey":"XKrP5tDJ0t7zcd0Mr966oyWfIP1cB2Wfi/OihAWQpMA="},"indexInfo":{"baseKey":"BQCqoLSrW+BMJWBg9o564/OHo7wKHxGKP1iZWEx7tWUk","baseKeyType":1,"closed":-1,"used":1748739260137,"created":1748739260137,"remoteIdentityKey":"BSJwYvgaTBM0Y7vT0IJ0gO4MLPpZbae9SzT0KsFgH+8e"},"_chains":{"BSAsTusyN43195tJY/VcxVP0wKNvghs8pEaPXFTGUAwz":{"chainKey":{"counter":0,"key":"QYkMt2Zb2Z9+MVLqiGag4DfxLVf3Rpb66jmKRvvT3M8="},"chainType":1,"messageKeys":{}}},"pendingPreKey":{"signedKeyId":7,"baseKey":"BQCqoLSrW+BMJWBg9o564/OHo7wKHxGKP1iZWEx7tWUk","preKeyId":6616016}}},"version":"v1"}