{"_sessions":{"BfS17B5+PinB29Ug7dBzT8pyifZ+mAjFhg3GA0qmwDFH":{"registrationId":572409474,"currentRatchet":{"ephemeralKeyPair":{"pubKey":"BbPeTBjKQNMum1RAtL30h7etXDFyyqOfbG9Chpo6OpQK","privKey":"wNtm4Qz7x5fy5mvsAsXyzqkYQ+D2VLg3GoBJBhofv0A="},"lastRemoteEphemeralKey":"BX11ODtbZCGzwAMgzWkbKkIb+lOGQE2FUYz42BwtHDIK","previousCounter":0,"rootKey":"TZ6vEnqDOqjVu0Aem3kfKB+Zr9t7rlq6Ry+K1yl3iNo="},"indexInfo":{"baseKey":"BfS17B5+PinB29Ug7dBzT8pyifZ+mAjFhg3GA0qmwDFH","baseKeyType":1,"closed":-1,"used":1748739258080,"created":1748739258080,"remoteIdentityKey":"Be220jL7voKggPiNbLT9UFZaUQUN93wRe8/vZNLKLvsZ"},"_chains":{"BbPeTBjKQNMum1RAtL30h7etXDFyyqOfbG9Chpo6OpQK":{"chainKey":{"counter":0,"key":"uz5DiIz8S0One1AlLqr4e6QV2dyKHU87EYWXlQCgglQ="},"chainType":1,"messageKeys":{}}},"pendingPreKey":{"signedKeyId":0,"baseKey":"BfS17B5+PinB29Ug7dBzT8pyifZ+mAjFhg3GA0qmwDFH","preKeyId":1819249}}},"version":"v1"}