{"_sessions":{"Bd81yOf53rZNVDye5w/IyhqwwB/spkvCIYrb3NzesQA/":{"registrationId":1602703739,"currentRatchet":{"ephemeralKeyPair":{"pubKey":"BYu0NDZDvbAElcJtf+eEFqt8vxywHUQ1xvl4QG6IuTZe","privKey":"IGpL3EydDO5gLvKX7NZDaVaR9fm2/L1I3OroRuGhrXA="},"lastRemoteEphemeralKey":"BdpOq48NddNd5BPizlFlDBac0bm+tCHLbtih7EDZZBRY","previousCounter":0,"rootKey":"pMtJnSVk9BCnOxbTudHSs+FoD1d4gnbh500Ned5CHbc="},"indexInfo":{"baseKey":"Bd81yOf53rZNVDye5w/IyhqwwB/spkvCIYrb3NzesQA/","baseKeyType":1,"closed":-1,"used":1748739260278,"created":1748739260278,"remoteIdentityKey":"BUw6roRrIZtPBrcMuHfTKHO2cW4Wve3zpo29O3vH8khU"},"_chains":{"BYu0NDZDvbAElcJtf+eEFqt8vxywHUQ1xvl4QG6IuTZe":{"chainKey":{"counter":0,"key":"X6c9IOKRDkp1cvPazbWCB3y7daCI0u89YhJ4VukHF6U="},"chainType":1,"messageKeys":{}}},"pendingPreKey":{"signedKeyId":7,"baseKey":"Bd81yOf53rZNVDye5w/IyhqwwB/spkvCIYrb3NzesQA/","preKeyId":15709783}}},"version":"v1"}