{"_sessions":{"BV4AlARtl9Fvr2WIgOn0LdtINB7UaPrgNrhLEMuNNHFD":{"registrationId":490080242,"currentRatchet":{"ephemeralKeyPair":{"pubKey":"BT87qh5m6FqKWJTlGdR+ShiOj/t8yr5CWlNmjPy5teIX","privKey":"ODUtpeq5AOd0pSVqE8OjWiFwJUI+wE2DZSjQR61H+FQ="},"lastRemoteEphemeralKey":"BQA6weN+uJfpFe8vg6DfxZxtCPcSrS/7mW8a1pF12l8Z","previousCounter":0,"rootKey":"A6xFU8WClbUjF5ms+1zP0fZJyoPjXVTMqQSmvkZw8q4="},"indexInfo":{"baseKey":"BV4AlARtl9Fvr2WIgOn0LdtINB7UaPrgNrhLEMuNNHFD","baseKeyType":1,"closed":-1,"used":1748739260351,"created":1748739260351,"remoteIdentityKey":"BelKunnRV0uPeqYGIxiKGxiqogPWlrCnUKxcT0UIdNUR"},"_chains":{"BT87qh5m6FqKWJTlGdR+ShiOj/t8yr5CWlNmjPy5teIX":{"chainKey":{"counter":0,"key":"9LiK2ien75TWK7x6B6PBysXp3kAYgFhvWd8ntJY2RE0="},"chainType":1,"messageKeys":{}}},"pendingPreKey":{"signedKeyId":2,"baseKey":"BV4AlARtl9Fvr2WIgOn0LdtINB7UaPrgNrhLEMuNNHFD","preKeyId":1931467}}},"version":"v1"}