{"_sessions":{"BSZ2/yvg1BlNY0W+zHzULGOMaPvmVGVgNW8mi/qPKl5r":{"registrationId":16,"currentRatchet":{"ephemeralKeyPair":{"pubKey":"BXBHnGQ1ouXi6vcZsibnWJn0V0nYbhDruNC1SfDMOhRq","privKey":"wJcUog/GEdOTbk10qla7uAHjMLWXzwWwb9M8kqH7xkk="},"lastRemoteEphemeralKey":"BW69MoJ4TVomDKyyHu041z0+xgumgUqml/YzgwhM1hZT","previousCounter":0,"rootKey":"PmkZlwd2gP9jS6MQCWpgPchNZk3PJs1N64UNqWy4Ekg="},"indexInfo":{"baseKey":"BSZ2/yvg1BlNY0W+zHzULGOMaPvmVGVgNW8mi/qPKl5r","baseKeyType":1,"closed":-1,"used":1748739256067,"created":1748739256067,"remoteIdentityKey":"BS6bq9k4K2NjxaoSmdJw3j8W4t/Q1i/AqIqu34G9/IE6"},"_chains":{"BXBHnGQ1ouXi6vcZsibnWJn0V0nYbhDruNC1SfDMOhRq":{"chainKey":{"counter":0,"key":"x8nuIqyZJyOYKHuespORxIBKJwYKOgeXjFsmQkTgMJs="},"chainType":1,"messageKeys":{}}},"pendingPreKey":{"signedKeyId":1,"baseKey":"BSZ2/yvg1BlNY0W+zHzULGOMaPvmVGVgNW8mi/qPKl5r"}}},"version":"v1"}