{"_sessions":{"BaC+KQn5gzV2KZ4MZV8EAGcFVh/9H7jXyP/lBSdFNwcH":{"registrationId":738772913,"currentRatchet":{"ephemeralKeyPair":{"pubKey":"BQBtZQJuQWKnOm5N5d+UxEYPn5okbHrIIjdkOMNo0OFQ","privKey":"2Jh4TTXTIU8E/AsKHB9W4/zTXcIV0RSYoOdOWB0BE0s="},"lastRemoteEphemeralKey":"BQ1kq9vU4lFFMk/1G0GtmItZmDyOpWAPjNq8M/77i2pI","previousCounter":0,"rootKey":"UY+KKEzk++OquebgBgNbaWtUdiD7FgvJLRKc4OVo96Q="},"indexInfo":{"baseKey":"BaC+KQn5gzV2KZ4MZV8EAGcFVh/9H7jXyP/lBSdFNwcH","baseKeyType":1,"closed":-1,"used":1748739258220,"created":1748739258220,"remoteIdentityKey":"BQ1ALfmabJQjNOmO/61/H9jnF9n5yLouHHA6n7YTq34f"},"_chains":{"BQBtZQJuQWKnOm5N5d+UxEYPn5okbHrIIjdkOMNo0OFQ":{"chainKey":{"counter":0,"key":"BuTn9VfIgrDIa994QueBlvyT6jgmaexkFLREo2R0w04="},"chainType":1,"messageKeys":{}}},"pendingPreKey":{"signedKeyId":2,"baseKey":"BaC+KQn5gzV2KZ4MZV8EAGcFVh/9H7jXyP/lBSdFNwcH","preKeyId":4034684}}},"version":"v1"}