{"_sessions":{"BSEXFTPykoZcKux/LqV0+8JZYKjUPXMFhjrR9xuCkF9/":{"registrationId":1689256267,"currentRatchet":{"ephemeralKeyPair":{"pubKey":"BaHYfg7wJWCiAeEsi0EHs1c09yI1W+tI+AF5baWkhiJM","privKey":"6CM0a79s/xsn+InMwTLZS2nNK7BsizGAJkD5JPWq2Ho="},"lastRemoteEphemeralKey":"Be8ImNjhHlRi1VQ4KFp2wPhWMZIV4g0Q33FrctUVuhU/","previousCounter":0,"rootKey":"6z4+bB+Cl85ydeXzA+ON1AZHUjK9yIbGIJ3wPp6Gdhc="},"indexInfo":{"baseKey":"BSEXFTPykoZcKux/LqV0+8JZYKjUPXMFhjrR9xuCkF9/","baseKeyType":1,"closed":-1,"used":1748739256249,"created":1748739256249,"remoteIdentityKey":"BZQ3SC5Xx3Zttk7uI52ey+x24wuNx2UfKxoIjRyTOkd1"},"_chains":{"BaHYfg7wJWCiAeEsi0EHs1c09yI1W+tI+AF5baWkhiJM":{"chainKey":{"counter":0,"key":"pNPGjPNvJYSAf1dPmCk7iG3GhbTskByWCUtOwQLu104="},"chainType":1,"messageKeys":{}}},"pendingPreKey":{"signedKeyId":1484853,"baseKey":"BSEXFTPykoZcKux/LqV0+8JZYKjUPXMFhjrR9xuCkF9/","preKeyId":2105}}},"version":"v1"}