{"_sessions":{"BeaMCRpcBzS03ZxP2b2BXKVeQCHuWY2DO1Yrych6Gj0j":{"registrationId":2072315926,"currentRatchet":{"ephemeralKeyPair":{"pubKey":"Baa1Kqy3F7rNhglWxI6ea49Qqh+ahJFXaiEg7pZUJE53","privKey":"WCdNwrkxWS1aZLWWWHUwgSDSlWD0IrOUSAYEhgTfS0k="},"lastRemoteEphemeralKey":"BUptUX2FMEUk243LWpNKVhDyQ87DcCV00tscOGZCttRX","previousCounter":0,"rootKey":"3f8M9ANVWJ41peOqgcu9N3/rJpPqeEL33JGrBXCJAJI="},"indexInfo":{"baseKey":"BeaMCRpcBzS03ZxP2b2BXKVeQCHuWY2DO1Yrych6Gj0j","baseKeyType":1,"closed":-1,"used":1748739260239,"created":1748739260239,"remoteIdentityKey":"BQtfEgH8cVcl41a4F1u5cAHCR3z3ual68AFoM6h65blC"},"_chains":{"Baa1Kqy3F7rNhglWxI6ea49Qqh+ahJFXaiEg7pZUJE53":{"chainKey":{"counter":0,"key":"tJ1XrIw/ciHkUMpKdnDvMdbws4zMfyfMIjjZzKXy0nI="},"chainType":1,"messageKeys":{}}},"pendingPreKey":{"signedKeyId":1,"baseKey":"BeaMCRpcBzS03ZxP2b2BXKVeQCHuWY2DO1Yrych6Gj0j","preKeyId":16642898}}},"version":"v1"}