{"_sessions":{"BemOOnCphULnLZgo3mvufBAuex1qTBjSVPYily9RZ3U3":{"registrationId":15945,"currentRatchet":{"ephemeralKeyPair":{"pubKey":"BX9ZNYtLGKaHNFWPu9z3nkvBQtkNkZmTkwPhzmEB0Pp0","privKey":"iGPct8kNsbEZPpvsmi7PP5txas/erSVxBNWTttY8vVE="},"lastRemoteEphemeralKey":"BaQugdUzfW27nd9y18FyoVI+W4lfPeIVaErtGHc3R+k1","previousCounter":0,"rootKey":"VFaQ1cyC0MlTy2qcVoTJfhhD7D111C6X46REkN8EEkA="},"indexInfo":{"baseKey":"BemOOnCphULnLZgo3mvufBAuex1qTBjSVPYily9RZ3U3","baseKeyType":1,"closed":-1,"used":1748739256164,"created":1748739256164,"remoteIdentityKey":"BaUitUNSYUBYUXnBcEqMpOaPemsYjwYYK+JWk2esbNd4"},"_chains":{"BX9ZNYtLGKaHNFWPu9z3nkvBQtkNkZmTkwPhzmEB0Pp0":{"chainKey":{"counter":0,"key":"4ZPOJZiyooE9u4qMj3VAQj1ChRsyBcQ4T9QzmZHWjHo="},"chainType":1,"messageKeys":{}}},"pendingPreKey":{"signedKeyId":1,"baseKey":"BemOOnCphULnLZgo3mvufBAuex1qTBjSVPYily9RZ3U3"}}},"version":"v1"}