{"_sessions":{"BcOQltx0hGCxlH2BoPkmO8vqgYLp0wAIHI6stxuvZMl5":{"registrationId":1936494258,"currentRatchet":{"ephemeralKeyPair":{"pubKey":"BczQyDXqJDfZ7FCjw3NnpLSWKP9yuWI/DJOcrU5EDFhN","privKey":"QNGwZEFECJsFE+jZGJeQawH6VXkPONErlaI1QkvZek8="},"lastRemoteEphemeralKey":"BeKfeRFf4ffH5kbjBF/RJIyUnQuRakGz746zES4BYbAH","previousCounter":0,"rootKey":"OLL9jMYa6lWM2VJHI9GQ/jGplaNuIIZr1JbRyA6CoCo="},"indexInfo":{"baseKey":"BcOQltx0hGCxlH2BoPkmO8vqgYLp0wAIHI6stxuvZMl5","baseKeyType":1,"closed":-1,"used":1748739260207,"created":1748739260207,"remoteIdentityKey":"BbqO7VF/pRkg2SuZVGiqTLPePnGPppOyaKZdl7Z4D6g2"},"_chains":{"BczQyDXqJDfZ7FCjw3NnpLSWKP9yuWI/DJOcrU5EDFhN":{"chainKey":{"counter":0,"key":"Gba0vGlQlC9lh4DFkbgR0RyiRr/xhgjSTc9E0pmzlW4="},"chainType":1,"messageKeys":{}}},"pendingPreKey":{"signedKeyId":6261868,"baseKey":"BcOQltx0hGCxlH2BoPkmO8vqgYLp0wAIHI6stxuvZMl5","preKeyId":9373}}},"version":"v1"}