{"_sessions":{"BbqEkqfn9RjSg5YluUXFTAl1sUxsBN4/IYBAWbCyW1wa":{"registrationId":1696295589,"currentRatchet":{"ephemeralKeyPair":{"pubKey":"BXgemsPDqNzMrT3X6c83GQiC+92+TV9WSjKJasf81rkN","privKey":"gKo6D2YbN3m5Jxz4Tf9JZlB6Kz0giDzbq6gWBAzrE3M="},"lastRemoteEphemeralKey":"BesBA6B02NtlQjtPk/JWHWShERJFIwagxWI52AyUHNNz","previousCounter":0,"rootKey":"DRz16YWn4zo3Qv5ynd0aBV/UUzNVDP60z3QKotzvIHA="},"indexInfo":{"baseKey":"BbqEkqfn9RjSg5YluUXFTAl1sUxsBN4/IYBAWbCyW1wa","baseKeyType":1,"closed":-1,"used":1748739258066,"created":1748739258066,"remoteIdentityKey":"BRey8uJymZ1cbvaguXrmeUZdUi7Hgi0sLUuyKOtfh5cC"},"_chains":{"BXgemsPDqNzMrT3X6c83GQiC+92+TV9WSjKJasf81rkN":{"chainKey":{"counter":0,"key":"cIzFDj7W/xqx+VP0AHrtIitdtI2l1HepebQNJ3UX2xA="},"chainType":1,"messageKeys":{}}},"pendingPreKey":{"signedKeyId":14,"baseKey":"BbqEkqfn9RjSg5YluUXFTAl1sUxsBN4/IYBAWbCyW1wa","preKeyId":5519752}}},"version":"v1"}