{"_sessions":{"BdN7LhSwHIQ4xpOohk8mAZzn0CUpCDBJNoUp88prZ10c":{"registrationId":833584224,"currentRatchet":{"ephemeralKeyPair":{"pubKey":"BbMtZgCvjGJlSfGsAlhU7d5eqRS1zA3c2R847CccjYd8","privKey":"UHIF9yM3MBeNKW//wsvVPMTEY2tbstppwqmlNbJrAH0="},"lastRemoteEphemeralKey":"BXcagt+9HClB6SLBvftqwMykjOZZcPLfSphNnx19qktz","previousCounter":0,"rootKey":"5Xa/udiLyG0FjfWnE0AIf33HulRYSpKbFaA8cf8UrAw="},"indexInfo":{"baseKey":"BdN7LhSwHIQ4xpOohk8mAZzn0CUpCDBJNoUp88prZ10c","baseKeyType":1,"closed":-1,"used":1748739258239,"created":1748739258239,"remoteIdentityKey":"BWO4QwZXY2yR6C4JnOy8BdIsFJ5YRFIerl655ljVrx4d"},"_chains":{"BbMtZgCvjGJlSfGsAlhU7d5eqRS1zA3c2R847CccjYd8":{"chainKey":{"counter":0,"key":"gHiLa+y4ot1vnITqDJ3BqDze8jkzqqTmib214S3GxJM="},"chainType":1,"messageKeys":{}}},"pendingPreKey":{"signedKeyId":16242595,"baseKey":"BdN7LhSwHIQ4xpOohk8mAZzn0CUpCDBJNoUp88prZ10c","preKeyId":2586}}},"version":"v1"}