{"_sessions":{"BR6MyusxfDlHXEXLY+C75WnrRN6LW8ii0QU3duOl4Nw3":{"registrationId":243561196,"currentRatchet":{"ephemeralKeyPair":{"pubKey":"BQMMTY8JUMnu7kZGhhBtnMChWGlK6zr7t6gMGvvNZGVP","privKey":"iIMAzbJCV/m9+XGpH7FUjd6KO36haTVP8g6VA66/T3I="},"lastRemoteEphemeralKey":"BeTJYdZhsv8UcITmEw4Od0EI++DoD8b4UEiDNlqfxvli","previousCounter":0,"rootKey":"E/2hl5TXe7rdhO50N0Ut5rXo2cfW5nQrgU1NZXtXexs="},"indexInfo":{"baseKey":"BR6MyusxfDlHXEXLY+C75WnrRN6LW8ii0QU3duOl4Nw3","baseKeyType":1,"closed":-1,"used":1748739260140,"created":1748739260140,"remoteIdentityKey":"BR+prrF5JQ2oijrLpfPhYYeG7jqgHAwOxBbet1KVlOQs"},"_chains":{"BQMMTY8JUMnu7kZGhhBtnMChWGlK6zr7t6gMGvvNZGVP":{"chainKey":{"counter":0,"key":"9w4jLrPskIDGu+zFjhpbPJrhVH5Kxc1Y0e08ya730Qs="},"chainType":1,"messageKeys":{}}},"pendingPreKey":{"signedKeyId":7,"baseKey":"BR6MyusxfDlHXEXLY+C75WnrRN6LW8ii0QU3duOl4Nw3","preKeyId":311642}}},"version":"v1"}