{"_sessions":{"BSoT1CwYprreFbzqgj5wqNW/fwr+5TKIdCRWUldXbdMT":{"registrationId":1345585444,"currentRatchet":{"ephemeralKeyPair":{"pubKey":"BVKvJ91w5fYwoX/wUGrUcJgAAPE8Iyk9tZOtGdhHOpJA","privKey":"0DaOzPpLVL7tMdGJ2I8V+OnhwjsoDOpslb7WSAkdp28="},"lastRemoteEphemeralKey":"BVqW2W/bczSk49ysdAQElaDYTchL2pVDHlsP1dYNK/to","previousCounter":0,"rootKey":"4VZBIPn9e/763tN6U3Z7UWSDfb6sCu6zeHJbaSr1Seg="},"indexInfo":{"baseKey":"BSoT1CwYprreFbzqgj5wqNW/fwr+5TKIdCRWUldXbdMT","baseKeyType":1,"closed":-1,"used":1748739256130,"created":1748739256130,"remoteIdentityKey":"BcdjjA+J1AhI9jYot3AiNNY22AddPSWUfAnFFgb1S01s"},"_chains":{"BVKvJ91w5fYwoX/wUGrUcJgAAPE8Iyk9tZOtGdhHOpJA":{"chainKey":{"counter":0,"key":"PJK2FCi+oJ0/mBB+q67z3b/JCDs6nFe0AHJSoEIUaKs="},"chainType":1,"messageKeys":{}}},"pendingPreKey":{"signedKeyId":2,"baseKey":"BSoT1CwYprreFbzqgj5wqNW/fwr+5TKIdCRWUldXbdMT","preKeyId":2458163}}},"version":"v1"}