{"_sessions":{"BZ5LJU0Vl5FhWJ8aa2sOXYggq/8ixXd4yK54kx3cmWE7":{"registrationId":1946057309,"currentRatchet":{"ephemeralKeyPair":{"pubKey":"BQB6/3BuSPO870RiZGmM/AalvwwANQVmDlUeAWP1Dnw5","privKey":"QMfPK5aiaufINF/hgQCt1hOp0KpHHzqj8xIg+SgNxFE="},"lastRemoteEphemeralKey":"BfrkfOY7Ztm9Hsbo4IuBjA10/EdJOBvq8FdDNTd0tr4e","previousCounter":0,"rootKey":"OU2Ia0kV5+oZBy59Wvmb8vKLj6IT9n4v21t29nUeF1g="},"indexInfo":{"baseKey":"BZ5LJU0Vl5FhWJ8aa2sOXYggq/8ixXd4yK54kx3cmWE7","baseKeyType":1,"closed":-1,"used":1748739260301,"created":1748739260301,"remoteIdentityKey":"BVLHP8okvab99j6rUO0Or6uhySdwOcEnSEtNVNoSFkhG"},"_chains":{"BQB6/3BuSPO870RiZGmM/AalvwwANQVmDlUeAWP1Dnw5":{"chainKey":{"counter":0,"key":"khrnbBR3dcizRqZO4ULSk1l49aBrH6BlouUY0GDu+dQ="},"chainType":1,"messageKeys":{}}},"pendingPreKey":{"signedKeyId":3,"baseKey":"BZ5LJU0Vl5FhWJ8aa2sOXYggq/8ixXd4yK54kx3cmWE7","preKeyId":527877}}},"version":"v1"}