{"_sessions":{"BSJCQhNOPiEkwONZER2ZwD9X83hKaecg8q+X1aOhH752":{"registrationId":1753670478,"currentRatchet":{"ephemeralKeyPair":{"pubKey":"BSefwhajE8qHQwEpLBumJ8acXVTj8/EEIorgFickZVs6","privKey":"YClrinYpTQoteanvH7hxmntRanbgpHHvkd/LYOjb4GE="},"lastRemoteEphemeralKey":"BVOJ75vMQZW4X5dbArCSr6M96AtyozCuoQ5QibV7zb0N","previousCounter":0,"rootKey":"lKT1HkehwiewzYQXT5cgKgg8GtdBoN7vcWdvM7FRP1c="},"indexInfo":{"baseKey":"BSJCQhNOPiEkwONZER2ZwD9X83hKaecg8q+X1aOhH752","baseKeyType":1,"closed":-1,"used":1748739256155,"created":1748739256155,"remoteIdentityKey":"BVYwSHG17UJQNhNjxjrAVld3AG1EGhMDed31D9KxqCM5"},"_chains":{"BSefwhajE8qHQwEpLBumJ8acXVTj8/EEIorgFickZVs6":{"chainKey":{"counter":0,"key":"EQKkiGhhr1TuUd8UVoNem7nyVlh0I/28tTKkONsJ6JE="},"chainType":1,"messageKeys":{}}},"pendingPreKey":{"signedKeyId":1,"baseKey":"BSJCQhNOPiEkwONZER2ZwD9X83hKaecg8q+X1aOhH752"}}},"version":"v1"}