{"_sessions":{"BXH0jwIWOr3V8tS7ElPrKT3qDJLSGugnZx94t8CBQE4k":{"registrationId":2121667415,"currentRatchet":{"ephemeralKeyPair":{"pubKey":"BbUGQ+sWWtz0YthXEcFrydLS9s8wnWQJmrUl7JXOYBkm","privKey":"GORhWPa0LINtr0KnmUkcEIi2eutgWYvIAZ9AgG89RVA="},"lastRemoteEphemeralKey":"BVQ2thM35/YoaBTBL2pkNDbnCLgOiaRdHDoB0/1roOo4","previousCounter":0,"rootKey":"kBbS0Gk0daukXLSHHG5/pHEV8GQ2wWBIOhaR3xTRUc0="},"indexInfo":{"baseKey":"BXH0jwIWOr3V8tS7ElPrKT3qDJLSGugnZx94t8CBQE4k","baseKeyType":1,"closed":-1,"used":1748739256234,"created":1748739256234,"remoteIdentityKey":"BdQvhoPwwlWSXAI8a1qUVZPh+L9r3tkUU4HojHFlpDYR"},"_chains":{"BbUGQ+sWWtz0YthXEcFrydLS9s8wnWQJmrUl7JXOYBkm":{"chainKey":{"counter":0,"key":"7sBtHvtGJlJEQWYCRKhm3o724X74TjZDG1rwtcnSzWA="},"chainType":1,"messageKeys":{}}},"pendingPreKey":{"signedKeyId":1,"baseKey":"BXH0jwIWOr3V8tS7ElPrKT3qDJLSGugnZx94t8CBQE4k","preKeyId":14025495}}},"version":"v1"}