{"_sessions":{"BZ7GlKtR/4nSYDpDQ0AcRwPB8DDstcumuL0WOMjxl10F":{"registrationId":663194776,"currentRatchet":{"ephemeralKeyPair":{"pubKey":"BRGHwJDHbXkMCLE4xyo532typ0snWWTfiRCCq9WnLSEs","privKey":"EKNRg6ZhUoSsnbPmOj6GjzmT8SRoKHFuCPyEjU3jM18="},"lastRemoteEphemeralKey":"BUTlrTieMHWa3PW7QGV+StY3Db5mJjjYu82fWLpNnzEh","previousCounter":-1,"rootKey":"nZzdsb/rSrYTKsqSQoRJArCAciLroZndwBZg077zG0A="},"indexInfo":{"baseKey":"BZ7GlKtR/4nSYDpDQ0AcRwPB8DDstcumuL0WOMjxl10F","baseKeyType":2,"closed":-1,"used":1748753945287,"created":1748738750453,"remoteIdentityKey":"BdRd+0YDEX5rJKO1W9coCcKC4L0UrIK7eDfsMwvrkKIN"},"_chains":{"BQ4j2VV+fJQ0JP7hhMkb9+jjxAO9xNng5vpAyk7Ha0hm":{"chainKey":{"counter":3},"chainType":2,"messageKeys":{}},"BUTlrTieMHWa3PW7QGV+StY3Db5mJjjYu82fWLpNnzEh":{"chainKey":{"counter":2,"key":"Tgy3W5f0u3ORadLa4DCMSQGWfaoNUm3ETGVfeWGqPjw="},"chainType":2,"messageKeys":{"0":"u1K6uWcc8HyOnQQZCXYNczMuiN84wVp/LO9dtRLePbA=","1":"90gzhjsd+bNG0onyjkORWTz0vE95h2ft3OfkukLg1qc="}},"BRGHwJDHbXkMCLE4xyo532typ0snWWTfiRCCq9WnLSEs":{"chainKey":{"counter":-1,"key":"dCYyjC9gLu2ABzYH6vK9mfz9d3RyTiH+B1vVpOW6vYo="},"chainType":1,"messageKeys":{}}}}},"version":"v1"}