{"_sessions":{"BdJMGWnCeda+NfUYFswL1dDRTURE8UObZqdcN+KNAjks":{"registrationId":1059798,"currentRatchet":{"ephemeralKeyPair":{"pubKey":"Ba1IH27O5QhJd4t/GNHn/7e2pzKXhtZUl3Acn+H8xcYY","privKey":"cL+zJnz7nm0QVrfrdoBypya0plXm3lI6IsXFkhGi61g="},"lastRemoteEphemeralKey":"BSnQJGO9/KM5vfqUPIVW7BFRnFn/8DkozfFb8t8LyqoY","previousCounter":0,"rootKey":"ZW0JtjhHXQ9FcDtygD1pznM55fD555rP5BbZFZ+mSkM="},"indexInfo":{"baseKey":"BdJMGWnCeda+NfUYFswL1dDRTURE8UObZqdcN+KNAjks","baseKeyType":1,"closed":-1,"used":1748739258045,"created":1748739258045,"remoteIdentityKey":"BU3nc1Q4SncagwicqCtBDtpFQyCeAVc/JJYoNIQ18jwC"},"_chains":{"Ba1IH27O5QhJd4t/GNHn/7e2pzKXhtZUl3Acn+H8xcYY":{"chainKey":{"counter":0,"key":"UMgb6acws6eBGOguQnwaQkUqfHUBKHeCAXcTatMNGu0="},"chainType":1,"messageKeys":{}}},"pendingPreKey":{"signedKeyId":10,"baseKey":"BdJMGWnCeda+NfUYFswL1dDRTURE8UObZqdcN+KNAjks","preKeyId":12784981}}},"version":"v1"}