{"_sessions":{"BapMbagRdRuckg78+N+iKR4pQ3rI4W2Ms4Ho77cfYFov":{"registrationId":261999254,"currentRatchet":{"ephemeralKeyPair":{"pubKey":"BcdZ4HX8dM3jpQV8x5JzNuSl/XofaKcx56yCPMzMSWZS","privKey":"sLRWSoeCSjcMNS8AcS3DKmflqnxJrRnO7ydcCqoFYE8="},"lastRemoteEphemeralKey":"BSxYJDJj4KblgxXrfooBHicGG8mHOEf6Lrz0eHcdo0NJ","previousCounter":0,"rootKey":"WJtKwnSAyjUSlEuOw0Aeo70GVKGakY1IfXYLpnXlTCw="},"indexInfo":{"baseKey":"BapMbagRdRuckg78+N+iKR4pQ3rI4W2Ms4Ho77cfYFov","baseKeyType":1,"closed":-1,"used":1748739260264,"created":1748739260264,"remoteIdentityKey":"Bd7/10rGCNVrPzbzkjjiVSKpLChe2qhOC3dh/irKn0IR"},"_chains":{"BcdZ4HX8dM3jpQV8x5JzNuSl/XofaKcx56yCPMzMSWZS":{"chainKey":{"counter":0,"key":"eLy7IA99Q1bUBnRiuIPdpMYpZhF4hsnRz7phbzsEGUI="},"chainType":1,"messageKeys":{}}},"pendingPreKey":{"signedKeyId":7,"baseKey":"BapMbagRdRuckg78+N+iKR4pQ3rI4W2Ms4Ho77cfYFov"}}},"version":"v1"}