{"_sessions":{"BSLrJAMDWWR1n/SjTe104O4fH6wSEGcKAh1xTL8bsBVK":{"registrationId":980731424,"currentRatchet":{"ephemeralKeyPair":{"pubKey":"Bb4EyyoeG6Nh8u+JmfNFAfD0rWUK+0wRviu+zBkUkasw","privKey":"eLPT0GSuB5BGuJKk2XnZebxTmtvYdPKS56fDTaRaP2Y="},"lastRemoteEphemeralKey":"BVkyZ5GzrZT2kG7G51/ICQVsPgttqdlAIO73AU+NO99m","previousCounter":0,"rootKey":"h7fn1lU8oOWZTq3GqH5LX7RPAbN85XmWpEeI9LBdMAU="},"indexInfo":{"baseKey":"BSLrJAMDWWR1n/SjTe104O4fH6wSEGcKAh1xTL8bsBVK","baseKeyType":1,"closed":-1,"used":1748739258225,"created":1748739258225,"remoteIdentityKey":"BQkw+jTvbbHW4Q+3cgQ7cOjbZbXVh7A1G8sC23e0kNx2"},"_chains":{"Bb4EyyoeG6Nh8u+JmfNFAfD0rWUK+0wRviu+zBkUkasw":{"chainKey":{"counter":0,"key":"R9agO52eJY4i8x7O8guAbVw/dCKZ6TAsCtv4R+eIG2o="},"chainType":1,"messageKeys":{}}},"pendingPreKey":{"signedKeyId":5,"baseKey":"BSLrJAMDWWR1n/SjTe104O4fH6wSEGcKAh1xTL8bsBVK","preKeyId":9188368}}},"version":"v1"}