{"_sessions":{"BZ8kOiFzF0j94QHZGYXgU1Beh4RXZxYgBTdnOmjV9DU9":{"registrationId":858891292,"currentRatchet":{"ephemeralKeyPair":{"pubKey":"BTY4RwlNrgFqGFyl+oFUuH7zArXu8eLSGJwzzF6QcZFV","privKey":"sFdYtIPwjGgmtJIinJdY3NRkrfTtN1y5eICIZsx9k30="},"lastRemoteEphemeralKey":"BS9M0p1gFE4FG3CYd/eykVKz9KEFMweJgriUD8L55v9D","previousCounter":0,"rootKey":"wUbGhxXf+Z6Y5lj+Qy5LTAWf+gwRyJDoYMmxH/U7uoY="},"indexInfo":{"baseKey":"BZ8kOiFzF0j94QHZGYXgU1Beh4RXZxYgBTdnOmjV9DU9","baseKeyType":1,"closed":-1,"used":1748739260163,"created":1748739260163,"remoteIdentityKey":"BYQIXvGSTZEmZTL/RzwPfqyydXx5+faaY32Vj/nt9LxC"},"_chains":{"BTY4RwlNrgFqGFyl+oFUuH7zArXu8eLSGJwzzF6QcZFV":{"chainKey":{"counter":0,"key":"WNFhedD0wFUoPDbsup6d4Y/4cctDD52ac9OvHRnIAqQ="},"chainType":1,"messageKeys":{}}},"pendingPreKey":{"signedKeyId":9,"baseKey":"BZ8kOiFzF0j94QHZGYXgU1Beh4RXZxYgBTdnOmjV9DU9","preKeyId":11362431}}},"version":"v1"}