{"_sessions":{"BRfbErIFHN0+hT2YQxD3aAI+LY+pdBoSVIo/wMGMWNJ4":{"registrationId":1958369130,"currentRatchet":{"ephemeralKeyPair":{"pubKey":"BY+KBOok+NtGQ3iF1+Ilo4npUdwpenSRIpGqUQMoBtEp","privKey":"yNb7L0wPgmh61SEPMWg9De+lxYLKs/Pa0nDvES4Lykg="},"lastRemoteEphemeralKey":"BXTj1sF/ispJooiocDNA0pB6JvnkiASMJMBzj3My3Mh7","previousCounter":0,"rootKey":"lQu3zdvwsHqL6wgm+ZiwVb3eKDP4Le2Chs+GUzv2CUI="},"indexInfo":{"baseKey":"BRfbErIFHN0+hT2YQxD3aAI+LY+pdBoSVIo/wMGMWNJ4","baseKeyType":1,"closed":-1,"used":1748739256091,"created":1748739256091,"remoteIdentityKey":"BXvWm19atPPJoplcsqUJzexgBYPZ+/pkfdhB2K6BpyNv"},"_chains":{"BY+KBOok+NtGQ3iF1+Ilo4npUdwpenSRIpGqUQMoBtEp":{"chainKey":{"counter":0,"key":"eJRf2sNE3jvZdYJcq3xmtMBMkWGTLUjTKtHiLurH0aI="},"chainType":1,"messageKeys":{}}},"pendingPreKey":{"signedKeyId":1,"baseKey":"BRfbErIFHN0+hT2YQxD3aAI+LY+pdBoSVIo/wMGMWNJ4","preKeyId":950}}},"version":"v1"}