{"_sessions":{"BYg+Gcdw3pxjHHNH1lwJBrBr8qw2UtpW6if19MXj6bVy":{"registrationId":1499579598,"currentRatchet":{"ephemeralKeyPair":{"pubKey":"BQjZ5aWll4fS7ziuI8GljQLK2SP0RM5KrVMJ2RPmcYoQ","privKey":"WMMPFhnJoJoFnpXGKBsfbgjXVSyIYlVKLBZCNZ93WEg="},"lastRemoteEphemeralKey":"BeBuxEWQnyZWJ/aKgU1gvrfc9auHtC0f/S9785hVKtBe","previousCounter":0,"rootKey":"JWcSvyNOYmACZdrsdqhc/KgncO/PAwgZk/gUJr9+HZw="},"indexInfo":{"baseKey":"BYg+Gcdw3pxjHHNH1lwJBrBr8qw2UtpW6if19MXj6bVy","baseKeyType":1,"closed":-1,"used":1748739256211,"created":1748739256211,"remoteIdentityKey":"BaULkTs2rzCoXtxsG7fkPM8ORm8bmOeFwtJF4CXXAlo4"},"_chains":{"BQjZ5aWll4fS7ziuI8GljQLK2SP0RM5KrVMJ2RPmcYoQ":{"chainKey":{"counter":0,"key":"aGUcpKY5khBCoqeXGYcIVO2GeALUTJWXOy+yL+6eLhM="},"chainType":1,"messageKeys":{}}},"pendingPreKey":{"signedKeyId":6,"baseKey":"BYg+Gcdw3pxjHHNH1lwJBrBr8qw2UtpW6if19MXj6bVy","preKeyId":3999727}}},"version":"v1"}