{"_sessions":{"BaS82KLIUHpi7c499I1NtUSilf5Gap+JQH9SmcwlD9dM":{"registrationId":15364,"currentRatchet":{"ephemeralKeyPair":{"pubKey":"BSoJ28ijG/tylSUsR7MSM6zjdW0DpI1h4qJHfHkfSEJK","privKey":"2CcIm9xOjUGSn25Sd94hxrwPXxdXhdNmNOaY9SApDHU="},"lastRemoteEphemeralKey":"BeqnMfPUuTcKP+VJ7Jj4DDqcBH9Uc2G6zYrPef0Tr8N2","previousCounter":0,"rootKey":"uA1gnUXpolLw1pl58DK3Hk4gEjdIC9Wp+MNDBIqOBm0="},"indexInfo":{"baseKey":"BaS82KLIUHpi7c499I1NtUSilf5Gap+JQH9SmcwlD9dM","baseKeyType":1,"closed":-1,"used":1748739256074,"created":1748739256074,"remoteIdentityKey":"BcsNCgHcy0gD2pILNpvuOVhrd5caV07TwPmygDvOE05G"},"_chains":{"BSoJ28ijG/tylSUsR7MSM6zjdW0DpI1h4qJHfHkfSEJK":{"chainKey":{"counter":0,"key":"kV3Bj0q4Gh/8t6EoT+wRd1mx1rGzRZArh0NtvCZGKZk="},"chainType":1,"messageKeys":{}}},"pendingPreKey":{"signedKeyId":1,"baseKey":"BaS82KLIUHpi7c499I1NtUSilf5Gap+JQH9SmcwlD9dM"}}},"version":"v1"}