{"_sessions":{"BX+5YsgSLwQUXAcV/HSuh/uBXoDLWUix792vI4p7CtNF":{"registrationId":1183010339,"currentRatchet":{"ephemeralKeyPair":{"pubKey":"BfJXx0lGAi4xwMFfaWvgA+keJD0vX8CS4V2WHhEuhJ85","privKey":"mJ6sJmEzmHt3dZk2N9TvODrVtarPCUQz0HAOU7CJS28="},"lastRemoteEphemeralKey":"Be2Kk4rlc6+8cTLPz+Co+NruQWYoycsAhkEF3FrVbShw","previousCounter":0,"rootKey":"Zr2+mByMoy8Ep+UKXAbhQSUsYEJ67aX7S1rAAGLsIzQ="},"indexInfo":{"baseKey":"BX+5YsgSLwQUXAcV/HSuh/uBXoDLWUix792vI4p7CtNF","baseKeyType":1,"closed":-1,"used":1748739256265,"created":1748739256265,"remoteIdentityKey":"Bdg3jQqUn+bDE7N8sJ4KlTbdnkRSAwUCVcJg2mz7OYIb"},"_chains":{"BfJXx0lGAi4xwMFfaWvgA+keJD0vX8CS4V2WHhEuhJ85":{"chainKey":{"counter":0,"key":"WxJBj+MQDYdCuoPSal4ppmox51OqFG9+jDScyVH+x6U="},"chainType":1,"messageKeys":{}}},"pendingPreKey":{"signedKeyId":1,"baseKey":"BX+5YsgSLwQUXAcV/HSuh/uBXoDLWUix792vI4p7CtNF","preKeyId":3608215}}},"version":"v1"}