{"_sessions":{"BVOZSKHnc3++3REZnzKsjk0sX/qUug5jB8spBhnXy5hw":{"registrationId":167731077,"currentRatchet":{"ephemeralKeyPair":{"pubKey":"BR+5JHeYf58XbGY71rI5b3fjHbM8hchl8/HceJKojjJi","privKey":"0Iyl6TytKmNToRE10hkkOIncHmr5egoS57SztYfsLno="},"lastRemoteEphemeralKey":"BRdjUJgRaWOFlKQ8Hfp/cfIXS6i2AJJkntt3cxRbHTZZ","previousCounter":0,"rootKey":"ZAt6FKPdoezfr5LKjq9V1p0bYqSoK3fO7PX7nz/U0So="},"indexInfo":{"baseKey":"BVOZSKHnc3++3REZnzKsjk0sX/qUug5jB8spBhnXy5hw","baseKeyType":1,"closed":-1,"used":1748739258057,"created":1748739258057,"remoteIdentityKey":"BYcgqsKYcpd5kiQCWoaNgSAhWVw6cEPtS2hMLwZXaqZ4"},"_chains":{"BR+5JHeYf58XbGY71rI5b3fjHbM8hchl8/HceJKojjJi":{"chainKey":{"counter":0,"key":"lDk1FRyDt/bAN325FgW/Yd435rcOljtegblZwR1Tmhs="},"chainType":1,"messageKeys":{}}},"pendingPreKey":{"signedKeyId":861459,"baseKey":"BVOZSKHnc3++3REZnzKsjk0sX/qUug5jB8spBhnXy5hw","preKeyId":34456}}},"version":"v1"}