{"_sessions":{"BcEQFZW51qo4wfgu0iSdqL/en2z4cHoU7NUWbSSrAecY":{"registrationId":501043306,"currentRatchet":{"ephemeralKeyPair":{"pubKey":"BV9NiifhyUV3m86849U91Lznbm12CE09M3iCxA1A5iRD","privKey":"+N5pP6Ue7/RQztHJxgBiRP5ettL/qdCXaKf1fYzPE2I="},"lastRemoteEphemeralKey":"BXRBpJ+YF2Y4sF1/lTrcrPy06YAOYxXDnpHQKGeeKQtN","previousCounter":0,"rootKey":"7BU0iS7LiF3lGztfY16BmITLJxoOGOCAkjjXADw9vdI="},"indexInfo":{"baseKey":"BcEQFZW51qo4wfgu0iSdqL/en2z4cHoU7NUWbSSrAecY","baseKeyType":1,"closed":-1,"used":1748739256188,"created":1748739256188,"remoteIdentityKey":"BUUR5lTf0nbM7EvQ3v4BRypBVHkzDuD98J92uql/xzVD"},"_chains":{"BV9NiifhyUV3m86849U91Lznbm12CE09M3iCxA1A5iRD":{"chainKey":{"counter":0,"key":"1uiYJxt2UbArKidGNQy0gM/DBj/2bwH0g2LimVS0/aM="},"chainType":1,"messageKeys":{}}},"pendingPreKey":{"signedKeyId":0,"baseKey":"BcEQFZW51qo4wfgu0iSdqL/en2z4cHoU7NUWbSSrAecY","preKeyId":2837436}}},"version":"v1"}