{"_sessions":{"BSSzjRbOW3fM7FVt4FTJAyeUn1d1JUwkI58r1aKiJihe":{"registrationId":2131430373,"currentRatchet":{"ephemeralKeyPair":{"pubKey":"BS1958DvYQuQOn6mvhIr/lRq5m6iisLr3xKf0VdIBUpR","privKey":"IOXQKpbbsAFFsdKiDUIQ1K3WrgqdI6xZtTmiNNmhsnw="},"lastRemoteEphemeralKey":"BbQwQTfH5orTPERVCWn0x0WHK9X7Y1VyNnCYfeLZ4OAo","previousCounter":0,"rootKey":"UuhCpVgUty0fJ6l5pCsudmQOicx5QrZDty9owFwI98E="},"indexInfo":{"baseKey":"BSSzjRbOW3fM7FVt4FTJAyeUn1d1JUwkI58r1aKiJihe","baseKeyType":1,"closed":-1,"used":1748739258110,"created":1748739258110,"remoteIdentityKey":"BSKlHN4ypcTF6I/7X1BeRHxKEhmN/S2zc1iI3+t5NOgW"},"_chains":{"BS1958DvYQuQOn6mvhIr/lRq5m6iisLr3xKf0VdIBUpR":{"chainKey":{"counter":0,"key":"PoFzGOC1+Ncb+1/Xw6DDyMGRXe3x+AmDjo5v06XkYiM="},"chainType":1,"messageKeys":{}}},"pendingPreKey":{"signedKeyId":11,"baseKey":"BSSzjRbOW3fM7FVt4FTJAyeUn1d1JUwkI58r1aKiJihe","preKeyId":7688934}}},"version":"v1"}