{"_sessions":{"Bes2askavmWpivmIVWlnmZf6/kF4nDqYmNjz/6O1uZQk":{"registrationId":1828602153,"currentRatchet":{"ephemeralKeyPair":{"pubKey":"BV6n9nl0YPsqgvzmOWyL6UzSoH2LifJ9izpQB70fKBVx","privKey":"2JEEclN9Co3PMrP4iBd8afjekyE2af5YNiP/Wzc2JW8="},"lastRemoteEphemeralKey":"BYN4SU2FbeLryk16izQDZLprHCmz1pP2lUI9hO2U1WBD","previousCounter":0,"rootKey":"uGs8zbY4z099hTbZeM1xE4S2onr6f9Zi06xPlYvDTU8="},"indexInfo":{"baseKey":"Bes2askavmWpivmIVWlnmZf6/kF4nDqYmNjz/6O1uZQk","baseKeyType":1,"closed":-1,"used":1748739258268,"created":1748739258268,"remoteIdentityKey":"BVK65XqJlnhGDUCCNMQekjPHdHv/EohlCwNpn5KZfR9L"},"_chains":{"BV6n9nl0YPsqgvzmOWyL6UzSoH2LifJ9izpQB70fKBVx":{"chainKey":{"counter":0,"key":"4eB2d90zGozIU3vRzpO0+pq8Dz3GcPPtA/gVE3SriSU="},"chainType":1,"messageKeys":{}}},"pendingPreKey":{"signedKeyId":840844,"baseKey":"Bes2askavmWpivmIVWlnmZf6/kF4nDqYmNjz/6O1uZQk","preKeyId":3426}}},"version":"v1"}