{"_sessions":{"BRyEWpGwN/mN5YZ9IQefwPMiuJM0+jDr3VtF4tkOgOcl":{"registrationId":899414472,"currentRatchet":{"ephemeralKeyPair":{"pubKey":"BdT88uy3wkPHKwh+T6PJ5bqY7iBZd+2VfumxBoCaJCoD","privKey":"CB6e1KRu4W3zIGwJ0gnEeJBZSDrrLOVg935ljZR2bFs="},"lastRemoteEphemeralKey":"BSw0v6/xmRixJHw4IR4hJ21vJbbkqalbhijZ0gr5kHYh","previousCounter":0,"rootKey":"tozp844CbCmVrnL8ht2bxpXq5kYfUCRe07jRQVfhQZU="},"indexInfo":{"baseKey":"BRyEWpGwN/mN5YZ9IQefwPMiuJM0+jDr3VtF4tkOgOcl","baseKeyType":1,"closed":-1,"used":1748739256274,"created":1748739256274,"remoteIdentityKey":"BfxivbQwZH9effx4QwgTUzfvdrgd2UfqJmTd5sbKQ0Rf"},"_chains":{"BdT88uy3wkPHKwh+T6PJ5bqY7iBZd+2VfumxBoCaJCoD":{"chainKey":{"counter":0,"key":"GdzoY/Xke0DIh7UeG/3rhkOWl2RaBUJYkI5j44I6AZ0="},"chainType":1,"messageKeys":{}}},"pendingPreKey":{"signedKeyId":32,"baseKey":"BRyEWpGwN/mN5YZ9IQefwPMiuJM0+jDr3VtF4tkOgOcl","preKeyId":12332736}}},"version":"v1"}