{"_sessions":{"BfHQstDa2Qn2z0d97TPWSFeGcaBlBvk3s7+4oN8sLMoO":{"registrationId":463910215,"currentRatchet":{"ephemeralKeyPair":{"pubKey":"BfsOiizJwa5YNgFQ+WKAaZ9ZyxdmiWLp8szvyaU5dAJa","privKey":"YBHBMjxuzrXHWM2rtpFcvjTnOv5Ho81RtUmJNqEj0kA="},"lastRemoteEphemeralKey":"BTQjawK20MT0ytWfsUodMy5a4jZD5Qm2CdZntW3WvDtt","previousCounter":0,"rootKey":"6LvFrmudIv5LU2PKUQYXdNuiJeStjcJuafAFWpMDOSs="},"indexInfo":{"baseKey":"BfHQstDa2Qn2z0d97TPWSFeGcaBlBvk3s7+4oN8sLMoO","baseKeyType":1,"closed":-1,"used":1748739260191,"created":1748739260191,"remoteIdentityKey":"BYIKCWU5DNtxvv6Fsk0PmEbcSPE0v7Cj5IabN05Lx+1p"},"_chains":{"BfsOiizJwa5YNgFQ+WKAaZ9ZyxdmiWLp8szvyaU5dAJa":{"chainKey":{"counter":0,"key":"LM9Qs/ps/KsY4WZtk5z9eBnaXWjeQi4UQrpVlGo2lK0="},"chainType":1,"messageKeys":{}}},"pendingPreKey":{"signedKeyId":0,"baseKey":"BfHQstDa2Qn2z0d97TPWSFeGcaBlBvk3s7+4oN8sLMoO","preKeyId":15011256}}},"version":"v1"}