{"_sessions":{"Bf6LkBszVxeCHjVVzriTfNpVgPNXQdwHr7qxALLnVgdo":{"registrationId":725023476,"currentRatchet":{"ephemeralKeyPair":{"pubKey":"BXOx6alyverX4BKCiq+HhK/eIqiVorTo8UJpq09uqu1O","privKey":"kHX6zT8weR13i02SDilFAoGi0n1PAGjOD5Z5uhpCKVU="},"lastRemoteEphemeralKey":"BZpfuPpOtYBKbPeSzh2pcURkrsuRgRTbZfGYZN2wSr9h","previousCounter":0,"rootKey":"Z7jaHxmDSJCmaqJY+DOxI3jQpg9pA9QIxmDiwYLLVRY="},"indexInfo":{"baseKey":"Bf6LkBszVxeCHjVVzriTfNpVgPNXQdwHr7qxALLnVgdo","baseKeyType":1,"closed":1748738477017,"used":1748728276915,"created":1748728175704,"remoteIdentityKey":"BS9uxzgLvDF1tSZwm0/uzpZscsH7EJ+Q4y5InUKWe2Jr"},"_chains":{"BZ5Pc8TCC0jmWXHD7iT3zv//YKDX9iGv/hlSzDedWp5U":{"chainKey":{"counter":0},"chainType":2,"messageKeys":{}},"BVsJoBIcxulqo3n4pHJhabFn9G5dI+OKYxp6NLwNKb8P":{"chainKey":{"counter":0},"chainType":2,"messageKeys":{}},"BcZuHfZIcgjWUYvnMsZB+jWyBHU1JehLtZELBmj8jIs2":{"chainKey":{"counter":0},"chainType":2,"messageKeys":{}},"BZnBkuBq7oikAAoCKmJctcDuqCaUaxtJ3L47vTfpieE4":{"chainKey":{"counter":0},"chainType":2,"messageKeys":{}},"BfIKc5iIg8KVk829E0WnO1lxEK0nPepUmW6sKbvxHlw1":{"chainKey":{"counter":0},"chainType":2,"messageKeys":{}},"BcVlwwkRJbKrK6EQdkX24mLmea/apgXs1XhcjgxJIUwN":{"chainKey":{"counter":0},"chainType":2,"messageKeys":{}},"BX1kDtnIa0C+UmaX41txk8ARIewkvKAfUGA5G0ZY+kZj":{"chainKey":{"counter":0},"chainType":2,"messageKeys":{}},"BWj2JkB3cu7lcS6ruvvG9M19Xdw6FA1XB6zEHK9IOmUw":{"chainKey":{"counter":0},"chainType":2,"messageKeys":{}},"BcCOLF0gU1fGWN9XzAvV9RO4euj7nA6PbYE+Y/iU0nUT":{"chainKey":{"counter":0},"chainType":2,"messageKeys":{}},"BV5Td3RGLRBbki21dLusrV/g/ObFvJ6aOv1yuraHozEB":{"chainKey":{"counter":0},"chainType":2,"messageKeys":{}},"BfvzZXXUxHIcWPxTB4nyPrgpmnPNLf/nbCxwFdU4CYgB":{"chainKey":{"counter":0},"chainType":2,"messageKeys":{}},"BckedBCnG4X0mWrQHqTiXpBPLOqZ6lb7UNPGGMMqHi5h":{"chainKey":{"counter":0},"chainType":2,"messageKeys":{}},"BZDtr7g2xyEz2CVItXf05UmpwYAABPV0IbwId2w6Fb0K":{"chainKey":{"counter":0},"chainType":2,"messageKeys":{}},"BZ66vKYB/FBlEu8XGE1dR4zk+CRT9D7hXFTukx0RXJFE":{"chainKey":{"counter":0},"chainType":2,"messageKeys":{}},"BV0OB2KAmj2KSRDvdKUGoyyOHpP36urCb4OnQM0aPPIw":{"chainKey":{"counter":0},"chainType":2,"messageKeys":{}},"BRzunyZmC5WNjjllquA4sQzUUW6zD7ipSoge0NGoYIgc":{"chainKey":{"counter":0},"chainType":2,"messageKeys":{}},"BYBNBol7ho31jGZNZ6l4mphi8orWmf4dTTDrm2FZ+Wsc":{"chainKey":{"counter":0},"chainType":2,"messageKeys":{}},"BZEYl4e/mAGEuHjT9uvPErv1atG0TmtRJVs8AEulPK9S":{"chainKey":{"counter":0},"chainType":2,"messageKeys":{}},"BZpfuPpOtYBKbPeSzh2pcURkrsuRgRTbZfGYZN2wSr9h":{"chainKey":{"counter":0,"key":"QEHdjTb6hElw/o52rTkX9looTuVxhWifRK42Q8DlPGk="},"chainType":2,"messageKeys":{}},"BXOx6alyverX4BKCiq+HhK/eIqiVorTo8UJpq09uqu1O":{"chainKey":{"counter":0,"key":"4enNHIjK9BKaRfyNfI33P+2Fjay8rFzTU+w+IK7+sgM="},"chainType":1,"messageKeys":{}}}},"BdoN0yOjhPcG+K0vEhJLcAoj54ec68Zy+Qe9LJndf69y":{"registrationId":725023476,"currentRatchet":{"ephemeralKeyPair":{"pubKey":"BcJVAH6P3Gb3O5zgWoDdtzUBBOxi9qAB8XYXLdtqdf8F","privKey":"UKCmU5BIwUpeHMSk28UT0U5nmizTeoxfjKcya4GiSl4="},"lastRemoteEphemeralKey":"Bcsj0WDx7UnMJm2EoTb7mubYk61Up2zBLhr77AUyAosP","previousCounter":0,"rootKey":"4Y9qy3GBDxKllrVRk9H5iQN2APPpdPIG7l7YGn9cqr4="},"indexInfo":{"baseKey":"BdoN0yOjhPcG+K0vEhJLcAoj54ec68Zy+Qe9LJndf69y","baseKeyType":1,"closed":1748753945932,"used":1748739893705,"created":1748738477016,"remoteIdentityKey":"BS9uxzgLvDF1tSZwm0/uzpZscsH7EJ+Q4y5InUKWe2Jr"},"_chains":{"BQgGR0/Dk9kzFoNnv0jM99mklPEgoQjybu/51mYNjv9+":{"chainKey":{"counter":0},"chainType":2,"messageKeys":{}},"BR/Ef4RJ2O/XksZiMbEv1qJkky/jUBBuU8bE/DkUQLEd":{"chainKey":{"counter":1},"chainType":2,"messageKeys":{}},"Belswq/38n8sMTIV9BArt6RGlniso63xbAjqzu0V36Ar":{"chainKey":{"counter":1},"chainType":2,"messageKeys":{}},"BVs1O2hnZKE5pcXWdSOY8Ik6rixfNBXGOuqa5kdemkcB":{"chainKey":{"counter":0},"chainType":2,"messageKeys":{}},"Beuy3AaSIvADjW3ah/GwWj0NE3BEmoD/M7c+v97t8aAZ":{"chainKey":{"counter":0},"chainType":2,"messageKeys":{}},"BbYk6rc1RcVsvyBKOxhOBonbkd7LtAnF7Z0Ks8lcFScF":{"chainKey":{"counter":0},"chainType":2,"messageKeys":{}},"BeaiiqwXR/C83RcCk7rwlw+l33QL/YTgd4ui4yP7olUV":{"chainKey":{"counter":0},"chainType":2,"messageKeys":{}},"BRDKbzrb2CnCGqBaKG+gdLiHgLS1fcneQsJTavOgZMIw":{"chainKey":{"counter":4},"chainType":2,"messageKeys":{}},"BbXZE4NoOaTa0BKgwFCXkkK3yZf+f2uBhEkyr87Wv7wb":{"chainKey":{"counter":0},"chainType":2,"messageKeys":{}},"BdyrMzfb8o+M2P68Lc2FIbuSfkeQ7QmOZSTvMw1RcrlA":{"chainKey":{"counter":0},"chainType":2,"messageKeys":{}},"BQJUGltXS5qkG0F8B+dW9huq0AXe3dMT5FaYi/NG/mRL":{"chainKey":{"counter":1},"chainType":2,"messageKeys":{}},"BcUhdQCcAdAdnrUQ8j/nYtdiv0fDSG808Uo/F1c3uk1/":{"chainKey":{"counter":1},"chainType":2,"messageKeys":{}},"Bb7/EqSTqkNbJcscIL+BFQhJzkywOvzoI7+jL0xnW9gY":{"chainKey":{"counter":0},"chainType":2,"messageKeys":{}},"BbqqrzLWRQB2DiJI12ET4/sXQg33ShVo/4rYH3YLd3Bo":{"chainKey":{"counter":1},"chainType":2,"messageKeys":{}},"BUJYIdb2HFNJ867y3+P1z0LDc145wQvKrw7/7dSij6oM":{"chainKey":{"counter":0},"chainType":2,"messageKeys":{}},"BcZAiNzKbMQSjbWO1P3S4hZUBJmgQtlSolOkrI2mrH8W":{"chainKey":{"counter":2},"chainType":2,"messageKeys":{}},"BT08Zghjsjv2tv7TxVYWhBYOBZbiOVVS/KPUxmfFhU0Y":{"chainKey":{"counter":2},"chainType":2,"messageKeys":{}},"BfYmVt3x78Wjr2WCDkxDCq6cgCA0gd5aKSQISaM5cl5W":{"chainKey":{"counter":1},"chainType":2,"messageKeys":{}},"BcVEzDMoG9petPPQbrzKjuWS9TSPkCuprsbu08IEDAMt":{"chainKey":{"counter":0},"chainType":2,"messageKeys":{}},"BUFXG+KiaWpJUxFVuYHg3PBOC9bDRljm1R29geLbc90i":{"chainKey":{"counter":0},"chainType":2,"messageKeys":{}},"Bflv4EmFz435FFedbgaKJ65s/CTt7hhYFs7thvM8zngQ":{"chainKey":{"counter":0},"chainType":2,"messageKeys":{}},"Bd2z6UppiXVjKvnzn/wRSaCtoO6mkY1YgaEXsQulxfRP":{"chainKey":{"counter":0},"chainType":2,"messageKeys":{}},"BSafrCJEdxKaZHDhCUCCZbyLnGOd6df8NgHmuyVSMP8M":{"chainKey":{"counter":1},"chainType":2,"messageKeys":{}},"Be2XB22kT3nZEjMUmFs1Y+vu16JV8dSuiUpl9zNI0x40":{"chainKey":{"counter":0},"chainType":2,"messageKeys":{}},"Bf8OultYNS8NYicv/a/RJB6KgQHrqZFLKBISOvpemsV2":{"chainKey":{"counter":0},"chainType":2,"messageKeys":{}},"BVam0ObESySVBlaUUVVTpQIQX+M1PBXbN9wTg4zCbHNq":{"chainKey":{"counter":0},"chainType":2,"messageKeys":{}},"BZNIJATprvrSaUcJJdc4spfbLSY/ANFXJWHd7GaQYxt1":{"chainKey":{"counter":0},"chainType":2,"messageKeys":{}},"BaYurGBBfIy6wyBQY6BMBxdEoLDWxOq3C4iILZDUloFk":{"chainKey":{"counter":0},"chainType":2,"messageKeys":{}},"BQFJG00BB/p+oNAz9dTvHgMt5aAgsbCti8u1dTczQVsK":{"chainKey":{"counter":0},"chainType":2,"messageKeys":{}},"BR4OFh16YlgM4u5dpGziFmSZuhhJQb9JPULaNF33uoMZ":{"chainKey":{"counter":0},"chainType":2,"messageKeys":{}},"BZ0VZeQWzEqLQ4vhQkLNMuPMRg7Nd+55YYQ+rY8yYpUl":{"chainKey":{"counter":0},"chainType":2,"messageKeys":{}},"BU0zeIg0k5rryBeiKMRpTRfH/Y9oAQE+Y4TOi9j3GlUj":{"chainKey":{"counter":0},"chainType":2,"messageKeys":{}},"Bcsj0WDx7UnMJm2EoTb7mubYk61Up2zBLhr77AUyAosP":{"chainKey":{"counter":0,"key":"fOL2UORAbl87P3TerS/8tKkMDxZoVgGRc+eBbK2lq3c="},"chainType":2,"messageKeys":{}},"BcJVAH6P3Gb3O5zgWoDdtzUBBOxi9qAB8XYXLdtqdf8F":{"chainKey":{"counter":0,"key":"9vbkEmgR5lKpwTCpvsNLt+cq19MbmBxFLpla7TqVDLg="},"chainType":1,"messageKeys":{}}}},"Bdk5emG9r/KbNiay8NUa7kRER+f901M5seqQGsgPOM55":{"registrationId":725023476,"currentRatchet":{"ephemeralKeyPair":{"pubKey":"BVA5KhucdMdwLT5xzo3UIaBBdFjyeb1f2sWplZcQdzdH","privKey":"+FWhgHSBq2p/G14UxH0wMRSpb15yePV6tipaEvcoWno="},"lastRemoteEphemeralKey":"BYCnbvz5cHWRiy2aXBKFaLUUG7RBCsh2BLs/IQMgt7Mp","previousCounter":0,"rootKey":"FZ+OStwIMVstjEPWS21ppZtdCzz7J2GiNssilSZyNzE="},"indexInfo":{"baseKey":"Bdk5emG9r/KbNiay8NUa7kRER+f901M5seqQGsgPOM55","baseKeyType":1,"closed":-1,"used":1748753950548,"created":1748753945917,"remoteIdentityKey":"BS9uxzgLvDF1tSZwm0/uzpZscsH7EJ+Q4y5InUKWe2Jr"},"_chains":{"BYCnbvz5cHWRiy2aXBKFaLUUG7RBCsh2BLs/IQMgt7Mp":{"chainKey":{"counter":0,"key":"xR8dG8icVlc4Kk1rMVQNI23OnPUeTO6LZBiujLdGUzY="},"chainType":2,"messageKeys":{}},"BVA5KhucdMdwLT5xzo3UIaBBdFjyeb1f2sWplZcQdzdH":{"chainKey":{"counter":-1,"key":"0cmZyi4cFjpzJ93aSdOwXFXF2/GM6uknV5cjQ+v5Puw="},"chainType":1,"messageKeys":{}}}}},"version":"v1"}