{"_sessions":{"BVNHdiwS0ATAkf5kYaR5j+gVZyD0Rb7wtXn3sPgKsPJb":{"registrationId":1221429487,"currentRatchet":{"ephemeralKeyPair":{"pubKey":"BXmX6a43R0rMjU/qKSOno5007J2lnzXdJyKf6yqMt+AV","privKey":"KEzuNVKDtQlAwJryWpje3JknLtqQuB9H5QH3PgO8E1U="},"lastRemoteEphemeralKey":"BTSu4Y/a1w9lruUZI8TxS7ILgOviiBN5T/cNWBHuay0s","previousCounter":0,"rootKey":"y0RvJBNMNmCXFOTx1K15wm8nTdx+QZpaEqSCz8p+wwI="},"indexInfo":{"baseKey":"BVNHdiwS0ATAkf5kYaR5j+gVZyD0Rb7wtXn3sPgKsPJb","baseKeyType":1,"closed":-1,"used":1748739258211,"created":1748739258211,"remoteIdentityKey":"BXJykoBgJ+S6ZbEQIzdEfJN2SdOk4aS+zqTjyTHCHfUc"},"_chains":{"BXmX6a43R0rMjU/qKSOno5007J2lnzXdJyKf6yqMt+AV":{"chainKey":{"counter":0,"key":"FWutlNpxsqK+XSU5tBO1bnr1Pse1LgCzmzDrr4Yidys="},"chainType":1,"messageKeys":{}}},"pendingPreKey":{"signedKeyId":1,"baseKey":"BVNHdiwS0ATAkf5kYaR5j+gVZyD0Rb7wtXn3sPgKsPJb","preKeyId":10323264}}},"version":"v1"}