{"_sessions":{"BZj7zLgi1W9xihZSz3L+5BKkO0xufJwxPePY+U13Yrtx":{"registrationId":1615527420,"currentRatchet":{"ephemeralKeyPair":{"pubKey":"Bb28R3/GmgpkLLPBXM5YG/yEvHtfPo2Y0yBfBxCTbWtU","privKey":"8IJ0AKBOETsoF/YIEDYWupLzYgRBeAjGrcIaasCg120="},"lastRemoteEphemeralKey":"BX+8m/GErkRSVCTESenfoqZ2e1bvmAYfq+TX2aj+lN0B","previousCounter":0,"rootKey":"PZXEguiLBs0rKYkz/ydCk3PRaH3oNkP4r/JWApFrS9E="},"indexInfo":{"baseKey":"BZj7zLgi1W9xihZSz3L+5BKkO0xufJwxPePY+U13Yrtx","baseKeyType":2,"closed":-1,"used":1748739236682,"created":1748739236682,"remoteIdentityKey":"BSxA0SDKsYGUqrjnIywy8QSy7utJjLvmsL59HMcqsTlU"},"_chains":{"BX+8m/GErkRSVCTESenfoqZ2e1bvmAYfq+TX2aj+lN0B":{"chainKey":{"counter":1,"key":"uWGwkBcCTH84v+88DGCic+vfwZd0fNy7OVsvkWuzAMY="},"chainType":2,"messageKeys":{"0":"FO5/FRNVzbgyR/mBY0EERdKhyOhg5Sm9eaHBkYUVsjw="}},"Bb28R3/GmgpkLLPBXM5YG/yEvHtfPo2Y0yBfBxCTbWtU":{"chainKey":{"counter":0,"key":"yyP9VnYls8hGYeQ8zA13DzdGDPMDwlEwTTmvCDcA7oE="},"chainType":1,"messageKeys":{}}}}},"version":"v1"}