{"_sessions":{"BX/3LNGrFY+ZKrpiZPbqUfwy2SB6p6FLJbWuD/v/ISpb":{"registrationId":2110107755,"currentRatchet":{"ephemeralKeyPair":{"pubKey":"BfxEB+pE9ZPJMYZLGUolCBwqTiHmOAJYYzgNE+7k2KZG","privKey":"iLdxTPjEC3fx1QOa+EYkdSZbo23psI1Dj5RGtCriyUM="},"lastRemoteEphemeralKey":"BTtoAqMa5l0Sc8Ruc3FEAWlIP1H9D+QTn8P0331IWj81","previousCounter":0,"rootKey":"jc2+y1O57Kgv4KtwMWBTuEjAkydUyF3IoHKENebI6K0="},"indexInfo":{"baseKey":"BX/3LNGrFY+ZKrpiZPbqUfwy2SB6p6FLJbWuD/v/ISpb","baseKeyType":1,"closed":-1,"used":1748739258270,"created":1748739258270,"remoteIdentityKey":"BVueKpJi3v4nKg2YeQ+3pRMmePE/ejaGd/1iL4mQMoVo"},"_chains":{"BfxEB+pE9ZPJMYZLGUolCBwqTiHmOAJYYzgNE+7k2KZG":{"chainKey":{"counter":0,"key":"/4pDGqMbCsjSZgMoiLDiBsQMC/D0z0p25tng5Rs9Gns="},"chainType":1,"messageKeys":{}}},"pendingPreKey":{"signedKeyId":4917120,"baseKey":"BX/3LNGrFY+ZKrpiZPbqUfwy2SB6p6FLJbWuD/v/ISpb","preKeyId":3737}}},"version":"v1"}