{"_sessions":{"BdIn24lyoZW8J+toF/YA36r/r1WSB0yWO5l/4QfYkU8R":{"registrationId":1966578225,"currentRatchet":{"ephemeralKeyPair":{"pubKey":"Bbcms86slHU7FiiCuiyFJe8hrqomJya7WJ11cZ0a0zgd","privKey":"4K/JTXCsIRnimrpUIQ/6n/EbTjUFkfKqmOZkxM5gA1s="},"lastRemoteEphemeralKey":"BXgmzzEB9bNuQxuFjMGyOEfdfnFU5PiFWEWgj5ThamUA","previousCounter":0,"rootKey":"+Xm/5hZqdrEGHO0VUV8bw3lud32aGhBJN5bwPZULhRk="},"indexInfo":{"baseKey":"BdIn24lyoZW8J+toF/YA36r/r1WSB0yWO5l/4QfYkU8R","baseKeyType":1,"closed":-1,"used":1748739258218,"created":1748739258218,"remoteIdentityKey":"Ba31aYw/sOW7oHa6dtlXhmcaipBNT/lFy4juEw9EvmA5"},"_chains":{"Bbcms86slHU7FiiCuiyFJe8hrqomJya7WJ11cZ0a0zgd":{"chainKey":{"counter":0,"key":"pl3cJIF5Cro/dmkp8mJH5e8oXvi7nfJmZR4nduxetws="},"chainType":1,"messageKeys":{}}},"pendingPreKey":{"signedKeyId":6,"baseKey":"BdIn24lyoZW8J+toF/YA36r/r1WSB0yWO5l/4QfYkU8R","preKeyId":5404936}}},"version":"v1"}