{"_sessions":{"BaOSj9MUT3vrGFarD9dghOReJCxJP1YTya5cyjMDnjYs":{"registrationId":5075,"currentRatchet":{"ephemeralKeyPair":{"pubKey":"BXvW1alx+vmJedtm45sWn+k5d3DY7ZIV2YyQUkHr59V8","privKey":"+JrjjumGnJDX20AU+T1kRhxxUwmEcByOqdHs9a3eb0k="},"lastRemoteEphemeralKey":"BUg2zLJ78GKD8Ab0cjww0vLxz+LCI0t8p2Rz3Qry8lIf","previousCounter":0,"rootKey":"v5OQ7CVXitZPef+SdAiQ1iIBZZOIQUmReZcTmYZ0p8o="},"indexInfo":{"baseKey":"BaOSj9MUT3vrGFarD9dghOReJCxJP1YTya5cyjMDnjYs","baseKeyType":1,"closed":-1,"used":1748739256128,"created":1748739256128,"remoteIdentityKey":"BQTK+T9fIUNQnuGkUh8SfoiLczBcH1foyEMp7urLzQtO"},"_chains":{"BXvW1alx+vmJedtm45sWn+k5d3DY7ZIV2YyQUkHr59V8":{"chainKey":{"counter":0,"key":"po5/ndyA7yUZC92l2ghYXCfsUlf7ne3yxhALvb8/5BA="},"chainType":1,"messageKeys":{}}},"pendingPreKey":{"signedKeyId":1,"baseKey":"BaOSj9MUT3vrGFarD9dghOReJCxJP1YTya5cyjMDnjYs","preKeyId":1774}}},"version":"v1"}