{"_sessions":{"BUHbkq+CqOz2eN8fpDrpgysMnIAMiTZvjIgYAtNKRoZ/":{"registrationId":1961260724,"currentRatchet":{"ephemeralKeyPair":{"pubKey":"BQXO8ZHFseoGDDTcK66Uk8udoGokkJIT5Fv9VcfabK9s","privKey":"aMSpPOJfylkIDRCsxi4H+QWfRfXlSaWIQEY7xIWz3m4="},"lastRemoteEphemeralKey":"BYUNFNmz7Euor656/Ok3Th2jQ0weLVReQDVo+b3JYB07","previousCounter":0,"rootKey":"YFJxWURQKM2Py/sBOSvdagKRNoKfHTbNgxusKQjoTW8="},"indexInfo":{"baseKey":"BUHbkq+CqOz2eN8fpDrpgysMnIAMiTZvjIgYAtNKRoZ/","baseKeyType":1,"closed":-1,"used":1748739258098,"created":1748739258098,"remoteIdentityKey":"BRytn24AZlW98zRfNfmwKDmSJT9Zj55rylDNW5LQkZZk"},"_chains":{"BQXO8ZHFseoGDDTcK66Uk8udoGokkJIT5Fv9VcfabK9s":{"chainKey":{"counter":0,"key":"wKMxW5p6590b8rVo2EppOZEdHVqtidU0VR57H+17XD4="},"chainType":1,"messageKeys":{}}},"pendingPreKey":{"signedKeyId":9,"baseKey":"BUHbkq+CqOz2eN8fpDrpgysMnIAMiTZvjIgYAtNKRoZ/","preKeyId":3739823}}},"version":"v1"}