{"_sessions":{"BXahCB8EIEup4DAJu24SG1ViqgldWucdtVNVoHJR0vc5":{"registrationId":1914676429,"currentRatchet":{"ephemeralKeyPair":{"pubKey":"BQvdWESOmnxxFuLXeaoRljelj9Ku1p7+zKCAu/a/mgs8","privKey":"6MnBj/9VdyE7QGZP2eE7PlVgFN2LSYaPv534zxpI2Fo="},"lastRemoteEphemeralKey":"BQLUSlvh3/E3FcB/vE4m5oNAhLDZzoj1v3UdvoxF/PoA","previousCounter":0,"rootKey":"5gI3X0cMqy1HaVGxC1WCO3kKTSZsGT+QA9v5cfGPaBo="},"indexInfo":{"baseKey":"BXahCB8EIEup4DAJu24SG1ViqgldWucdtVNVoHJR0vc5","baseKeyType":1,"closed":-1,"used":1748739260299,"created":1748739260299,"remoteIdentityKey":"BVCrMyLz+nj/+LbAsaPT5mJqFHEzWnn20v6i5p6k83IK"},"_chains":{"BQvdWESOmnxxFuLXeaoRljelj9Ku1p7+zKCAu/a/mgs8":{"chainKey":{"counter":0,"key":"doSoMx+OqkHkV3zyCPT2hTnH5WMhssxP0/+Go9ohs30="},"chainType":1,"messageKeys":{}}},"pendingPreKey":{"signedKeyId":0,"baseKey":"BXahCB8EIEup4DAJu24SG1ViqgldWucdtVNVoHJR0vc5"}}},"version":"v1"}