{"_sessions":{"BSxYounky18OzuRmV2YA2REhya/1LGFkS8E950oHSX0+":{"registrationId":1166924449,"currentRatchet":{"ephemeralKeyPair":{"pubKey":"BbF0NS9EVTnD1EWLnYQ8G7nkvfoZbOXqienHrAEGkSoV","privKey":"OF/t8r+mqakq42q22XXDxuRyJcXLPYjxTwLRKePu238="},"lastRemoteEphemeralKey":"BWmiDcXUGyZg8QeQyOIstUAHTY0jsBSwpSMyxHDTeyQ6","previousCounter":0,"rootKey":"vEalD2tPby4FIV+fGsJ3qcSoK01rkdvpDC6R0TqGJwQ="},"indexInfo":{"baseKey":"BSxYounky18OzuRmV2YA2REhya/1LGFkS8E950oHSX0+","baseKeyType":1,"closed":-1,"used":1748739260334,"created":1748739260334,"remoteIdentityKey":"BaCXmenz5u/9JLezeG0M91DeUhzhOhHnzQlhUMt1GxBO"},"_chains":{"BbF0NS9EVTnD1EWLnYQ8G7nkvfoZbOXqienHrAEGkSoV":{"chainKey":{"counter":0,"key":"ZEIrSrg/sjl8iUh5oXVb+WVRjtvqVvRuCpZQTD7DCsM="},"chainType":1,"messageKeys":{}}},"pendingPreKey":{"signedKeyId":7,"baseKey":"BSxYounky18OzuRmV2YA2REhya/1LGFkS8E950oHSX0+","preKeyId":5991296}}},"version":"v1"}