{"_sessions":{"Bb1piBBaEUqdZhOAvYP6QVEjbqeg7NOrgHsj39srjgJs":{"registrationId":1739976408,"currentRatchet":{"ephemeralKeyPair":{"pubKey":"Bf+gVzDFLzHajWtl7EDRwQsKILql84SHPRWW1e9lu0Ao","privKey":"oPVdC8hZKq4i4KMQxKhVHvwfolybs4KMdAsWeqnj9k0="},"lastRemoteEphemeralKey":"BQZDwabAeyA9sKw7LqBV0vfh0iPmzX9ui6i2wv8EYisq","previousCounter":0,"rootKey":"a0+Jqmd4eSR1+YqsuUJn6dNS9OBFnk9FsNFLS6TsTNE="},"indexInfo":{"baseKey":"Bb1piBBaEUqdZhOAvYP6QVEjbqeg7NOrgHsj39srjgJs","baseKeyType":1,"closed":-1,"used":1748739256137,"created":1748739256137,"remoteIdentityKey":"BflzvvkTcz77WI2a+i3r9MklKJyA0GpkjDjLE6qpU8o8"},"_chains":{"Bf+gVzDFLzHajWtl7EDRwQsKILql84SHPRWW1e9lu0Ao":{"chainKey":{"counter":0,"key":"TT0TjNruY0FsSLX8rZWKXfyafrPk3PuYtzweimIHcB0="},"chainType":1,"messageKeys":{}}},"pendingPreKey":{"signedKeyId":1,"baseKey":"Bb1piBBaEUqdZhOAvYP6QVEjbqeg7NOrgHsj39srjgJs","preKeyId":526}}},"version":"v1"}