{"_sessions":{"BcaWBCmwXbVwG4TUdcEFmfhzxeDsjuSiTOVsN0iqKSNg":{"registrationId":16136,"currentRatchet":{"ephemeralKeyPair":{"pubKey":"BQjL1eDQE55xeRdSsTTCUnEmDkBgqOq47k7W/xV0XZ8W","privKey":"ENf686eiub3Cp7xjNi/6HsPtGPtb3+6EqNvM82Xp+mk="},"lastRemoteEphemeralKey":"BdKqTApIGhU6qCugrnYIZ9BfrvYN9bR/PdAJmIP2CyQm","previousCounter":0,"rootKey":"aaZLnkaB8h5neWeeftmpjjnWg63LklzqytRbxfEDZWo="},"indexInfo":{"baseKey":"BcaWBCmwXbVwG4TUdcEFmfhzxeDsjuSiTOVsN0iqKSNg","baseKeyType":1,"closed":-1,"used":1748739256111,"created":1748739256111,"remoteIdentityKey":"BennPzVM7BOO70QdXxP9xWeRXjlm7s5h1QRmzHLdNdwE"},"_chains":{"BQjL1eDQE55xeRdSsTTCUnEmDkBgqOq47k7W/xV0XZ8W":{"chainKey":{"counter":0,"key":"Cu/SN8Q3XHLZN1wLfh1RCjegn8zPPwx0vMryrQGQDIo="},"chainType":1,"messageKeys":{}}},"pendingPreKey":{"signedKeyId":1,"baseKey":"BcaWBCmwXbVwG4TUdcEFmfhzxeDsjuSiTOVsN0iqKSNg","preKeyId":1237}}},"version":"v1"}