{"_sessions":{"BY3JtpNSfrf89MGsOnoGNPmcBSwHV/ox2WR0G1UYKZ96":{"registrationId":672699156,"currentRatchet":{"ephemeralKeyPair":{"pubKey":"BS7vEh20cv8Y3JJpPLMTq0oze35DuZDlptjl8pDv6CtA","privKey":"gOmZ+3HDpAsv+pQy52bLUUGWcfHNiQs6I9lmhfOpZm8="},"lastRemoteEphemeralKey":"Benlg9jHOsUWGm4qgBjU+M0SghaOfhrQEi056KdsyAQc","previousCounter":0,"rootKey":"g/0Dy1Jc+0GZm1lHY3xgMpDWyDjMrwsBfmVSfLFMNZ0="},"indexInfo":{"baseKey":"BY3JtpNSfrf89MGsOnoGNPmcBSwHV/ox2WR0G1UYKZ96","baseKeyType":1,"closed":-1,"used":1748739258261,"created":1748739258261,"remoteIdentityKey":"BVm/vIljpMfzqkLfvbdcaYCkVisDDoj1BxsxmyLF5lVX"},"_chains":{"BS7vEh20cv8Y3JJpPLMTq0oze35DuZDlptjl8pDv6CtA":{"chainKey":{"counter":0,"key":"IJR1rZuRGkGUBlP6d0+X+y6jZFudlvtGmEgGU1HGepM="},"chainType":1,"messageKeys":{}}},"pendingPreKey":{"signedKeyId":0,"baseKey":"BY3JtpNSfrf89MGsOnoGNPmcBSwHV/ox2WR0G1UYKZ96","preKeyId":10821731}}},"version":"v1"}