{"_sessions":{"Bb44EhZXjU4DlxcTpBnxKYSl73zbmb4nG2KPrDXHqZoL":{"registrationId":1358364820,"currentRatchet":{"ephemeralKeyPair":{"pubKey":"Bb+H7CXwJ2PIP29Uz09VW3S0gFkYiUBpzzydCUXcUFlB","privKey":"AP1deaW241uPnFwQ7LSwUQgIgkvtazGWS6lVN1v9L1w="},"lastRemoteEphemeralKey":"BZBZK7YHaiHxMmgzpbkvJHeWX3wROQ13kuDELa/LThcg","previousCounter":0,"rootKey":"fjqNDV8sooz0hstoCIJCFntQ2+AgWMt4srmEbvnxzlw="},"indexInfo":{"baseKey":"Bb44EhZXjU4DlxcTpBnxKYSl73zbmb4nG2KPrDXHqZoL","baseKeyType":1,"closed":-1,"used":1748739260598,"created":1748739260598,"remoteIdentityKey":"BcMi2HnVXJjt6NDjJ8NJV5KE1U4GSzyHLIn69hdZKFo7"},"_chains":{"Bb+H7CXwJ2PIP29Uz09VW3S0gFkYiUBpzzydCUXcUFlB":{"chainKey":{"counter":0,"key":"IG27P5aePiTRtxpNj0KZm6ynq4yDkKFqRUyxMnmLZJ8="},"chainType":1,"messageKeys":{}}},"pendingPreKey":{"signedKeyId":1,"baseKey":"Bb44EhZXjU4DlxcTpBnxKYSl73zbmb4nG2KPrDXHqZoL","preKeyId":9384089}}},"version":"v1"}