{"_sessions":{"BUC2vwT0yah+t2d2cyLGUYIVq7tWZpvLeibAVYgeTak4":{"registrationId":8205,"currentRatchet":{"ephemeralKeyPair":{"pubKey":"BUIZJzsIxnka2+YBBEXfM466113JI27Pth2Wg3ukyglT","privKey":"QBoSoAFV1kVVLXJQdq/dhRB6m3O1qoig4Uwp2n03Dkk="},"lastRemoteEphemeralKey":"BRI5f1HMdcc7Bj524W68YVVoy8LCUhXafBTWTIRtpe9h","previousCounter":0,"rootKey":"CjCJisr/Xdul8Qjv4sL48IUxSu3TYuCyQSctGSMJvWE="},"indexInfo":{"baseKey":"BUC2vwT0yah+t2d2cyLGUYIVq7tWZpvLeibAVYgeTak4","baseKeyType":1,"closed":-1,"used":1748739256142,"created":1748739256142,"remoteIdentityKey":"BTbXmWwfEBoHWP0dmuVnRhtQ6zFQLkx9SIHUHveBZP0J"},"_chains":{"BUIZJzsIxnka2+YBBEXfM466113JI27Pth2Wg3ukyglT":{"chainKey":{"counter":0,"key":"kAykhqflw9W6Xzh6sg5boZH9OhX36pQ+DEQx+lll6MU="},"chainType":1,"messageKeys":{}}},"pendingPreKey":{"signedKeyId":1,"baseKey":"BUC2vwT0yah+t2d2cyLGUYIVq7tWZpvLeibAVYgeTak4","preKeyId":1041}}},"version":"v1"}