{"_sessions":{"BeAEJOjnb/roNSXABY3SmEqIsSQkaqMAr4/IrsQKVMUe":{"registrationId":546223404,"currentRatchet":{"ephemeralKeyPair":{"pubKey":"BWiq1JcglIOQDkrVzPVlQAPl1pTXAXpJucbg0yk8WYoj","privKey":"OA6ODv077oxuKZyLxKiRY4Qoo76pcSg8Q94ueHuyLmM="},"lastRemoteEphemeralKey":"BbbpDdINvkrzcfH2Jf+OmvphxW9uigFdkywP3ZwY/vYL","previousCounter":0,"rootKey":"nCNXznqZhApyHsdRddTFTLlhz/T62OTmQiEEGbssg2s="},"indexInfo":{"baseKey":"BeAEJOjnb/roNSXABY3SmEqIsSQkaqMAr4/IrsQKVMUe","baseKeyType":1,"closed":-1,"used":1748739260130,"created":1748739260130,"remoteIdentityKey":"BfDGchx24QZR8U3aEte+TvHMxFC/fdgpBGvXDsTL3uAS"},"_chains":{"BWiq1JcglIOQDkrVzPVlQAPl1pTXAXpJucbg0yk8WYoj":{"chainKey":{"counter":0,"key":"yFD1MC6hgjPrCA1dTpOmZgA3TsZFWbUQCd1poyjGZ54="},"chainType":1,"messageKeys":{}}},"pendingPreKey":{"signedKeyId":1,"baseKey":"BeAEJOjnb/roNSXABY3SmEqIsSQkaqMAr4/IrsQKVMUe","preKeyId":11468094}}},"version":"v1"}