{"_sessions":{"BVsYNLfZIaQ2R+8twKXogzbFoZDg6rwonwFtyRPZ1fx+":{"registrationId":1694522066,"currentRatchet":{"ephemeralKeyPair":{"pubKey":"BTuRwEPh/Ed4LL3FN5USGbM0QJkU2MAyQ54sRPuamocP","privKey":"+LdEiPykSufbznNiwsA+psmJwElS0JW8OjAjOwMVDlE="},"lastRemoteEphemeralKey":"BfN1+nY9S4BROJlSwtRK9SUMo/70zrbMt1qRLKeuV8xN","previousCounter":0,"rootKey":"NHNYNqXvJhAO6qIDZEtUcevTMKpNwxzQDPtWJijbjxw="},"indexInfo":{"baseKey":"BVsYNLfZIaQ2R+8twKXogzbFoZDg6rwonwFtyRPZ1fx+","baseKeyType":1,"closed":-1,"used":1748739256190,"created":1748739256190,"remoteIdentityKey":"BdhyzOJinnTSMEsv1s9csz+nwAY4a+tAAyR1FK8y+toc"},"_chains":{"BTuRwEPh/Ed4LL3FN5USGbM0QJkU2MAyQ54sRPuamocP":{"chainKey":{"counter":0,"key":"pb+eWXUxqsqZZWL7PtHE0swfKXU5202OuYj8LnLr3tU="},"chainType":1,"messageKeys":{}}},"pendingPreKey":{"signedKeyId":1,"baseKey":"BVsYNLfZIaQ2R+8twKXogzbFoZDg6rwonwFtyRPZ1fx+"}}},"version":"v1"}