{"_sessions":{"BXqxwgRKA5IRJZmp7zg5nrEu2UsyviSmKKNEzEAY5PJc":{"registrationId":1881960320,"currentRatchet":{"ephemeralKeyPair":{"pubKey":"BfK20UtzW+CxjGgNAG/WcNtw6I1JskJAjYt2T8aCe1QT","privKey":"gGm4eX77cDdBuuehb805HZAyJEBgblgKh8Pw4ZdNS0g="},"lastRemoteEphemeralKey":"BWeK107bUMbqwI5NL/cg04MDBCt4QvJYOOw+A9cJkhNF","previousCounter":0,"rootKey":"FEb5V5iHB1Xss93zYU37s7MkYDX0yr2F6flYa5sykIY="},"indexInfo":{"baseKey":"BXqxwgRKA5IRJZmp7zg5nrEu2UsyviSmKKNEzEAY5PJc","baseKeyType":1,"closed":-1,"used":1748739258237,"created":1748739258237,"remoteIdentityKey":"BQeEEtCk2eRSRpNGawFIb313pH1Pq0R1wfv9nQJ3wJ1Q"},"_chains":{"BfK20UtzW+CxjGgNAG/WcNtw6I1JskJAjYt2T8aCe1QT":{"chainKey":{"counter":0,"key":"dDdqVSJxIiLcLLxiORaslv6R0IZUj2AHV2HrnXSE4N4="},"chainType":1,"messageKeys":{}}},"pendingPreKey":{"signedKeyId":10,"baseKey":"BXqxwgRKA5IRJZmp7zg5nrEu2UsyviSmKKNEzEAY5PJc","preKeyId":1472198}}},"version":"v1"}