{"_sessions":{"BSLvLUW4g1x3eyOkg1ybuE6gIU+GxiceDrbpjDdiAnV7":{"registrationId":856615355,"currentRatchet":{"ephemeralKeyPair":{"pubKey":"BbABkXF3+KQdKoMqaM1b86JJ6ERHBGBGhW7FmWG1yq8t","privKey":"OGr/aHiWRmxiazZq4TxfypGBa9djNWuTIlUV0Er6ZlQ="},"lastRemoteEphemeralKey":"BfZqNLHaNULIs7KnT3dfkhoUg+dNzfZLflmG9hozgVZs","previousCounter":0,"rootKey":"t/FLXCVbOt8KjaxrKZjR5f2svoBnMLEIf0bYGb4wkK8="},"indexInfo":{"baseKey":"BSLvLUW4g1x3eyOkg1ybuE6gIU+GxiceDrbpjDdiAnV7","baseKeyType":1,"closed":-1,"used":1748739258128,"created":1748739258128,"remoteIdentityKey":"BdZAHj1JO6ZIBUu/ZmtSpSze+CJDuPXhPgVQyBgFDcIZ"},"_chains":{"BbABkXF3+KQdKoMqaM1b86JJ6ERHBGBGhW7FmWG1yq8t":{"chainKey":{"counter":0,"key":"lfThBM3n7S1RfQYCAhSmdLRhcznaeflO8z1MIvl3E78="},"chainType":1,"messageKeys":{}}},"pendingPreKey":{"signedKeyId":14222821,"baseKey":"BSLvLUW4g1x3eyOkg1ybuE6gIU+GxiceDrbpjDdiAnV7","preKeyId":7907}}},"version":"v1"}