{"_sessions":{"BRjojdbENLoC8JAzLNYvworTRosp+z5ngtl8tQlhnJ0K":{"registrationId":15755,"currentRatchet":{"ephemeralKeyPair":{"pubKey":"BYoufbcU86+Suj54mhvFrR3FBq/0uVtSDWEYhEqiBI5B","privKey":"yFUv+12BTz5JJuwEwVMjahkkMthvjN/DynU9M2aIXXQ="},"lastRemoteEphemeralKey":"BTeVuUo9vqAOpOQl9NhiltQkKUcFLzyEMOqZi8T9Qpln","previousCounter":0,"rootKey":"8SA+Ecx1nZvulfavrzDlXTIBwf9UCrP/LDWYhBqxXqg="},"indexInfo":{"baseKey":"BRjojdbENLoC8JAzLNYvworTRosp+z5ngtl8tQlhnJ0K","baseKeyType":1,"closed":-1,"used":1748739256082,"created":1748739256082,"remoteIdentityKey":"BTOqiuZlTpfS6nBK7QBvxxkLn6mni/ylCl7dHROpo/EP"},"_chains":{"BYoufbcU86+Suj54mhvFrR3FBq/0uVtSDWEYhEqiBI5B":{"chainKey":{"counter":0,"key":"AwUpzFBYY5hUtpBwhTIj6uS5X0XDLw9Xrs6X78DKb3Y="},"chainType":1,"messageKeys":{}}},"pendingPreKey":{"signedKeyId":1,"baseKey":"BRjojdbENLoC8JAzLNYvworTRosp+z5ngtl8tQlhnJ0K","preKeyId":487}}},"version":"v1"}