{"_sessions":{"Bb+ExobB5/GTkxekx0bmsr/nh2KsqaMMRtRtWu3TSXx6":{"registrationId":3496,"currentRatchet":{"ephemeralKeyPair":{"pubKey":"Bbhs7VkW8hj7+rQyVjL4Qln0sbGxW1+ScqyDCyLxEZQw","privKey":"4NnMpGkXR3Tle7dA5PxurE5s8bPefeEPe2nP5F1+kUg="},"lastRemoteEphemeralKey":"BTRytvKSbvU3scOHKiirX3d5en/Su2HBiFvIZtc3m2d2","previousCounter":0,"rootKey":"3PewfzfRKmEAXhA0I1+TC+OB42P1+9JPqhJ2fFDt5jM="},"indexInfo":{"baseKey":"Bb+ExobB5/GTkxekx0bmsr/nh2KsqaMMRtRtWu3TSXx6","baseKeyType":1,"closed":-1,"used":1748739256149,"created":1748739256149,"remoteIdentityKey":"BcdBy7K1HebFaI9Qxgs5rvqugP18KUIfGCi+Uzj2BE9i"},"_chains":{"Bbhs7VkW8hj7+rQyVjL4Qln0sbGxW1+ScqyDCyLxEZQw":{"chainKey":{"counter":0,"key":"lcfDd2C5DXvzxMhXUU2LCpVemyYT10xe1f1Ia+Myqzo="},"chainType":1,"messageKeys":{}}},"pendingPreKey":{"signedKeyId":1,"baseKey":"Bb+ExobB5/GTkxekx0bmsr/nh2KsqaMMRtRtWu3TSXx6"}}},"version":"v1"}