{"_sessions":{"Bbw8EBwqNV2VJYsuY1kLJJS15cmFlbOUycg3r5DZ0C1d":{"registrationId":377961818,"currentRatchet":{"ephemeralKeyPair":{"pubKey":"BevujA+L/R6/qsoYIsO++rUkW4oS/Y6ipO3tDxpU6utV","privKey":"yKjobAsylafICx8nEkkOw7R9QJs5zbH7YMQrRsJzrlA="},"lastRemoteEphemeralKey":"BW/w4bHg0vYVaurk4MgQLiQ+1Smg077PAvsYtSeD025K","previousCounter":0,"rootKey":"t1J3b6zOYqYwJeMZA3pD6Iu1qITfatVpKv3aDBrMlqc="},"indexInfo":{"baseKey":"Bbw8EBwqNV2VJYsuY1kLJJS15cmFlbOUycg3r5DZ0C1d","baseKeyType":1,"closed":-1,"used":1748739260344,"created":1748739260344,"remoteIdentityKey":"BTsy5yvxIZNmgXDCdaBEOQ1SVHivfdKBq8eRKRPEX8Eh"},"_chains":{"BevujA+L/R6/qsoYIsO++rUkW4oS/Y6ipO3tDxpU6utV":{"chainKey":{"counter":0,"key":"WN6/yYHhdEBhm/FaNdiXv8BnyuNlYeWYv0oW8iWtdPc="},"chainType":1,"messageKeys":{}}},"pendingPreKey":{"signedKeyId":2,"baseKey":"Bbw8EBwqNV2VJYsuY1kLJJS15cmFlbOUycg3r5DZ0C1d","preKeyId":15229812}}},"version":"v1"}