{"_sessions":{"BU3OPKo/3m5vdBAPfhdIzrC0DCmSRjxLUByDxAu9aH0A":{"registrationId":199201107,"currentRatchet":{"ephemeralKeyPair":{"pubKey":"BUKChYLaEldOGeMv5jyplYHRAyzk6XS28TM2nXITXqVu","privKey":"sAzW0ETfgzZfXrnbCGJvFVnzexu0CdlWurL5GdHkL0A="},"lastRemoteEphemeralKey":"BR71XI/SGZBaKJ792Gc5sRxZmoW33Z9Z8cNTBFHTfeN5","previousCounter":0,"rootKey":"moNA29z2gsN6HT2a/py/iGM6o1IFec7qZulDb2z8Sig="},"indexInfo":{"baseKey":"BU3OPKo/3m5vdBAPfhdIzrC0DCmSRjxLUByDxAu9aH0A","baseKeyType":1,"closed":-1,"used":1748739256251,"created":1748739256251,"remoteIdentityKey":"BTI4QJh5Z2+gGgDOM9tAaTZAfsnhTLsUB+EcsSNW4ZVA"},"_chains":{"BUKChYLaEldOGeMv5jyplYHRAyzk6XS28TM2nXITXqVu":{"chainKey":{"counter":0,"key":"jzKQ9MmrFOC1u5VEJAwcM/ZMfJBpkQs+Au7J6ILAxLI="},"chainType":1,"messageKeys":{}}},"pendingPreKey":{"signedKeyId":16,"baseKey":"BU3OPKo/3m5vdBAPfhdIzrC0DCmSRjxLUByDxAu9aH0A","preKeyId":8494975}}},"version":"v1"}