[
  { "name": "afghanistan", "emoji": "🇦🇫" },
  { "name": "albania", "emoji": "🇦🇱" },
  { "name": "algeria", "emoji": "🇩🇿" },
  { "name": "andorra", "emoji": "🇦🇩" },
  { "name": "angola", "emoji": "🇦🇴" },
  { "name": "antigua e barbuda", "emoji": "🇦🇬" },
  { "name": "arabia saudita", "emoji": "🇸🇦" },
  { "name": "argentina", "emoji": "🇦🇷" },
  { "name": "armenia", "emoji": "🇦🇲" },
  { "name": "australia", "emoji": "🇦🇺" },
  { "name": "austria", "emoji": "🇦🇹" },
  { "name": "azerbaigian", "emoji": "🇦🇿" },
  { "name": "bahamas", "emoji": "🇧🇸" },
  { "name": "bahrein", "emoji": "🇧🇭" },
  { "name": "bangladesh", "emoji": "🇧🇩" },
  { "name": "barbados", "emoji": "🇧🇧" },
  { "name": "belgio", "emoji": "🇧🇪" },
  { "name": "belize", "emoji": "🇧🇿" },
  { "name": "benin", "emoji": "🇧🇯" },
  { "name": "bhutan", "emoji": "🇧🇹" },
  { "name": "bielorussia", "emoji": "🇧🇾" },
  { "name": "birmania", "emoji": "🇲🇲" },
  { "name": "bolivia", "emoji": "🇧🇴" },
  { "name": "bosnia ed erzegovina", "emoji": "🇧🇦" },
  { "name": "botswana", "emoji": "🇧🇼" },
  { "name": "brasile", "emoji": "🇧🇷" },
  { "name": "brunei", "emoji": "🇧🇳" },
  { "name": "bulgaria", "emoji": "🇧🇬" },
  { "name": "burkina faso", "emoji": "🇧🇫" },
  { "name": "burundi", "emoji": "🇧🇮" },
  { "name": "cambogia", "emoji": "🇰🇭" },
  { "name": "camerun", "emoji": "🇨🇲" },
  { "name": "canada", "emoji": "🇨🇦" },
  { "name": "capo verde", "emoji": "🇨🇻" },
  { "name": "ciad", "emoji": "🇹🇩" },
  { "name": "cile", "emoji": "🇨🇱" },
  { "name": "cina", "emoji": "🇨🇳" },
  { "name": "cipro", "emoji": "🇨🇾" },
  { "name": "colombia", "emoji": "🇨🇴" },
  { "name": "comore", "emoji": "🇰🇲" },
  { "name": "corea del nord", "emoji": "🇰🇵" },
  { "name": "corea del sud", "emoji": "🇰🇷" },
  { "name": "costa d'avorio", "emoji": "🇨🇮" },
  { "name": "costa rica", "emoji": "🇨🇷" },
  { "name": "croazia", "emoji": "🇭🇷" },
  { "name": "cuba", "emoji": "🇨🇺" },
  { "name": "danimarca", "emoji": "🇩🇰" },
  { "name": "dominica", "emoji": "🇩🇲" },
  { "name": "ecuador", "emoji": "🇪🇨" },
  { "name": "egitto", "emoji": "🇪🇬" },
  { "name": "el salvador", "emoji": "🇸🇻" },
  { "name": "emirati arabi uniti", "emoji": "🇦🇪" },
  { "name": "eritrea", "emoji": "🇪🇷" },
  { "name": "estonia", "emoji": "🇪🇪" },
  { "name": "etiopia", "emoji": "🇪🇹" },
  { "name": "filippine", "emoji": "🇵🇭" },
  { "name": "finlandia", "emoji": "🇫🇮" },
  { "name": "francia", "emoji": "🇫🇷" },
  { "name": "gabon", "emoji": "🇬🇦" },
  { "name": "gambia", "emoji": "🇬🇲" },
  { "name": "ghana", "emoji": "🇬🇭" },
  { "name": "giamaica", "emoji": "🇯🇲" },
  { "name": "guadalupe", "emoji": "🇬🇺" },
  { "name": "guatemala", "emoji": "🇬🇹" },
  { "name": "guinea", "emoji": "🇬🇳" },
  { "name": "guinea equatoriale", "emoji": "🇬🇶" },
  { "name": "guinea-bissau", "emoji": "🇬🇼" },
  { "name": "guyana", "emoji": "🇬🇾" },
  { "name": "haiti", "emoji": "🇭🇹" },
  { "name": "honduras", "emoji": "🇭🇳" },
  { "name": "hong kong", "emoji": "🇭🇰" },
  { "name": "india", "emoji": "🇮🇳" },
  { "name": "indonesia", "emoji": "🇮🇩" },
  { "name": "irlanda", "emoji": "🇮🇪" },
  { "name": "islanda", "emoji": "🇮🇸" },
  { "name": "isole faroe", "emoji": "🇫🇴" },
  { "name": "isole falkland", "emoji": "🇫🇰" },
  { "name": "isole solomon", "emoji": "🇸🇧" },
  { "name": "isole vergini britanniche", "emoji": "🇻🇬" },
  { "name": "israele", "emoji": "🇮🇱" },
  { "name": "italia", "emoji": "🇮🇹" },
  { "name": "jamaica", "emoji": "🇯🇲" },
  { "name": "jordania", "emoji": "🇯🇴" },
  { "name": "kenya", "emoji": "🇰🇪" },
  { "name": "kiribati", "emoji": "🇰🇮" },
  { "name": "kossovo", "emoji": "🇽🇰" },
  { "name": "kuwait", "emoji": "🇰🇼" },
  { "name": "laos", "emoji": "🇱🇦" },
  { "name": "lesotho", "emoji": "🇱🇸" },
  { "name": "lettonia", "emoji": "🇱🇻" },
  { "name": "libano", "emoji": "🇱🇧" },
  { "name": "liberia", "emoji": "🇱🇷" },
  { "name": "libia", "emoji": "🇱🇾" },
  { "name": "liechtenstein", "emoji": "🇱🇮" },
  { "name": "lituania", "emoji": "🇱🇹" },
  { "name": "lusaka", "emoji": "🇿🇲" },
  { "name": "macedonia del nord", "emoji": "🇲🇰" },
  { "name": "madagascar", "emoji": "🇲🇬" },
  { "name": "malawi", "emoji": "🇲🇼" },
  { "name": "malaysia", "emoji": "🇲🇾" },
  { "name": "maldiva", "emoji": "🇲🇻" },
  { "name": "mali", "emoji": "🇲🇱" },
  { "name": "malta", "emoji": "🇲🇹" },
  { "name": "marocco", "emoji": "🇲🇦" },
  { "name": "martinica", "emoji": "🇲🇶" },
  { "name": "mauritania", "emoji": "🇲🇷" },
  { "name": "mauritius", "emoji": "🇲🇺" },
  { "name": "messico", "emoji": "🇲🇽" },
  { "name": "micronesia", "emoji": "🇫🇲" },
  { "name": "moldavia", "emoji": "🇲🇩" },
  { "name": "monaco", "emoji": "🇲🇨" },
  { "name": "mongolia", "emoji": "🇲🇳" },
  { "name": "mozambico", "emoji": "🇲🇿" },
  { "name": "namibia", "emoji": "🇳🇦" },
  { "name": "nicaragua", "emoji": "🇳🇮" },
  { "name": "niger", "emoji": "🇳🇪" },
  { "name": "nigeria", "emoji": "🇳🇬" },
  { "name": "niue", "emoji": "🇳🇺" },
  { "name": "norvegia", "emoji": "🇳🇴" },
  { "name": "nuova zelanda", "emoji": "🇳🇿" },
  { "name": "oman", "emoji": "🇴🇲" },
  { "name": "paesi bassi", "emoji": "🇳🇱" },
  { "name": "palau", "emoji": "🇵🇼" },
  { "name": "panama", "emoji": "🇵🇦" },
  { "name": "papua nuova guinea", "emoji": "🇵🇬" },
  { "name": "paraguay", "emoji": "🇵🇾" },
  { "name": "perù", "emoji": "🇵🇪" },
  { "name": "polonia", "emoji": "🇵🇱" },
  { "name": "portogallo", "emoji": "🇵🇹" },
  { "name": "porto rico", "emoji": "🇵🇷" },
  { "name": "qatar", "emoji": "🇶🇦" },
  { "name": "romania", "emoji": "🇷🇴" },
  { "name": "ruanda", "emoji": "🇷🇼" },
  { "name": "russia", "emoji": "🇷🇺" },
  { "name": "saint kitts e nevis", "emoji": "🇰🇳" },
  { "name": "saint lucia", "emoji": "🇱🇨" },
  { "name": "saint vincent e grenadine", "emoji": "🇻🇨" },
  { "name": "salomone", "emoji": "🇸🇧" },
  { "name": "samoa", "emoji": "🇼🇸" },
  { "name": "san marino", "emoji": "🇸🇲" },
  { "name": "sao tome e principe", "emoji": "🇸🇹" },
  { "name": "senegal", "emoji": "🇸🇳" },
  { "name": "serbia", "emoji": "🇷🇸" },
  { "name": "seychelles", "emoji": "🇸🇨" },
  { "name": "sierra leone", "emoji": "🇸🇱" },
  { "name": "singapore", "emoji": "🇸🇬" },
  { "name": "siria", "emoji": "🇸🇾" },
  { "name": "slovacchia", "emoji": "🇸🇰" },
  { "name": "slovenia", "emoji": "🇸🇮" },
  { "name": "somalia", "emoji": "🇸🇴" },
  { "name": "sri lanka", "emoji": "🇱🇰" },
  { "name": "stati uniti", "emoji": "🇺🇸" },
  { "name": "sudan", "emoji": "🇸🇩" },
  { "name": "sudan del sud", "emoji": "🇸🇸" },
  { "name": "suriname", "emoji": "🇸🇷" },
  { "name": "svezia", "emoji": "🇸🇪" },
  { "name": "swaziland", "emoji": "🇸🇿" },
  { "name": "svizzera", "emoji": "🇨🇭" },
  { "name": "tagikistan", "emoji": "🇹🇯" },
  { "name": "taiwan", "emoji": "🇹🇼" },
  { "name": "tanzania", "emoji": "🇹🇿" },
  { "name": "thailandia", "emoji": "🇹🇭" },
  { "name": "timor est", "emoji": "🇹🇱" },
  { "name": "togo", "emoji": "🇹🇬" },
  { "name": "tonga", "emoji": "🇹🇴" },
  { "name": "trinidad e tobago", "emoji": "🇹🇹" },
  { "name": "tunisia", "emoji": "🇹🇳" },
  { "name": "turkmenistan", "emoji": "🇹🇲" },
  { "name": "turchia", "emoji": "🇹🇷" },
  { "name": "tuvalu", "emoji": "🇹🇻" },
  { "name": "uganda", "emoji": "🇺🇬" },
  { "name": "uruguay", "emoji": "🇺🇾" },
  { "name": "uzbekistan", "emoji": "🇺🇿" },
  { "name": "vanuatu", "emoji": "🇻🇺" },
  { "name": "venezuela", "emoji": "🇻🇪" },
  { "name": "vietnam", "emoji": "🇻🇳" },
  { "name": "yemen", "emoji": "🇾🇪" },
  { "name": "zambia", "emoji": "🇿🇲" },
  { "name": "zimbabwe", "emoji": "🇿🇼" }
]